CAD_commit,pair,grid,frequency_MHz,Sdd11_dB,Scd21_dB,insertion_loss_dB
8826733f6bac66601fcc5b53ac91cfe502fe35e8,A,main,1,-80.1485296817763,-103.55647382273654,0.00048115347860611937
8826733f6bac66601fcc5b53ac91cfe502fe35e8,A,main,2,-74.13827324941532,-97.80049904301757,0.00048116075569603153
8826733f6bac66601fcc5b53ac91cfe502fe35e8,A,main,3,-70.61839119214173,-94.32948420528787,0.00048117291200547817
8826733f6bac66601fcc5b53ac91cfe502fe35e8,A,main,4,-68.12032624524832,-91.8486174841064,0.0004811899892593835
8826733f6bac66601fcc5b53ac91cfe502fe35e8,A,main,5,-66.18248690706548,-89.91871246867765,0.00048121204587418467
8826733f6bac66601fcc5b53ac91cfe502fe35e8,A,main,6,-64.59909238250845,-88.33958042699349,0.0004812391569153999
8826733f6bac66601fcc5b53ac91cfe502fe35e8,A,main,7,-63.26033128569273,-87.00333527435566,0.00048127141412656016
8826733f6bac66601fcc5b53ac91cfe502fe35e8,A,main,8,-62.10064259975865,-85.8452222431413,0.0004813089258694188
8826733f6bac66601fcc5b53ac91cfe502fe35e8,A,main,9,-61.077732896461264,-84.8233336520412,0.00048135181712780973
8826733f6bac66601fcc5b53ac91cfe502fe35e8,A,main,10,-60.16272218927034,-83.90899288130015,0.000481400229473895
8826733f6bac66601fcc5b53ac91cfe502fe35e8,A,main,11,-59.335010411902324,-83.08171532084289,0.00048145432103634223
8826733f6bac66601fcc5b53ac91cfe502fe35e8,A,main,12,-58.579386627362595,-82.3263595275507,0.0004815142664887529
8826733f6bac66601fcc5b53ac91cfe502fe35e8,A,main,13,-57.88429913764106,-81.63141766216198,0.00048158025698697934
8826733f6bac66601fcc5b53ac91cfe502fe35e8,A,main,14,-57.24076842034317,-80.98793898932058,0.00048165250015273244
8826733f6bac66601fcc5b53ac91cfe502fe35e8,A,main,15,-56.64167597248374,-80.38882453471942,0.0004817312200340439
8826733f6bac66601fcc5b53ac91cfe502fe35e8,A,main,16,-56.08128311676409,-79.82834924756459,0.0004818166570281181
8826733f6bac66601fcc5b53ac91cfe502fe35e8,A,main,17,-55.55489593234444,-79.30182894953064,0.0004819090678880853
8826733f6bac66601fcc5b53ac91cfe502fe35e8,A,main,18,-55.05862609740839,-78.80538243393926,0.0004820087256159584
8826733f6bac66601fcc5b53ac91cfe502fe35e8,A,main,19,-54.58921647511416,-78.33575785843496,0.00048211591946263567
8826733f6bac66601fcc5b53ac91cfe502fe35e8,A,main,20,-54.14391148664913,-77.8902036499311,0.00048223095483146655
8826733f6bac66601fcc5b53ac91cfe502fe35e8,A,main,21,-53.72035914219615,-77.46637089461964,0.0004823541532271425
8826733f6bac66601fcc5b53ac91cfe502fe35e8,A,main,22,-53.316535882440746,-77.06223842704492,0.0004824858522065183
8826733f6bac66601fcc5b53ac91cfe502fe35e8,A,main,23,-52.93068813995005,-76.6760545654168,0.00048262640529567907
8826733f6bac66601fcc5b53ac91cfe502fe35e8,A,main,24,-52.56128634649802,-76.30629124325912,0.0004827761819291895
8826733f6bac66601fcc5b53ac91cfe502fe35e8,A,main,25,-52.20698833507658,-75.9516075016686,0.0004829355673748769
8826733f6bac66601fcc5b53ac91cfe502fe35e8,A,main,26,-51.86660992390382,-75.61082013975,0.0004831049626537931
8826733f6bac66601fcc5b53ac91cfe502fe35e8,A,main,27,-51.539101054833594,-75.28287990257172,0.0004832847844717498
8826733f6bac66601fcc5b53ac91cfe502fe35e8,A,main,28,-51.223526273289686,-74.96685199848255,0.0004834754651277083
8826733f6bac66601fcc5b53ac91cfe502fe35e8,A,main,29,-50.91904863500116,-74.66190003438497,0.0004836774524298855
8826733f6bac66601fcc5b53ac91cfe502fe35e8,A,main,30,-50.62491634206723,-74.36727267378198,0.0004838912096157176
8826733f6bac66601fcc5b53ac91cfe502fe35e8,A,main,31,-50.34045157106707,-74.08229248199206,0.00048411721524867945
8826733f6bac66601fcc5b53ac91cfe502fe35e8,A,main,32,-50.06504107542304,-73.80634654191195,0.0004843559631266764
8826733f6bac66601fcc5b53ac91cfe502fe35e8,A,main,33,-49.798128234270195,-73.53887851355489,0.0004846079621991173
8826733f6bac66601fcc5b53ac91cfe502fe35e8,A,main,34,-49.53920628861204,-73.27938187861962,0.0004848737364376963
8826733f6bac66601fcc5b53ac91cfe502fe35e8,A,main,35,-49.28781255817324,-73.02739416418399,0.00048515382477082585
8826733f6bac66601fcc5b53ac91cfe502fe35e8,A,main,36,-49.04352347311226,-72.78249197988764,0.0004854487809303109
8826733f6bac66601fcc5b53ac91cfe502fe35e8,A,main,37,-48.80595028659134,-72.54428673498573,0.00048575917338867554
8826733f6bac66601fcc5b53ac91cfe502fe35e8,A,main,38,-48.57473535920682,-72.31242092643078,0.0004860855852212695
8826733f6bac66601fcc5b53ac91cfe502fe35e8,A,main,39,-48.34954892613481,-72.08656490903279,0.00048642861399248366
8826733f6bac66601fcc5b53ac91cfe502fe35e8,A,main,40,-48.13008627362969,-71.86641407444355,0.000486788871646789
8826733f6bac66601fcc5b53ac91cfe502fe35e8,A,main,41,-47.91606526421429,-71.65168637841265,0.0004871669843708454
8826733f6bac66601fcc5b53ac91cfe502fe35e8,A,main,42,-47.70722416012853,-71.44212016597537,0.0004875635924941852
8826733f6bac66601fcc5b53ac91cfe502fe35e8,A,main,43,-47.50331970291511,-71.23747225249575,0.0004879793503416796
8826733f6bac66601fcc5b53ac91cfe502fe35e8,A,main,44,-47.30412541380077,-71.0375162252395,0.0004884149261216878
8826733f6bac66601fcc5b53ac91cfe502fe35e8,A,main,45,-47.109430085098,-70.8420409358641,0.000488871001761166
8826733f6bac66601fcc5b53ac91cfe502fe35e8,A,main,46,-46.91903643742532,-70.6508491584441,0.000489348272820821
8826733f6bac66601fcc5b53ac91cfe502fe35e8,A,main,47,-46.73275992134664,-70.4637563919371,0.0004898474483128626
8826733f6bac66601fcc5b53ac91cfe502fe35e8,A,main,48,-46.55042764518367,-70.28058978858002,0.000490369250586263
8826733f6bac66601fcc5b53ac91cfe502fe35e8,A,main,49,-46.37187741338484,-70.101187192838,0.0004909144151637988
8826733f6bac66601fcc5b53ac91cfe502fe35e8,A,main,50,-46.196956862050975,-69.92539627740985,0.0004914836906273132
8826733f6bac66601fcc5b53ac91cfe502fe35e8,A,main,51,-46.02552268006761,-69.75307376473138,0.0004920778384229349
8826733f6bac66601fcc5b53ac91cfe502fe35e8,A,main,52,-45.85743990587127,-69.58408472413737,0.0004926976327569511
8826733f6bac66601fcc5b53ac91cfe502fe35e8,A,main,53,-45.692581291201144,-69.41830193591733,0.0004933438604135653
8826733f6bac66601fcc5b53ac91cfe502fe35e8,A,main,54,-45.53082672432555,-69.25560531477953,0.0004940173206131626
8826733f6bac66601fcc5b53ac91cfe502fe35e8,A,main,55,-45.37206270619079,-69.09588138626232,0.0004947188248319977
8826733f6bac66601fcc5b53ac91cfe502fe35e8,A,main,56,-45.21618187377256,-68.93902281030502,0.0004954491966701067
8826733f6bac66601fcc5b53ac91cfe502fe35e8,A,main,57,-45.06308256561412,-68.78492794691525,0.0004962092716681051
8826733f6bac66601fcc5b53ac91cfe502fe35e8,A,main,58,-44.91266842515097,-68.63350045971154,0.0004969998971577423
8826733f6bac66601fcc5b53ac91cfe502fe35e8,A,main,59,-44.76484803794288,-68.48464895325178,0.0004978219320652022
8826733f6bac66601fcc5b53ac91cfe502fe35e8,A,main,60,-44.61953459939582,-68.33828664090251,0.0004986762467597307
8826733f6bac66601fcc5b53ac91cfe502fe35e8,A,main,61,-44.476645609948704,-68.19433104012813,0.0004995637228858704
8826733f6bac66601fcc5b53ac91cfe502fe35e8,A,main,62,-44.33610259504395,-68.05270369256242,0.0005004852531783376
8826733f6bac66601fcc5b53ac91cfe502fe35e8,A,main,63,-44.197830847504484,-67.9133299064618,0.0005014417412778663
8826733f6bac66601fcc5b53ac91cfe502fe35e8,A,main,64,-44.06175919019802,-67.77613851946454,0.0005024341015566953
8826733f6bac66601fcc5b53ac91cfe502fe35e8,A,main,65,-43.92781975710047,-67.64106167971707,0.0005034632589537026
8826733f6bac66601fcc5b53ac91cfe502fe35e8,A,main,66,-43.79594779107648,-67.50803464369446,0.0005045301487593923
8826733f6bac66601fcc5b53ac91cfe502fe35e8,A,main,67,-43.66608145686413,-67.3769955892761,0.0005056357164481385
8826733f6bac66601fcc5b53ac91cfe502fe35e8,A,main,68,-43.538161667914764,-67.24788544261196,0.0005067809174814982
8826733f6bac66601fcc5b53ac91cfe502fe35e8,A,main,69,-43.41213192587282,-67.1206477176425,0.000507966717124064
8826733f6bac66601fcc5b53ac91cfe502fe35e8,A,main,70,-43.28793817160709,-66.99522836719953,0.0005091940902477453
8826733f6bac66601fcc5b53ac91cfe502fe35e8,A,main,71,-43.165528646805235,-66.87157564460605,0.0005104640211292995
8826733f6bac66601fcc5b53ac91cfe502fe35e8,A,main,72,-43.04485376525104,-66.7496399749947,0.0005117775032642607
8826733f6bac66601fcc5b53ac91cfe502fe35e8,A,main,73,-42.92586599297695,-66.62937383549735,0.0005131355391606178
8826733f6bac66601fcc5b53ac91cfe502fe35e8,A,main,74,-42.808519736572464,-66.51073164357685,0.0005145391401459945
8826733f6bac66601fcc5b53ac91cfe502fe35e8,A,main,75,-42.692771238988136,-66.39366965285073,0.0005159893261410787
8826733f6bac66601fcc5b53ac91cfe502fe35e8,A,main,76,-42.578578482240744,-66.27814585581609,0.0005174871254909159
8826733f6bac66601fcc5b53ac91cfe502fe35e8,A,main,77,-42.46590109647805,-66.16411989294394,0.0005190335747373774
8826733f6bac66601fcc5b53ac91cfe502fe35e8,A,main,78,-42.354700274911785,-66.0515529676338,0.00052062971840706
8826733f6bac66601fcc5b53ac91cfe502fe35e8,A,main,79,-42.244938694166734,-65.94040776654934,0.0005222766088155817
8826733f6bac66601fcc5b53ac91cfe502fe35e8,A,main,80,-42.13658043964344,-65.83064838504158,0.0005239753058284824
8826733f6bac66601fcc5b53ac91cfe502fe35e8,A,main,81,-42.029590935513326,-65.72224025711655,0.0005257268766925263
8826733f6bac66601fcc5b53ac91cfe502fe35e8,A,main,82,-41.92393687901162,-65.61515008976104,0.0005275323957802101
8826733f6bac66601fcc5b53ac91cfe502fe35e8,A,main,83,-41.819586178711816,-65.50934580123034,0.0005293929443853879
8826733f6bac66601fcc5b53ac91cfe502fe35e8,A,main,84,-41.71650789649541,-65.40479646301442,0.0005313096105188949
8826733f6bac66601fcc5b53ac91cfe502fe35e8,A,main,85,-41.614672192958366,-65.30147224526783,0.0005332834886627065
8826733f6bac66601fcc5b53ac91cfe502fe35e8,A,main,86,-41.5140502760065,-65.19934436540667,0.000535315679581961
8826733f6bac66601fcc5b53ac91cfe502fe35e8,A,main,87,-41.414614352427144,-65.09838503968903,0.0005374072900665844
8826733f6bac66601fcc5b53ac91cfe502fe35e8,A,main,88,-41.31633758222296,-64.99856743755784,0.000539559432724029
8826733f6bac66601fcc5b53ac91cfe502fe35e8,A,main,89,-41.21919403553087,-64.89986563855945,0.0005417732257700853
8826733f6bac66601fcc5b53ac91cfe502fe35e8,A,main,90,-41.1231586519444,-64.8022545916852,0.0005440497927666535
8826733f6bac66601fcc5b53ac91cfe502fe35e8,A,main,91,-41.02820720208519,-64.70571007693633,0.0005463902624318476
8826733f6bac66601fcc5b53ac91cfe502fe35e8,A,main,92,-40.93431625127422,-64.61020866900975,0.0005487957683710188
8826733f6bac66601fcc5b53ac91cfe502fe35e8,A,main,93,-40.84146312516613,-64.51572770292297,0.0005512674488820402
8826733f6bac66601fcc5b53ac91cfe502fe35e8,A,main,94,-40.749625877222556,-64.42224524150619,0.0005538064467094803
8826733f6bac66601fcc5b53ac91cfe502fe35e8,A,main,95,-40.65878325790551,-64.32974004459764,0.0005564139087978132
8826733f6bac66601fcc5b53ac91cfe502fe35e8,A,main,96,-40.5689146854846,-64.23819153984498,0.0005590909860860999
8826733f6bac66601fcc5b53ac91cfe502fe35e8,A,main,97,-40.48000021835546,-64.1475797950398,0.0005618388332457706
8826733f6bac66601fcc5b53ac91cfe502fe35e8,A,main,98,-40.392020528779675,-64.05788549184116,0.0005646586084647019
8826733f6bac66601fcc5b53ac91cfe502fe35e8,A,main,99,-40.304956877956776,-63.969089900876604,0.0005675514731975391
8826733f6bac66601fcc5b53ac91cfe502fe35e8,A,main,100,-40.21879109234802,-63.881174858048446,0.0005705185919391675
8826733f6bac66601fcc5b53ac91cfe502fe35e8,A,main,101,-40.13350554117977,-63.794122742048025,0.0005735611319779313
8826733f6bac66601fcc5b53ac91cfe502fe35e8,A,main,102,-40.04908311505477,-63.70791645296309,0.0005766802631527131
8826733f6bac66601fcc5b53ac91cfe502fe35e8,A,main,103,-39.9655072056058,-63.62253939193568,0.000579877157629301
8826733f6bac66601fcc5b53ac91cfe502fe35e8,A,main,104,-39.8827616861329,-63.537975441814474,0.0005831529896372187
8826733f6bac66601fcc5b53ac91cfe502fe35e8,A,main,105,-39.80083089316743,-63.454208948692695,0.0005865089352518819
8826733f6bac66601fcc5b53ac91cfe502fe35e8,A,main,106,-39.719699608909174,-63.37122470436934,0.00058994617213143
8826733f6bac66601fcc5b53ac91cfe502fe35e8,A,main,107,-39.639353044488736,-63.28900792960948,0.0005934658792824919
8826733f6bac66601fcc5b53ac91cfe502fe35e8,A,main,108,-39.559776824007564,-63.207544258173165,0.0005970692368327019
8826733f6bac66601fcc5b53ac91cfe502fe35e8,A,main,109,-39.4809569693142,-63.12681972160729,0.0006007574257521054
8826733f6bac66601fcc5b53ac91cfe502fe35e8,A,main,110,-39.40287988547539,-63.04682073471335,0.0006045316276372507
8826733f6bac66601fcc5b53ac91cfe502fe35e8,A,main,111,-39.3255323469051,-62.967534081671424,0.0006083930244557419
8826733f6bac66601fcc5b53ac91cfe502fe35e8,A,main,112,-39.248901484113944,-62.88894690278721,0.00061234279830333
8826733f6bac66601fcc5b53ac91cfe502fe35e8,A,main,113,-39.17297477104972,-62.811046681860326,0.0006163821311648618
8826733f6bac66601fcc5b53ac91cfe502fe35e8,A,main,114,-39.09774001299474,-62.73382123403965,0.0006205122046520858
8826733f6bac66601fcc5b53ac91cfe502fe35e8,A,main,115,-39.02318533499009,-62.657258694288565,0.0006247341997752115
8826733f6bac66601fcc5b53ac91cfe502fe35e8,A,main,116,-38.949299170764206,-62.581347506289376,0.0006290492966836092
8826733f6bac66601fcc5b53ac91cfe502fe35e8,A,main,117,-38.87607025213331,-62.5060764118451,0.0006334586744257986
8826733f6bac66601fcc5b53ac91cfe502fe35e8,A,main,118,-38.80348759885557,-62.43143444074622,0.0006379635107007586
8826733f6bac66601fcc5b53ac91cfe502fe35e8,A,main,119,-38.731540508911294,-62.357410901041135,0.0006425649816188811
8826733f6bac66601fcc5b53ac91cfe502fe35e8,A,main,120,-38.66021854919134,-62.28399536973306,0.0006472642614494255
8826733f6bac66601fcc5b53ac91cfe502fe35e8,A,main,121,-38.58951154657088,-62.211177683839914,0.0006520625223650776
8826733f6bac66601fcc5b53ac91cfe502fe35e8,A,main,122,-38.519409579350665,-62.138947931854176,0.0006569609342115864
8826733f6bac66601fcc5b53ac91cfe502fe35e8,A,main,123,-38.44990296904824,-62.06729644551273,0.0006619606642571466
8826733f6bac66601fcc5b53ac91cfe502fe35e8,A,main,124,-38.380982272520924,-61.996213791942,0.0006670628769321392
8826733f6bac66601fcc5b53ac91cfe502fe35e8,A,main,125,-38.31263827440527,-61.925690766082184,0.0006722687336103393
8826733f6bac66601fcc5b53ac91cfe502fe35e8,A,main,126,-38.24486197985718,-61.855718383433064,0.0006775793923312986
8826733f6bac66601fcc5b53ac91cfe502fe35e8,A,main,127,-38.17764460758,-61.786287873077555,0.000682996007585411
8826733f6bac66601fcc5b53ac91cfe502fe35e8,A,main,128,-38.11097758312582,-61.717390670989445,0.0006885197300411161
8826733f6bac66601fcc5b53ac91cfe502fe35e8,A,main,129,-38.04485253245624,-61.64901841358191,0.000694151706331895
8826733f6bac66601fcc5b53ac91cfe502fe35e8,A,main,130,-37.97926127575323,-61.58116293154307,0.0006998930787709356
8826733f6bac66601fcc5b53ac91cfe502fe35e8,A,main,131,-37.91419582146598,-61.51381624384854,0.0007057449851535585
8826733f6bac66601fcc5b53ac91cfe502fe35e8,A,main,132,-37.84964836058539,-61.446970552059064,0.0007117085584689884
8826733f6bac66601fcc5b53ac91cfe502fe35e8,A,main,133,-37.78561126113281,-61.38061823480972,0.000717784926691207
8826733f6bac66601fcc5b53ac91cfe502fe35e8,A,main,134,-37.7220770628567,-61.3147518424865,0.000723975212534121
8826733f6bac66601fcc5b53ac91cfe502fe35e8,A,main,135,-37.65903847212591,-61.24936409214341,0.0007302805331768344
8826733f6bac66601fcc5b53ac91cfe502fe35e8,A,main,136,-37.59648835701143,-61.18444786256532,0.0007367020000699302
8826733f6bac66601fcc5b53ac91cfe502fe35e8,A,main,137,-37.534419742547804,-61.11999618953324,0.0007432407186588102
8826733f6bac66601fcc5b53ac91cfe502fe35e8,A,main,138,-37.472825806167684,-61.05600226127112,0.0007498977881610442
8826733f6bac66601fcc5b53ac91cfe502fe35e8,A,main,139,-37.411699873300606,-60.99245941402185,0.0007566743013311784
8826733f6bac66601fcc5b53ac91cfe502fe35e8,A,main,140,-37.35103541312966,-60.929361127824286,0.0007635713442043262
8826733f6bac66601fcc5b53ac91cfe502fe35e8,A,main,141,-37.290826034499204,-60.8667010224115,0.0007705899958985881
8826733f6bac66601fcc5b53ac91cfe502fe35e8,A,main,142,-37.23106548196721,-60.8044728532503,0.0007777313283133123
8826733f6bac66601fcc5b53ac91cfe502fe35e8,A,main,143,-37.17174763199564,-60.74267050776562,0.0007849964059768399
8826733f6bac66601fcc5b53ac91cfe502fe35e8,A,main,144,-37.11286648927456,-60.68128800161793,0.0007923862857389751
8826733f6bac66601fcc5b53ac91cfe502fe35e8,A,main,145,-37.0544161831722,-60.62031947519206,0.0007999020165772589
8826733f6bac66601fcc5b53ac91cfe502fe35e8,A,main,146,-36.99639096430796,-60.55975919014717,0.0008075446393752691
8826733f6bac66601fcc5b53ac91cfe502fe35e8,A,main,147,-36.93878520124196,-60.499601526112976,0.0008153151866507719
8826733f6bac66601fcc5b53ac91cfe502fe35e8,A,main,148,-36.881593377276765,-60.43984097749365,0.0008232146823687388
8826733f6bac66601fcc5b53ac91cfe502fe35e8,A,main,149,-36.82481008736693,-60.380472150369044,0.0008312441416849244
8826733f6bac66601fcc5b53ac91cfe502fe35e8,A,main,150,-36.76843003513149,-60.32148975951331,0.0008394045707473064
8826733f6bac66601fcc5b53ac91cfe502fe35e8,A,comparison,1,-81.8290583684689,-102.16420091636321,0.0004924655819470771
8826733f6bac66601fcc5b53ac91cfe502fe35e8,A,comparison,2,-75.81530069631245,-96.99307549769854,0.0004924188804062699
8826733f6bac66601fcc5b53ac91cfe502fe35e8,A,comparison,3,-72.29477528915172,-93.64855431376021,0.0004923410730836612
8826733f6bac66601fcc5b53ac91cfe502fe35e8,A,comparison,4,-69.79649279318977,-91.2135671486119,0.0004922322028835185
8826733f6bac66601fcc5b53ac91cfe502fe35e8,A,comparison,5,-67.85856122865603,-89.30519014585423,0.0004920923298349736
8826733f6bac66601fcc5b53ac91cfe502fe35e8,A,comparison,6,-66.27512560565972,-87.73782889876637,0.0004919215310978061
8826733f6bac66601fcc5b53ac91cfe502fe35e8,A,comparison,7,-64.93634910881633,-86.40870522796304,0.0004917199009518306
8826733f6bac66601fcc5b53ac91cfe502fe35e8,A,comparison,8,-63.7766600975554,-85.25522197749204,0.0004914875507824256
8826733f6bac66601fcc5b53ac91cfe502fe35e8,A,comparison,9,-62.753760068007935,-84.23650911205169,0.0004912246090390606
8826733f6bac66601fcc5b53ac91cfe502fe35e8,A,comparison,10,-61.838766360293874,-83.32443889316197,0.0004909312212391448
8826733f6bac66601fcc5b53ac91cfe502fe35e8,A,comparison,11,-61.01107739144959,-82.49883903921949,0.0004906075499149802
8826733f6bac66601fcc5b53ac91cfe502fe35e8,A,comparison,12,-60.25548131208723,-81.74475640910725,0.0004902537746002504
8826733f6bac66601fcc5b53ac91cfe502fe35e8,A,comparison,13,-59.56042584866395,-81.05080214913436,0.0004898700917769711
8826733f6bac66601fcc5b53ac91cfe502fe35e8,A,comparison,14,-58.91693110122729,-80.40810369367102,0.0004894567148677643
8826733f6bac66601fcc5b53ac91cfe502fe35e8,A,comparison,15,-58.317878310818266,-79.8096151359156,0.0004890138741529102
8826733f6bac66601fcc5b53ac91cfe502fe35e8,A,comparison,16,-57.757528621660455,-79.249648475313,0.0004885418167664789
8826733f6bac66601fcc5b53ac91cfe502fe35e8,A,comparison,17,-57.23118798543179,-78.72354603536141,0.0004880408066317026
8826733f6bac66601fcc5b53ac91cfe502fe35e8,A,comparison,18,-56.73496798733006,-78.2274459714555,0.00048751112439924323
8826733f6bac66601fcc5b53ac91cfe502fe35e8,A,comparison,19,-56.26561142143559,-77.75811085329251,0.00048695306740860223
8826733f6bac66601fcc5b53ac91cfe502fe35e8,A,comparison,20,-55.82036265678597,-77.31280001440267,0.00048636694964181566
8826733f6bac66601fcc5b53ac91cfe502fe35e8,A,comparison,21,-55.396869663630156,-76.889172917912,0.0004857531016173566
8826733f6bac66601fcc5b53ac91cfe502fe35e8,A,comparison,22,-54.99310885168824,-76.48521491863409,0.0004851118703872258
8826733f6bac66601fcc5b53ac91cfe502fe35e8,A,comparison,23,-54.60732662924845,-76.09917947145587,0.00048444361942699574
8826733f6bac66601fcc5b53ac91cfe502fe35e8,A,comparison,24,-54.23799340885984,-75.72954260120106,0.0004837487285808227
8826733f6bac66601fcc5b53ac91cfe502fe35e8,A,comparison,25,-53.88376700816333,-75.3749666404433,0.000483027593986208
8826733f6bac66601fcc5b53ac91cfe502fe35e8,A,comparison,26,-53.543463233024696,-75.03427106079477,0.00048228062800357863
8826733f6bac66601fcc5b53ac91cfe502fe35e8,A,comparison,27,-53.216032015297294,-74.70640879574331,0.0004815082591227239
8826733f6bac66601fcc5b53ac91cfe502fe35e8,A,comparison,28,-52.90053789226354,-74.39044685976566,0.0004807109319078057
8826733f6bac66601fcc5b53ac91cfe502fe35e8,A,comparison,29,-52.59614391299844,-74.085550361317,0.00047988910687775594
8826733f6bac66601fcc5b53ac91cfe502fe35e8,A,comparison,30,-52.30209827414469,-73.79096922073107,0.00047904326043971283
8826733f6bac66601fcc5b53ac91cfe502fe35e8,A,comparison,31,-52.01772314779886,-73.50602706203898,0.0004781738847925629
8826733f6bac66601fcc5b53ac91cfe502fe35e8,A,comparison,32,-51.742405283697614,-73.23011186534764,0.0004772814878256595
8826733f6bac66601fcc5b53ac91cfe502fe35e8,A,comparison,33,-51.47558805794979,-72.96266805524708,0.0004763665930368292
8826733f6bac66601fcc5b53ac91cfe502fe35e8,A,comparison,34,-51.216764709079285,-72.70318976850349,0.0004754297394175884
8826733f6bac66601fcc5b53ac91cfe502fe35e8,A,comparison,35,-50.96547255478935,-72.45121509624549,0.00047447148134607575
8826733f6bac66601fcc5b53ac91cfe502fe35e8,A,comparison,36,-50.721288023605084,-72.20632113616671,0.0004734923885040929
8826733f6bac66601fcc5b53ac91cfe502fe35e8,A,comparison,37,-50.483822367380355,-71.96811972172713,0.00047249304573531857
8826733f6bac66601fcc5b53ac91cfe502fe35e8,A,comparison,38,-50.25271794568464,-71.7362537202344,0.00047147405295463443
8826733f6bac66601fcc5b53ac91cfe502fe35e8,A,comparison,39,-50.02764499290697,-71.5103938111744,0.00047043602503044833
8826733f6bac66601fcc5b53ac91cfe502fe35e8,A,comparison,40,-49.80829879472222,-71.29023567201473,0.00046937959165737383
8826733f6bac66601fcc5b53ac91cfe502fe35e8,A,comparison,41,-49.59439721325444,-71.07549751110777,0.00046830539724144636
8826733f6bac66601fcc5b53ac91cfe502fe35e8,A,comparison,42,-49.38567851050279,-70.86591789757323,0.0004672141007708742
8826733f6bac66601fcc5b53ac91cfe502fe35e8,A,comparison,43,-49.18189942790663,-70.66125384627877,0.00046610637569836216
8826733f6bac66601fcc5b53ac91cfe502fe35e8,A,comparison,44,-48.98283348671457,-70.46127912282171,0.00046498290980221866
8826733f6bac66601fcc5b53ac91cfe502fe35e8,A,comparison,45,-48.78826947936854,-70.26578273873142,0.0004638444050542138
8826733f6bac66601fcc5b53ac91cfe502fe35e8,A,comparison,46,-48.59801012671471,-70.07456761200348,0.0004626915774884028
8826733f6bac66601fcc5b53ac91cfe502fe35e8,A,comparison,47,-48.41187087963274,-69.8874493715355,0.0004615251570709129
8826733f6bac66601fcc5b53ac91cfe502fe35e8,A,comparison,48,-48.22967884683983,-69.70425528729191,0.0004603458875224772
8826733f6bac66601fcc5b53ac91cfe502fe35e8,A,comparison,49,-48.05127183325202,-69.52482331075365,0.0004591545262354773
8826733f6bac66601fcc5b53ac91cfe502fe35e8,A,comparison,50,-47.876497475503854,-69.34900121221487,0.0004579518440636889
8826733f6bac66601fcc5b53ac91cfe502fe35e8,A,comparison,51,-47.7052124630761,-69.176645803428,0.0004567386252258242
8826733f6bac66601fcc5b53ac91cfe502fe35e8,A,comparison,52,-47.537281835055396,-69.00762223569158,0.00045551566711649457
8826733f6bac66601fcc5b53ac91cfe502fe35e8,A,comparison,53,-47.3725783438845,-68.84180336475967,0.0004542837801769659
8826733f6bac66601fcc5b53ac91cfe502fe35e8,A,comparison,54,-47.21098187858368,-68.67906917507854,0.0004530437877215519
8826733f6bac66601fcc5b53ac91cfe502fe35e8,A,comparison,55,-47.05237894089645,-68.51930625678204,0.0004517965257871552
8826733f6bac66601fcc5b53ac91cfe502fe35e8,A,comparison,56,-46.896662168638706,-68.36240732984973,0.0004505428429664121
8826733f6bac66601fcc5b53ac91cfe502fe35e8,A,comparison,57,-46.74372990123522,-68.20827081026957,0.0004492836002543422
8826733f6bac66601fcc5b53ac91cfe502fe35e8,A,comparison,58,-46.593485783040336,-68.05680041401342,0.0004480196708602789
8826733f6bac66601fcc5b53ac91cfe502fe35e8,A,comparison,59,-46.44583840057016,-67.90790479473516,0.0004467519400718791
8826733f6bac66601fcc5b53ac91cfe502fe35e8,A,comparison,60,-46.300700950222186,-67.76149721198637,0.0004454813050400536
8826733f6bac66601fcc5b53ac91cfe502fe35e8,A,comparison,61,-46.157990933459956,-67.61749522681558,0.00044420867464683533
8826733f6bac66601fcc5b53ac91cfe502fe35e8,A,comparison,62,-46.01762987678416,-67.4758204220767,0.00044293496930284917
8826733f6bac66601fcc5b53ac91cfe502fe35e8,A,comparison,63,-45.87954307410591,-67.33639814514375,0.0004416611207766074
8826733f6bac66601fcc5b53ac91cfe502fe35e8,A,comparison,64,-45.74365934941157,-67.19915727087694,0.00044038807200741164
8826733f6bac66601fcc5b53ac91cfe502fe35e8,A,comparison,65,-45.60991083782672,-67.06402998291331,0.00043911677694525827
8826733f6bac66601fcc5b53ac91cfe502fe35e8,A,comparison,66,-45.47823278339267,-66.93095157169097,0.0004378482003377053
8826733f6bac66601fcc5b53ac91cfe502fe35e8,A,comparison,67,-45.348563352052835,-66.7998602476477,0.0004365833175437416
8826733f6bac66601fcc5b53ac91cfe502fe35e8,A,comparison,68,-45.22084345849099,-66.6706969682217,0.00043532311437176845
8826733f6bac66601fcc5b53ac91cfe502fe35e8,A,comparison,69,-45.095016605611605,-66.54340527753818,0.000434068586853932
8826733f6bac66601fcc5b53ac91cfe502fe35e8,A,comparison,70,-44.97102873556854,-66.4179311575245,0.0004328207410792854
8826733f6bac66601fcc5b53ac91cfe502fe35e8,A,comparison,71,-44.84882809136154,-66.2942228896987,0.000431580592984519
8826733f6bac66601fcc5b53ac91cfe502fe35e8,A,comparison,72,-44.72836508811095,-66.17223092654615,0.0004303491681495143
8826733f6bac66601fcc5b53ac91cfe502fe35e8,A,comparison,73,-44.60959219321175,-66.0519077717724,0.00042912750160350695
8826733f6bac66601fcc5b53ac91cfe502fe35e8,A,comparison,74,-44.49246381464039,-65.93320786871048,0.0004279166376428248
8826733f6bac66601fcc5b53ac91cfe502fe35e8,A,comparison,75,-44.376936196758756,-65.81608749623175,0.00042671762959655026
8826733f6bac66601fcc5b53ac91cfe502fe35e8,A,comparison,76,-44.262967323019126,-65.70050467151935,0.0004255315396326885
8826733f6bac66601fcc5b53ac91cfe502fe35e8,A,comparison,77,-44.15051682502927,-65.58641905920192,0.00042435943855180036
8826733f6bac66601fcc5b53ac91cfe502fe35e8,A,comparison,78,-44.0395458974845,-65.473791886357,0.00042320240559317403
8826733f6bac66601fcc5b53ac91cfe502fe35e8,A,comparison,79,-43.93001721851653,-65.36258586292834,0.0004220615281812063
8826733f6bac66601fcc5b53ac91cfe502fe35e8,A,comparison,80,-43.82189487505662,-65.25276510713618,0.0004209379017605094
8826733f6bac66601fcc5b53ac91cfe502fe35e8,A,comparison,81,-43.715144292829976,-65.14429507550896,0.0004198326295606192
8826733f6bac66601fcc5b53ac91cfe502fe35e8,A,comparison,82,-43.60973217064913,-65.03714249725486,0.0004187468223616699
8826733f6bac66601fcc5b53ac91cfe502fe35e8,A,comparison,83,-43.505626418687385,-64.93127531255475,0.00041768159830539637
8826733f6bac66601fcc5b53ac91cfe502fe35e8,A,comparison,84,-43.40279610044986,-64.82666261455478,0.0004166380826820281
8826733f6bac66601fcc5b53ac91cfe502fe35e8,A,comparison,85,-43.30121137817797,-64.72327459484744,0.00041561740765353795
8826733f6bac66601fcc5b53ac91cfe502fe35e8,A,comparison,86,-43.200843461447114,-64.62108249207219,0.0004146207121147965
8826733f6bac66601fcc5b53ac91cfe502fe35e8,A,comparison,87,-43.101664558735266,-64.52005854350439,0.0004136491413917503
8826733f6bac66601fcc5b53ac91cfe502fe35e8,A,comparison,88,-43.00364783175966,-64.42017593945428,0.0004127038470640057
8826733f6bac66601fcc5b53ac91cfe502fe35e8,A,comparison,89,-42.90676735239416,-64.32140878016496,0.00041178598672280184
8826733f6bac66601fcc5b53ac91cfe502fe35e8,A,comparison,90,-42.81099806199168,-64.22373203519261,0.0004108967237434512
8826733f6bac66601fcc5b53ac91cfe502fe35e8,A,comparison,91,-42.71631573295552,-64.12712150498449,0.0004100372270558531
8826733f6bac66601fcc5b53ac91cfe502fe35e8,A,comparison,92,-42.6226969324114,-64.03155378455479,0.0004092086709101878
8826733f6bac66601fcc5b53ac91cfe502fe35e8,A,comparison,93,-42.53011898784025,-63.93700622915595,0.00040841223466479246
8826733f6bac66601fcc5b53ac91cfe502fe35e8,A,comparison,94,-42.43855995455357,-63.8434569217631,0.00040764910252099956
8826733f6bac66601fcc5b53ac91cfe502fe35e8,A,comparison,95,-42.347998584885154,-63.7508846422707,0.0004069204633196962
8826733f6bac66601fcc5b53ac91cfe502fe35e8,A,comparison,96,-42.25841429899844,-63.659268838319456,0.0004062275102838812
8826733f6bac66601fcc5b53ac91cfe502fe35e8,A,comparison,97,-42.16978715720586,-63.56858959763134,0.00040557144080076326
8826733f6bac66601fcc5b53ac91cfe502fe35e8,A,comparison,98,-42.08209783370861,-63.47882762174606,0.00040495345617203683
8826733f6bac66601fcc5b53ac91cfe502fe35e8,A,comparison,99,-41.995327591667085,-63.38996420112274,0.00040437476136994635
8826733f6bac66601fcc5b53ac91cfe502fe35e8,A,comparison,100,-41.90945825952604,-63.30198119144433,0.0004038365648251766
8826733f6bac66601fcc5b53ac91cfe502fe35e8,A,comparison,101,-41.82447220851947,-63.214860991168266,0.0004033400781617047
8826733f6bac66601fcc5b53ac91cfe502fe35e8,A,comparison,102,-41.74035233127807,-63.12858652009275,0.00040288651595865664
8826733f6bac66601fcc5b53ac91cfe502fe35e8,A,comparison,103,-41.65708202148609,-63.04314119907285,0.00040247709551891617
8826733f6bac66601fcc5b53ac91cfe502fe35e8,A,comparison,104,-41.57464515451741,-62.958508930620134,0.00040211303661555526
8826733f6bac66601fcc5b53ac91cfe502fe35e8,A,comparison,105,-41.49302606899979,-62.87467408049114,0.0004017955612700909
8826733f6bac66601fcc5b53ac91cfe502fe35e8,A,comparison,106,-41.41220954925157,-62.79162146012773,0.0004015258934844537
8826733f6bac66601fcc5b53ac91cfe502fe35e8,A,comparison,107,-41.33218080854482,-62.70933630992759,0.000401305258997068
8826733f6bac66601fcc5b53ac91cfe502fe35e8,A,comparison,108,-41.252925473145055,-62.627804283268674,0.00040113488506593643
8826733f6bac66601fcc5b53ac91cfe502fe35e8,A,comparison,109,-41.17442956708749,-62.54701143131328,0.0004010160001900059
8826733f6bac66601fcc5b53ac91cfe502fe35e8,A,comparison,110,-41.096679497647735,-62.46694418847315,0.0004009498338806837
8826733f6bac66601fcc5b53ac91cfe502fe35e8,A,comparison,111,-41.019662041472,-62.38758935851969,0.00040093761641599613
8826733f6bac66601fcc5b53ac91cfe502fe35e8,A,comparison,112,-40.9433643313253,-62.30893410138062,0.0004009805785841412
8826733f6bac66601fcc5b53ac91cfe502fe35e8,A,comparison,113,-40.867773843432936,-62.23096592043366,0.0004010799514627245
8826733f6bac66601fcc5b53ac91cfe502fe35e8,A,comparison,114,-40.79287838537695,-62.15367265044317,0.0004012369661150614
8826733f6bac66601fcc5b53ac91cfe502fe35e8,A,comparison,115,-40.71866608452163,-62.077042445965034,0.0004014528534137776
8826733f6bac66601fcc5b53ac91cfe502fe35e8,A,comparison,116,-40.64512537694103,-62.00106377027928,0.0004017288437274709
8826733f6bac66601fcc5b53ac91cfe502fe35e8,A,comparison,117,-40.572244996820146,-61.92572538479635,0.0004020661667366001
8826733f6bac66601fcc5b53ac91cfe502fe35e8,A,comparison,118,-40.500013966308764,-61.851016338902205,0.00040246605111918574
8826733f6bac66601fcc5b53ac91cfe502fe35e8,A,comparison,119,-40.42842158580204,-61.77692596025479,0.0004029297243638094
8826733f6bac66601fcc5b53ac91cfe502fe35e8,A,comparison,120,-40.35745742462802,-61.703443845458814,0.000403458412468818
8826733f6bac66601fcc5b53ac91cfe502fe35e8,A,comparison,121,-40.28711131212259,-61.63055985113698,0.0004040533397225383
8826733f6bac66601fcc5b53ac91cfe502fe35e8,A,comparison,122,-40.21737332907066,-61.5582640853884,0.00040471572846516817
8826733f6bac66601fcc5b53ac91cfe502fe35e8,A,comparison,123,-40.14823379949637,-61.48654689955773,0.0004054467988159528
8826733f6bac66601fcc5b53ac91cfe502fe35e8,A,comparison,124,-40.07968328278735,-61.415398880377545,0.0004062477684292934
8826733f6bac66601fcc5b53ac91cfe502fe35e8,A,comparison,125,-40.01171256613355,-61.34481084239185,0.0004071198522498923
8826733f6bac66601fcc5b53ac91cfe502fe35e8,A,comparison,126,-39.944312657267375,-61.27477382069785,0.0004080642622891162
8826733f6bac66601fcc5b53ac91cfe502fe35e8,A,comparison,127,-39.87747477749303,-61.20527906398032,0.00040908220733771136
8826733f6bac66601fcc5b53ac91cfe502fe35e8,A,comparison,128,-39.811190354985534,-61.136318027811136,0.0004101748927354184
8826733f6bac66601fcc5b53ac91cfe502fe35e8,A,comparison,129,-39.74545101835348,-61.06788236819523,0.0004113435201386591
8826733f6bac66601fcc5b53ac91cfe502fe35e8,A,comparison,130,-39.68024859044941,-60.999963935397886,0.0004125892872506138
8826733f6bac66601fcc5b53ac91cfe502fe35e8,A,comparison,131,-39.615575082416676,-60.932554767983135,0.0004139133875918034
8826733f6bac66601fcc5b53ac91cfe502fe35e8,A,comparison,132,-39.551422687963665,-60.86564708707417,0.0004153170102398124
8826733f6bac66601fcc5b53ac91cfe502fe35e8,A,comparison,133,-39.487783777853124,-60.799233290862375,0.00041680133961819577
8826733f6bac66601fcc5b53ac91cfe502fe35e8,A,comparison,134,-39.42465089459876,-60.733305949291285,0.0004183675552024501
8826733f6bac66601fcc5b53ac91cfe502fe35e8,A,comparison,135,-39.36201674735821,-60.66785779894193,0.00042001683130313565
8826733f6bac66601fcc5b53ac91cfe502fe35e8,A,comparison,136,-39.29987420701532,-60.60288173812354,0.000421750336837427
8826733f6bac66601fcc5b53ac91cfe502fe35e8,A,comparison,137,-39.238216301441184,-60.53837082213349,0.00042356923506594533
8826733f6bac66601fcc5b53ac91cfe502fe35e8,A,comparison,138,-39.1770362109294,-60.47431825867651,0.0004254746833353793
8826733f6bac66601fcc5b53ac91cfe502fe35e8,A,comparison,139,-39.116327263793565,-60.410717403471395,0.0004274678329030762
8826733f6bac66601fcc5b53ac91cfe502fe35e8,A,comparison,140,-39.056082932125925,-60.3475617560052,0.0004295498286025136
8826733f6bac66601fcc5b53ac91cfe502fe35e8,A,comparison,141,-38.99629682770387,-60.28484495544188,0.0004317218086948934
8826733f6bac66601fcc5b53ac91cfe502fe35e8,A,comparison,142,-38.93696269804202,-60.222560776664565,0.0004339849045654738
8826733f6bac66601fcc5b53ac91cfe502fe35e8,A,comparison,143,-38.87807442258398,-60.16070312646387,0.0004363402405221232
8826733f6bac66601fcc5b53ac91cfe502fe35e8,A,comparison,144,-38.819626009025576,-60.09926603986738,0.00043878893355626524
8826733f6bac66601fcc5b53ac91cfe502fe35e8,A,comparison,145,-38.76161158976491,-60.03824367658644,0.00044133209308357005
8826733f6bac66601fcc5b53ac91cfe502fe35e8,A,comparison,146,-38.70402541847623,-59.977630317569975,0.0004439708207425094
8826733f6bac66601fcc5b53ac91cfe502fe35e8,A,comparison,147,-38.64686186679861,-59.91742036172436,0.00044670621014372756
8826733f6bac66601fcc5b53ac91cfe502fe35e8,A,comparison,148,-38.590115421138094,-59.85760832267666,0.00044953934663580637
8826733f6bac66601fcc5b53ac91cfe502fe35e8,A,comparison,149,-38.53378067957759,-59.79818882570383,0.0004524713070845312
8826733f6bac66601fcc5b53ac91cfe502fe35e8,A,comparison,150,-38.47785234888957,-59.73915660474154,0.00045550315964444155
8826733f6bac66601fcc5b53ac91cfe502fe35e8,B,main,1,-85.77463767091429,-110.8590854264776,0.0005481151223856792
8826733f6bac66601fcc5b53ac91cfe502fe35e8,B,main,2,-79.76935164804667,-105.16358979079571,0.0005480069819344119
8826733f6bac66601fcc5b53ac91cfe502fe35e8,B,main,3,-76.25037021249159,-101.704769328459,0.0005478267803717744
8826733f6bac66601fcc5b53ac91cfe502fe35e8,B,main,4,-73.75259348152684,-99.22830578991989,0.0005475745664954759
8826733f6bac66601fcc5b53ac91cfe502fe35e8,B,main,5,-71.81485769991612,-97.30051732420083,0.0005472504086097633
8826733f6bac66601fcc5b53ac91cfe502fe35e8,B,main,6,-70.23148772852825,-95.72260748150416,0.0005468543945080549
8826733f6bac66601fcc5b53ac91cfe502fe35e8,B,main,7,-68.89270839882775,-94.38717220509723,0.0005463866314488183
8826733f6bac66601fcc5b53ac91cfe502fe35e8,B,main,8,-67.73297382533755,-93.22965916252892,0.0005458472461671308
8826733f6bac66601fcc5b53ac91cfe502fe35e8,B,main,9,-66.70999780903598,-92.20825768083583,0.0005452363848216221
8826733f6bac66601fcc5b53ac91cfe502fe35e8,B,main,10,-65.79490417082779,-91.29434232526779,0.0005445542129713106
8826733f6bac66601fcc5b53ac91cfe502fe35e8,B,main,11,-64.96709500421274,-90.46745755095793,0.0005438009155726902
8826733f6bac66601fcc5b53ac91cfe502fe35e8,B,main,12,-64.21136067112624,-89.71247940245689,0.0005429766969044853
8826733f6bac66601fcc5b53ac91cfe502fe35e8,B,main,13,-63.516150292571226,-89.0179110649299,0.0005420817805676253
8826733f6bac66601fcc5b53ac91cfe502fe35e8,B,main,14,-62.872484883075444,-88.37480902407967,0.0005411164094196393
8826733f6bac66601fcc5b53ac91cfe502fe35e8,B,main,15,-62.27324630330665,-87.77607918805296,0.0005400808455437655
8826733f6bac66601fcc5b53ac91cfe502fe35e8,B,main,16,-61.712696129150125,-87.21599989601614,0.000538975370195879
8826733f6bac66601fcc5b53ac91cfe502fe35e8,B,main,17,-61.1861406202342,-86.68988937593654,0.0005378002837543083
8826733f6bac66601fcc5b53ac91cfe502fe35e8,B,main,18,-60.689691585993074,-86.19386816082203,0.0005365559056706163
8826733f6bac66601fcc5b53ac91cfe502fe35e8,B,main,19,-60.22009198670688,-85.72468568496689,0.0005352425743885529
8826733f6bac66601fcc5b53ac91cfe502fe35e8,B,main,20,-59.77458631649549,-85.27959132310289,0.000533860647328584
8826733f6bac66601fcc5b53ac91cfe502fe35e8,B,main,21,-59.3508226409987,-84.85623687105945,0.0005324105007750164
8826733f6bac66601fcc5b53ac91cfe502fe35e8,B,main,22,-58.94677744351121,-84.45260169731483,0.000530892529817125
8826733f6bac66601fcc5b53ac91cfe502fe35e8,B,main,23,-58.56069718960949,-84.06693452227529,0.0005293071483230677
8826733f6bac66601fcc5b53ac91cfe502fe35e8,B,main,24,-58.1910523368014,-83.69770758132562,0.0005276547887768561
8826733f6bac66601fcc5b53ac91cfe502fe35e8,B,main,25,-57.836500738227414,-83.34358013981047,0.0005259359022995209
8826733f6bac66601fcc5b53ac91cfe502fe35e8,B,main,26,-57.495858227902275,-83.00336916034217,0.0005241509584928292
8826733f6bac66601fcc5b53ac91cfe502fe35e8,B,main,27,-57.16807476005851,-82.67602550325603,0.0005223004453871541
8826733f6bac66601fcc5b53ac91cfe502fe35e8,B,main,28,-56.852214889771126,-82.36061445334359,0.0005203848693353356
8826733f6bac66601fcc5b53ac91cfe502fe35e8,B,main,29,-56.54744168023477,-82.0562996623787,0.0005184047549412592
8826733f6bac66601fcc5b53ac91cfe502fe35e8,B,main,30,-56.25300333923144,-81.76232981272294,0.000516360644941177
8826733f6bac66601fcc5b53ac91cfe502fe35e8,B,main,31,-55.968222047563174,-81.47802746685956,0.0005142531001293888
8826733f6bac66601fcc5b53ac91cfe502fe35e8,B,main,32,-55.69248456166726,-81.2027796865438,0.0005120826992366685
8826733f6bac66601fcc5b53ac91cfe502fe35e8,B,main,33,-55.42523426268044,-80.93603009509397,0.0005098500388279745
8826733f6bac66601fcc5b53ac91cfe502fe35e8,B,main,34,-55.16596439275786,-80.67727212407289,0.0005075557332020888
8826733f6bac66601fcc5b53ac91cfe502fe35e8,B,main,35,-54.9142122720469,-80.42604323865866,0.0005052004142710031
8826733f6bac66601fcc5b53ac91cfe502fe35e8,B,main,36,-54.6695543305085,-80.18191997633296,0.0005027847314412302
8826733f6bac66601fcc5b53ac91cfe502fe35e8,B,main,37,-54.43160182056534,-79.94451366499432,0.000500309351527907
8826733f6bac66601fcc5b53ac91cfe502fe35e8,B,main,38,-54.199997101604666,-79.71346671204246,0.0004977749585705253
8826733f6bac66601fcc5b53ac91cfe502fe35e8,B,main,39,-53.97441040717649,-79.48844937521945,0.0004951822537701766
8826733f6bac66601fcc5b53ac91cfe502fe35e8,B,main,40,-53.75453702154161,-79.26915694236638,0.0004925319553419288
8826733f6bac66601fcc5b53ac91cfe502fe35e8,B,main,41,-53.54009480489974,-79.0553072590822,0.0004898247983556302
8826733f6bac66601fcc5b53ac91cfe502fe35e8,B,main,42,-53.33082201686934,-78.84663855447467,0.00048706153463746836
8826733f6bac66601fcc5b53ac91cfe502fe35e8,B,main,43,-53.12647539610091,-78.64290752249823,0.0004842429326213802
8826733f6bac66601fcc5b53ac91cfe502fe35e8,B,main,44,-52.92682846068129,-78.44388762391796,0.00048136977720142636
8826733f6bac66601fcc5b53ac91cfe502fe35e8,B,main,45,-52.731669999556104,-78.24936757901364,0.0004784428696073094
8826733f6bac66601fcc5b53ac91cfe502fe35e8,B,main,46,-52.5408027297631,-78.05915002592955,0.0004754630272229936
8826733f6bac66601fcc5b53ac91cfe502fe35e8,B,main,47,-52.35404209808847,-77.8730503232438,0.00047243108347765257
8826733f6bac66601fcc5b53ac91cfe502fe35e8,B,main,48,-52.17121520889095,-77.69089547862782,0.0004693478876787535
8826733f6bac66601fcc5b53ac91cfe502fe35e8,B,main,49,-51.99215986247885,-77.51252318791722,0.00046621430483356915
8826733f6bac66601fcc5b53ac91cfe502fe35e8,B,main,50,-51.816723690647194,-77.3377809712308,0.00046303121553530215
8826733f6bac66601fcc5b53ac91cfe502fe35e8,B,main,51,-51.64476337781706,-77.16652539464022,0.0004597995157518079
8826733f6bac66601fcc5b53ac91cfe502fe35e8,B,main,52,-51.47614395780609,-76.99862136743401,0.0004565201167242556
8826733f6bac66601fcc5b53ac91cfe502fe35e8,B,main,53,-51.3107381775902,-76.83394150621582,0.0004531939447278842
8826733f6bac66601fcc5b53ac91cfe502fe35e8,B,main,54,-51.148425920531544,-76.6723655585391,0.00044982194096005536
8826733f6bac66601fcc5b53ac91cfe502fe35e8,B,main,55,-50.98909368253353,-76.51377987935292,0.0004464050613386201
8826733f6bac66601fcc5b53ac91cfe502fe35e8,B,main,56,-50.83263409539474,-76.3580769546131,0.00044294427636007693
8826733f6bac66601fcc5b53ac91cfe502fe35e8,B,main,57,-50.67894549235248,-76.20515496708398,0.000439440570864186
8826733f6bac66601fcc5b53ac91cfe502fe35e8,B,main,58,-50.52793151140823,-76.05491739988639,0.00043589494390466454
8826733f6bac66601fcc5b53ac91cfe502fe35e8,B,main,59,-50.37950073256404,-75.90727267391742,0.00043230840855719904
8826733f6bac66601fcc5b53ac91cfe502fe35e8,B,main,60,-50.23356634554623,-75.76213381577926,0.0004286819917120276
8826733f6bac66601fcc5b53ac91cfe502fe35e8,B,main,61,-50.09004584499415,-75.61941815306555,0.00042501673390799114
8826733f6bac66601fcc5b53ac91cfe502fe35e8,B,main,62,-49.94886075043147,-75.47904703451363,0.00042131368914054724
8826733f6bac66601fcc5b53ac91cfe502fe35e8,B,main,63,-49.809936348646715,-75.34094557255283,0.0004175739246504975
8826733f6bac66601fcc5b53ac91cfe502fe35e8,B,main,64,-49.67320145635889,-75.20504240601531,0.0004137985207561127
8826733f6bac66601fcc5b53ac91cfe502fe35e8,B,main,65,-49.53858820127931,-75.07126948133602,0.0004099885706254674
8826733f6bac66601fcc5b53ac91cfe502fe35e8,B,main,66,-49.40603181989832,-74.93956185047074,0.0004061451801018166
8826733f6bac66601fcc5b53ac91cfe502fe35e8,B,main,67,-49.27547047046539,-74.80985748391532,0.0004022694674913624
8826733f6bac66601fcc5b53ac91cfe502fe35e8,B,main,68,-49.146845059834384,-74.68209709768982,0.0003983625633433079
8826733f6bac66601fcc5b53ac91cfe502fe35e8,B,main,69,-49.0200990829425,-74.55622399283953,0.000394425610277166
8826733f6bac66601fcc5b53ac91cfe502fe35e8,B,main,70,-48.89517847384178,-74.4321839066298,0.00039045976273967004
8826733f6bac66601fcc5b53ac91cfe502fe35e8,B,main,71,-48.77203146729451,-74.30992487409567,0.0003864661868108701
8826733f6bac66601fcc5b53ac91cfe502fe35e8,B,main,72,-48.65060847005281,-74.18939709950111,0.0003824460599841913
8826733f6bac66601fcc5b53ac91cfe502fe35e8,B,main,73,-48.53086194100862,-74.07055283646626,0.00037840057095421043
8826733f6bac66601fcc5b53ac91cfe502fe35e8,B,main,74,-48.412746279506166,-73.95334627641331,0.00037433091938996697
8826733f6bac66601fcc5b53ac91cfe502fe35e8,B,main,75,-48.296217721143265,-73.83773344434724,0.0003702383157294932
8826733f6bac66601fcc5b53ac91cfe502fe35e8,B,main,76,-48.18123424047925,-73.7236721016921,0.00036612398094830776
8826733f6bac66601fcc5b53ac91cfe502fe35e8,B,main,77,-48.06775546009845,-73.61112165537295,0.0003619891463356262
8826733f6bac66601fcc5b53ac91cfe502fe35e8,B,main,78,-47.95574256554475,-73.50004307278711,0.0003578350532628584
8826733f6bac66601fcc5b53ac91cfe502fe35e8,B,main,79,-47.84515822567013,-73.39039880226483,0.00035366295297428843
8826733f6bac66601fcc5b53ac91cfe502fe35e8,B,main,80,-47.73596651799832,-73.28215269838557,0.0003494741063285743
8826733f6bac66601fcc5b53ac91cfe502fe35e8,B,main,81,-47.62813285871999,-73.17526995211458,0.00034526978360293324
8826733f6bac66601fcc5b53ac91cfe502fe35e8,B,main,82,-47.52162393698523,-73.06971702508336,0.0003410512642240372
8826733f6bac66601fcc5b53ac91cfe502fe35e8,B,main,83,-47.41640765317971,-72.96546158792015,0.00033681983654905873
8826733f6bac66601fcc5b53ac91cfe502fe35e8,B,main,84,-47.312453060893375,-72.86247246232519,0.0003325767976380384
8826733f6bac66601fcc5b53ac91cfe502fe35e8,B,main,85,-47.209730312327274,-72.76071956640291,0.00032832345299153897
8826733f6bac66601fcc5b53ac91cfe502fe35e8,B,main,86,-47.10821060689007,-72.66017386340374,0.0003240611163461626
8826733f6bac66601fcc5b53ac91cfe502fe35e8,B,main,87,-47.00786614276833,-72.56080731331043,0.00031979110939388733
8826733f6bac66601fcc5b53ac91cfe502fe35e8,B,main,88,-46.90867007126233,-72.46259282717551,0.00031551476155058694
8826733f6bac66601fcc5b53ac91cfe502fe35e8,B,main,89,-46.810596453703006,-72.3655042241515,0.0003112334097255196
8826733f6bac66601fcc5b53ac91cfe502fe35e8,B,main,90,-46.7136202207761,-72.26951619080526,0.0003069483980686372
8826733f6bac66601fcc5b53ac91cfe502fe35e8,B,main,91,-46.61771713409411,-72.17460424273855,0.00030266107771982745
8826733f6bac66601fcc5b53ac91cfe502fe35e8,B,main,92,-46.522863749865664,-72.08074468831323,0.00029837280655140757
8826733f6bac66601fcc5b53ac91cfe502fe35e8,B,main,93,-46.429037384530815,-71.98791459433782,0.0002940849489279794
8826733f6bac66601fcc5b53ac91cfe502fe35e8,B,main,94,-46.33621608223606,-71.89609175353482,0.00028979887546050126
8826733f6bac66601fcc5b53ac91cfe502fe35e8,B,main,95,-46.24437858402602,-71.80525465386066,0.00028551596273818244
8826733f6bac66601fcc5b53ac91cfe502fe35e8,B,main,96,-46.15350429865021,-71.71538244923528,0.00028123759308738274
8826733f6bac66601fcc5b53ac91cfe502fe35e8,B,main,97,-46.06357327488431,-71.62645493203604,0.00027696515430447713
8826733f6bac66601fcc5b53ac91cfe502fe35e8,B,main,98,-45.97456617526744,-71.5384525067621,0.00027270003940897523
8826733f6bac66601fcc5b53ac91cfe502fe35e8,B,main,99,-45.886464251175134,-71.4513561652306,0.0002684436463918217
8826733f6bac66601fcc5b53ac91cfe502fe35e8,B,main,100,-45.79924931914343,-71.36514746290732,0.000264197377931876
8826733f6bac66601fcc5b53ac91cfe502fe35e8,B,main,101,-45.712903738372546,-71.27980849645468,0.00025996264116736386
8826733f6bac66601fcc5b53ac91cfe502fe35e8,B,main,102,-45.62741038933784,-71.19532188237933,0.0002557408474113989
8826733f6bac66601fcc5b53ac91cfe502fe35e8,B,main,103,-45.54275265344296,-71.11167073674275,0.00025153341190993885
8826733f6bac66601fcc5b53ac91cfe502fe35e8,B,main,104,-45.45891439365809,-71.0288386558355,0.000247341753557314
8826733f6bac66601fcc5b53ac91cfe502fe35e8,B,main,105,-45.37587993608378,-70.94680969779476,0.0002431672946657619
8826733f6bac66601fcc5b53ac91cfe502fe35e8,B,main,106,-45.2936340523885,-70.86556836506179,0.00023901146065685304
8826733f6bac66601fcc5b53ac91cfe502fe35e8,B,main,107,-45.212161943069006,-70.78509958769618,0.00023487567985321222
8826733f6bac66601fcc5b53ac91cfe502fe35e8,B,main,108,-45.13144922149381,-70.70538870748922,0.00023076138315644958
8826733f6bac66601fcc5b53ac91cfe502fe35e8,B,main,109,-45.051481898676684,-70.62642146272573,0.00022667000382828076
8826733f6bac66601fcc5b53ac91cfe502fe35e8,B,main,110,-44.97224636875006,-70.54818397375203,0.00022260297719643024
8826733f6bac66601fcc5b53ac91cfe502fe35e8,B,main,111,-44.8937293950906,-70.47066272912527,0.00021856174039621947
8826733f6bac66601fcc5b53ac91cfe502fe35e8,B,main,112,-44.81591809707262,-70.39384457242228,0.00021454773211408663
8826733f6bac66601fcc5b53ac91cfe502fe35e8,B,main,113,-44.73879993740664,-70.31771668959018,0.0002105623923012147
8826733f6bac66601fcc5b53ac91cfe502fe35e8,B,main,114,-44.66236271003712,-70.24226659693413,0.00020660716191995085
8826733f6bac66601fcc5b53ac91cfe502fe35e8,B,main,115,-44.586594528566195,-70.16748212955548,0.0002026834826661198
8826733f6bac66601fcc5b53ac91cfe502fe35e8,B,main,116,-44.51148381518384,-70.09335143035399,0.00019879279671352094
8826733f6bac66601fcc5b53ac91cfe502fe35e8,B,main,117,-44.43701929006618,-70.0198629394494,0.00019493654643721258
8826733f6bac66601fcc5b53ac91cfe502fe35e8,B,main,118,-44.363189961231704,-69.94700538407818,0.00019111617414065677
8826733f6bac66601fcc5b53ac91cfe502fe35e8,B,main,119,-44.289985114820354,-69.87476776894776,0.00018733312180022556
8826733f6bac66601fcc5b53ac91cfe502fe35e8,B,main,120,-44.217394305781596,-69.80313936693301,0.00018358883078077983
8826733f6bac66601fcc5b53ac91cfe502fe35e8,B,main,121,-44.14540734894974,-69.7321097102621,0.00017988474158018176
8826733f6bac66601fcc5b53ac91cfe502fe35e8,B,main,122,-44.074014310484415,-69.66166858193509,0.0001762222935516301
8826733f6bac66601fcc5b53ac91cfe502fe35e8,B,main,123,-44.00320549966089,-69.59180600758418,0.00017260292464046397
8826733f6bac66601fcc5b53ac91cfe502fe35e8,B,main,124,-43.932971460994395,-69.52251224767559,0.00016902807111518313
8826733f6bac66601fcc5b53ac91cfe502fe35e8,B,main,125,-43.86330296667924,-69.45377778996638,0.0001654991672907569
8826733f6bac66601fcc5b53ac91cfe502fe35e8,B,main,126,-43.79419100932911,-69.38559334228187,0.0001620176452770084
8826733f6bac66601fcc5b53ac91cfe502fe35e8,B,main,127,-43.72562679500531,-69.31794982563055,0.00015858493469325012
8826733f6bac66601fcc5b53ac91cfe502fe35e8,B,main,128,-43.65760173651606,-69.2508383675434,0.00015520246241667394
8826733f6bac66601fcc5b53ac91cfe502fe35e8,B,main,129,-43.59010744698074,-69.1842502956469,0.00015187165229602756
8826733f6bac66601fcc5b53ac91cfe502fe35e8,B,main,130,-43.52313573363862,-69.118177131565,0.00014859392490483214
8826733f6bac66601fcc5b53ac91cfe502fe35e8,B,main,131,-43.456678591896164,-69.05261058501416,0.00014537069726085
8826733f6bac66601fcc5b53ac91cfe502fe35e8,B,main,132,-43.390728199600524,-68.98754254810035,0.00014220338257255684
8826733f6bac66601fcc5b53ac91cfe502fe35e8,B,main,133,-43.32527691153062,-68.92296508987224,0.0001390933899624723
8826733f6bac66601fcc5b53ac91cfe502fe35e8,B,main,134,-43.26031725409238,-68.85887045107926,0.00013604212421074408
8826733f6bac66601fcc5b53ac91cfe502fe35e8,B,main,135,-43.19584192021168,-68.79525103911024,0.00013305098547076858
8826733f6bac66601fcc5b53ac91cfe502fe35e8,B,main,136,-43.131843764416935,-68.7320994230945,0.00013012136905328226
8826733f6bac66601fcc5b53ac91cfe502fe35e8,B,main,137,-43.06831579809996,-68.66940832927168,0.00012725466510534193
8826733f6bac66601fcc5b53ac91cfe502fe35e8,B,main,138,-43.005251184951724,-68.6071706364291,0.00012445225838959883
8826733f6bac66601fcc5b53ac91cfe502fe35e8,B,main,139,-42.94264323655917,-68.5453793715861,0.0001217155280105362
8826733f6bac66601fcc5b53ac91cfe502fe35e8,B,main,140,-42.880485408164034,-68.48402770574612,0.00011904584715324507
8826733f6bac66601fcc5b53ac91cfe502fe35e8,B,main,141,-42.81877129456893,-68.42310894994255,0.00011644458281930941
8826733f6bac66601fcc5b53ac91cfe502fe35e8,B,main,142,-42.757494626190294,-68.36261655127596,0.00011391309558197975
8826733f6bac66601fcc5b53ac91cfe502fe35e8,B,main,143,-42.69664926524995,-68.30254408916319,0.00011145273932206191
8826733f6bac66601fcc5b53ac91cfe502fe35e8,B,main,144,-42.636229202096374,-68.24288527174713,0.00010906486096766496
8826733f6bac66601fcc5b53ac91cfe502fe35e8,B,main,145,-42.57622855165846,-68.18363393236015,0.0001067508002493801
8826733f6bac66601fcc5b53ac91cfe502fe35e8,B,main,146,-42.5166415500152,-68.1247840261833,0.00010451188943521027
8826733f6bac66601fcc5b53ac91cfe502fe35e8,B,main,147,-42.457462551088184,-68.06632962695842,0.0001023494530838235
8826733f6bac66601fcc5b53ac91cfe502fe35e8,B,main,148,-42.39868602344025,-68.00826492387357,0.0001002648077987721
8826733f6bac66601fcc5b53ac91cfe502fe35e8,B,main,149,-42.340306547188135,-67.95058421848798,9.825926197499856e-05
8826733f6bac66601fcc5b53ac91cfe502fe35e8,B,main,150,-42.28231881101302,-67.89328192181895,9.633411553087748e-05
8826733f6bac66601fcc5b53ac91cfe502fe35e8,B,comparison,1,-86.75344008575556,-90.70569030141128,0.0005577938262387896
8826733f6bac66601fcc5b53ac91cfe502fe35e8,B,comparison,2,-80.73471162053865,-89.17047151425761,0.0005576663147316371
8826733f6bac66601fcc5b53ac91cfe502fe35e8,B,comparison,3,-77.21324202697086,-87.42033889364536,0.0005574538285148941
8826733f6bac66601fcc5b53ac91cfe502fe35e8,B,comparison,4,-74.71460231132565,-85.7639209878131,0.0005571564170168568
8826733f6bac66601fcc5b53ac91cfe502fe35e8,B,comparison,5,-72.77647612494022,-84.27885396409488,0.0005567741494325003
8826733f6bac66601fcc5b53ac91cfe502fe35e8,B,comparison,6,-71.19290372647248,-82.96277869642802,0.0005563071147041814
8826733f6bac66601fcc5b53ac91cfe502fe35e8,B,comparison,7,-69.85401240234488,-81.79354458836109,0.000555755421510052
8826733f6bac66601fcc5b53ac91cfe502fe35e8,B,comparison,8,-68.69421551501544,-80.7475420876684,0.0005551191982302903
8826733f6bac66601fcc5b53ac91cfe502fe35e8,B,comparison,9,-67.67120739502899,-79.80433487693658,0.00055439859294226
8826733f6bac66601fcc5b53ac91cfe502fe35e8,B,comparison,10,-66.75610160754489,-78.94724845971126,0.0005535937733848056
8826733f6bac66601fcc5b53ac91cfe502fe35e8,B,comparison,11,-65.9282944270296,-78.16289915313357,0.0005527049269408701
8826733f6bac66601fcc5b53ac91cfe502fe35e8,B,comparison,12,-65.17257271423016,-77.4405504216076,0.0005517322605786392
8826733f6bac66601fcc5b53ac91cfe502fe35e8,B,comparison,13,-64.4773833809771,-76.77153820304613,0.0005506760008274019
8826733f6bac66601fcc5b53ac91cfe502fe35e8,B,comparison,14,-63.833745991908316,-76.14881120676371,0.0005495363937524433
8826733f6bac66601fcc5b53ac91cfe502fe35e8,B,comparison,15,-63.23454142405194,-75.5665768431411,0.0005483137048778588
8826733f6bac66601fcc5b53ac91cfe502fe35e8,B,comparison,16,-62.674030566788694,-75.02003169347796,0.0005470082191739778
8826733f6bac66601fcc5b53ac91cfe502fe35e8,B,comparison,17,-62.14751918872313,-74.50515641587712,0.0005456202409888519
8826733f6bac66601fcc5b53ac91cfe502fe35e8,B,comparison,18,-61.65111874046242,-74.01855891285413,0.000544150093987455
8826733f6bac66601fcc5b53ac91cfe502fe35e8,B,comparison,19,-61.18157191503548,-73.5573535088106,0.0005425981211034176
8826733f6bac66601fcc5b53ac91cfe502fe35e8,B,comparison,20,-60.73612300411446,-73.11906706967707,0.0005409646844618268
8826733f6bac66601fcc5b53ac91cfe502fe35e8,B,comparison,21,-60.3124199176204,-72.7015654028215,0.0005392501653627814
8826733f6bac66601fcc5b53ac91cfe502fe35e8,B,comparison,22,-59.90843901740008,-72.3029950399154,0.00053745496414343
8826733f6bac66601fcc5b53ac91cfe502fe35e8,B,comparison,23,-59.52242667309993,-71.92173678660605,0.0005355795001480192
8826733f6bac66601fcc5b53ac91cfe502fe35e8,B,comparison,24,-59.15285326555919,-71.55636835075686,0.000533624211659364
8826733f6bac66601fcc5b53ac91cfe502fe35e8,B,comparison,25,-58.79837658596845,-71.2056340355789,0.0005315895557898108
8826733f6bac66601fcc5b53ac91cfe502fe35e8,B,comparison,26,-58.457812417775216,-70.86841997665934,0.0005294760084281335
8826733f6bac66601fcc5b53ac91cfe502fe35e8,B,comparison,27,-58.130110673527156,-70.54373376462947,0.000527284064122777
8826733f6bac66601fcc5b53ac91cfe502fe35e8,B,comparison,28,-57.81433587362397,-70.23068756403897,0.0005250142360268203
8826733f6bac66601fcc5b53ac91cfe502fe35e8,B,comparison,29,-57.509651052150275,-69.92848403996904,0.0005226670557889308
8826733f6bac66601fcc5b53ac91cfe502fe35e8,B,comparison,30,-57.21530439224598,-69.63640455528095,0.0005202430734578187
8826733f6bac66601fcc5b53ac91cfe502fe35e8,B,comparison,31,-56.930618053674266,-69.35379921644778,0.0005177428573741524
8826733f6bac66601fcc5b53ac91cfe502fe35e8,B,comparison,32,-56.654978774761354,-69.08007843375503,0.0005151669940962248
8826733f6bac66601fcc5b53ac91cfe502fe35e8,B,comparison,33,-56.38782992093023,-68.81470572962787,0.0005125160882629339
8826733f6bac66601fcc5b53ac91cfe502fe35e8,B,comparison,34,-56.128664720588084,-68.55719158139416,0.0005097907625098017
8826733f6bac66601fcc5b53ac91cfe502fe35e8,B,comparison,35,-55.87702048176333,-68.3070881260541,0.0005069916573531671
8826733f6bac66601fcc5b53ac91cfe502fe35e8,B,comparison,36,-55.63247362364721,-68.06398458703003,0.0005041194310444814
8826733f6bac66601fcc5b53ac91cfe502fe35e8,B,comparison,37,-55.39463538901933,-67.82750330851536,0.0005011747595056104
8826733f6bac66601fcc5b53ac91cfe502fe35e8,B,comparison,38,-55.16314812856536,-67.59729630357458,0.0004981583361619107
8826733f6bac66601fcc5b53ac91cfe502fe35e8,B,comparison,39,-54.93768206792317,-67.37304223852409,0.000495070871837024
8826733f6bac66601fcc5b53ac91cfe502fe35e8,B,comparison,40,-54.71793248410756,-67.15444378930965,0.0004919130946197045
8826733f6bac66601fcc5b53ac91cfe502fe35e8,B,comparison,41,-54.50361723063263,-66.94122531645166,0.0004886857497431809
8826733f6bac66601fcc5b53ac91cfe502fe35e8,B,comparison,42,-54.29447456090533,-66.73313081366346,0.00048538959944426557
8826733f6bac66601fcc5b53ac91cfe502fe35e8,B,comparison,43,-54.09026120776477,-66.5299220926001,0.00048202542280799697
8826733f6bac66601fcc5b53ac91cfe502fe35e8,B,comparison,44,-53.89075068382789,-66.33137717191795,0.00047859401567014394
8826733f6bac66601fcc5b53ac91cfe502fe35e8,B,comparison,45,-53.69573177285514,-66.13728884379847,0.00047509619043387895
8826733f6bac66601fcc5b53ac91cfe502fe35e8,B,comparison,46,-53.50500718694501,-65.94746339501239,0.000471532775937563
8826733f6bac66601fcc5b53ac91cfe502fe35e8,B,comparison,47,-53.318392368148444,-65.76171946303388,0.00046790461732252936
8826733f6bac66601fcc5b53ac91cfe502fe35e8,B,comparison,48,-53.135714416260996,-65.57988701050724,0.0004642125758439686
8826733f6bac66601fcc5b53ac91cfe502fe35e8,B,comparison,49,-52.95681112717604,-65.40180640370326,0.0004604575287531771
8826733f6bac66601fcc5b53ac91cfe502fe35e8,B,comparison,50,-52.78153012839291,-65.22732758257268,0.00045664036912483494
8826733f6bac66601fcc5b53ac91cfe502fe35e8,B,comparison,51,-52.609728100139144,-65.05630931175936,0.00045276200568235536
8826733f6bac66601fcc5b53ac91cfe502fe35e8,B,comparison,52,-52.441270072121846,-64.88861850324382,0.00044882336265891537
8826733f6bac66601fcc5b53ac91cfe502fe35e8,B,comparison,53,-52.27602878727349,-64.72412960264322,0.00044482537962087557
8826733f6bac66601fcc5b53ac91cfe502fe35e8,B,comparison,54,-52.113884124967036,-64.56272403205175,0.0004407690112825203
8826733f6bac66601fcc5b53ac91cfe502fe35e8,B,comparison,55,-51.954722577159885,-64.40428968336853,0.00043665522737094584
8826733f6bac66601fcc5b53ac91cfe502fe35e8,B,comparison,56,-51.79843677173409,-64.24872045668866,0.0004324850124128335
8826733f6bac66601fcc5b53ac91cfe502fe35e8,B,comparison,57,-51.64492503803578,-64.09591583907832,0.00042825936558101393
8826733f6bac66601fcc5b53ac91cfe502fe35e8,B,comparison,58,-51.49409101018888,-63.945780519526835,0.00042397930051403076
8826733f6bac66601fcc5b53ac91cfe502fe35e8,B,comparison,59,-51.34584326432535,-63.79822403646136,0.00041964584510484224
8826733f6bac66601fcc5b53ac91cfe502fe35e8,B,comparison,60,-51.20009498630302,-63.6531604545785,0.00041526004136571075
8826733f6bac66601fcc5b53ac91cfe502fe35e8,B,comparison,61,-51.05676366688675,-63.51050806805661,0.00041082294519761866
8826733f6bac66601fcc5b53ac91cfe502fe35e8,B,comparison,62,-50.91577082171983,-63.37018912772584,0.0004063356262001891
8826733f6bac66601fcc5b53ac91cfe502fe35e8,B,comparison,63,-50.777041733695626,-63.23212958978559,0.0004017991675278968
8826733f6bac66601fcc5b53ac91cfe502fe35e8,B,comparison,64,-50.640505215618596,-63.09625888416923,0.000397214665637306
8826733f6bac66601fcc5b53ac91cfe502fe35e8,B,comparison,65,-50.50609339126793,-62.96250970068294,0.00039258323010567264
8826733f6bac66601fcc5b53ac91cfe502fe35e8,B,comparison,66,-50.37374149317525,-62.83081779132431,0.00038790598345629754
8826733f6bac66601fcc5b53ac91cfe502fe35e8,B,comparison,67,-50.24338767560546,-62.7011217873574,0.00038318406093373447
8826733f6bac66601fcc5b53ac91cfe502fe35e8,B,comparison,68,-50.11497284139849,-62.573363029786854,0.0003784186102896063
8826733f6bac66601fcc5b53ac91cfe502fe35e8,B,comparison,69,-49.98844048144558,-62.447485412152155,0.00037361079160314005
8826733f6bac66601fcc5b53ac91cfe502fe35e8,B,comparison,70,-49.86373652571942,-62.323435234517746,0.0003687617770505919
8826733f6bac66601fcc5b53ac91cfe502fe35e8,B,comparison,71,-49.74080920486786,-62.20116106773207,0.0003638727506833528
8826733f6bac66601fcc5b53ac91cfe502fe35e8,B,comparison,72,-49.61960892149034,-62.08061362714946,0.0003589449082706677
8826733f6bac66601fcc5b53ac91cfe502fe35e8,B,comparison,73,-49.500088130288624,-61.96174565494594,0.0003539794570054169
8826733f6bac66601fcc5b53ac91cfe502fe35e8,B,comparison,74,-49.38220122637584,-61.84451181042813,0.0003489776153439454
8826733f6bac66601fcc5b53ac91cfe502fe35e8,B,comparison,75,-49.26590444107828,-61.72886856763357,0.0003439406127484934
8826733f6bac66601fcc5b53ac91cfe502fe35e8,B,comparison,76,-49.151155744638956,-61.61477411966871,0.00033886968951449254
8826733f6bac66601fcc5b53ac91cfe502fe35e8,B,comparison,77,-49.037914755286636,-61.502188289269796,0.0003337660964831046
8826733f6bac66601fcc5b53ac91cfe502fe35e8,B,comparison,78,-48.92614265416111,-61.3910724450878,0.0003286310948559848
8826733f6bac66601fcc5b53ac91cfe502fe35e8,B,comparison,79,-48.815802105667615,-61.2813894232849,0.00032346595596954386
8826733f6bac66601fcc5b53ac91cfe502fe35e8,B,comparison,80,-48.70685718283576,-61.17310345401464,0.00031827196104124557
8826733f6bac66601fcc5b53ac91cfe502fe35e8,B,comparison,81,-48.59927329731591,-61.06618009246751,0.0003130504009506238
8826733f6bac66601fcc5b53ac91cfe502fe35e8,B,comparison,82,-48.4930171336715,-60.960586154089846,0.0003078025760106578
8826733f6bac66601fcc5b53ac91cfe502fe35e8,B,comparison,83,-48.388056587650595,-60.85628965375043,0.0003025297957169698
8826733f6bac66601fcc5b53ac91cfe502fe35e8,B,comparison,84,-48.284360708160044,-60.75325974849824,0.00029723337853077757
8826733f6bac66601fcc5b53ac91cfe502fe35e8,B,comparison,85,-48.18189964266685,-60.65146668368641,0.0002919146516232748
8826733f6bac66601fcc5b53ac91cfe502fe35e8,B,comparison,86,-48.080644585797465,-60.55088174227031,0.0002865749506441234
8826733f6bac66601fcc5b53ac91cfe502fe35e8,B,comparison,87,-47.980567730904546,-60.451477196963225,0.00028121561948126893
8826733f6bac66601fcc5b53ac91cfe502fe35e8,B,comparison,88,-47.88164222440578,-60.35322626518592,0.00027583800999954263
8826733f6bac66601fcc5b53ac91cfe502fe35e8,B,comparison,89,-47.783842122698644,-60.25610306646094,0.0002704434818216985
8826733f6bac66601fcc5b53ac91cfe502fe35e8,B,comparison,90,-47.68714235148291,-60.16008258226901,0.0002650334020679851
8826733f6bac66601fcc5b53ac91cfe502fe35e8,B,comparison,91,-47.59151866733541,-60.06514061803814,0.00025960914510729283
8826733f6bac66601fcc5b53ac91cfe502fe35e8,B,comparison,92,-47.49694762137557,-59.97125376724696,0.0002541720923063754
8826733f6bac66601fcc5b53ac91cfe502fe35e8,B,comparison,93,-47.40340652490488,-59.87839937744519,0.00024872363179257535
8826733f6bac66601fcc5b53ac91cfe502fe35e8,B,comparison,94,-47.31087341687687,-59.78655551806986,0.00024326515818087093
8826733f6bac66601fcc5b53ac91cfe502fe35e8,B,comparison,95,-47.21932703309135,-59.69570094999021,0.00023779807233950074
8826733f6bac66601fcc5b53ac91cfe502fe35e8,B,comparison,96,-47.12874677700036,-59.605815096606875,0.00023232378112762495
8826733f6bac66601fcc5b53ac91cfe502fe35e8,B,comparison,97,-47.039112692029725,-59.516878016467594,0.00022684369713781146
8826733f6bac66601fcc5b53ac91cfe502fe35e8,B,comparison,98,-46.95040543531485,-59.428870377264374,0.00022135923844238272
8826733f6bac66601fcc5b53ac91cfe502fe35e8,B,comparison,99,-46.862606252774704,-59.34177343116234,0.00021587182833012218
8826733f6bac66601fcc5b53ac91cfe502fe35e8,B,comparison,100,-46.775696955436096,-59.25556899134793,0.00021038289506612832
8826733f6bac66601fcc5b53ac91cfe502fe35e8,B,comparison,101,-46.68965989693579,-59.17023940975124,0.0002048938716044192
8826733f6bac66601fcc5b53ac91cfe502fe35e8,B,comparison,102,-46.604477952131376,-59.08576755585558,0.00019940619534875728
8826733f6bac66601fcc5b53ac91cfe502fe35e8,B,comparison,103,-46.52013449675549,-59.002136796546836,0.00019392130787876155
8826733f6bac66601fcc5b53ac91cfe502fe35e8,B,comparison,104,-46.43661338805415,-58.91933097692121,0.00018844065468759478
8826733f6bac66601fcc5b53ac91cfe502fe35e8,B,comparison,105,-46.35389894634814,-58.8373344020071,0.00018296568494183455
8826733f6bac66601fcc5b53ac91cfe502fe35e8,B,comparison,106,-46.27197593747255,-58.75613181936801,0.00017749785117770063
8826733f6bac66601fcc5b53ac91cfe502fe35e8,B,comparison,107,-46.190829556037485,-58.67570840251345,0.00017203860907057594
8826733f6bac66601fcc5b53ac91cfe502fe35e8,B,comparison,108,-46.11044540946834,-58.59604973504962,0.0001665894171476352
8826733f6bac66601fcc5b53ac91cfe502fe35e8,B,comparison,109,-46.03080950278358,-58.51714179561351,0.00016115173653712144
8826733f6bac66601fcc5b53ac91cfe502fe35e8,B,comparison,110,-45.951908224062905,-58.43897094344763,0.00015572703069351786
8826733f6bac66601fcc5b53ac91cfe502fe35e8,B,comparison,111,-45.87372833057836,-58.36152390463749,0.000150316765136224
8826733f6bac66601fcc5b53ac91cfe502fe35e8,B,comparison,112,-45.79625693554355,-58.284787758985814,0.00014492240716701955
8826733f6bac66601fcc5b53ac91cfe502fe35e8,B,comparison,113,-45.7194814954536,-58.20874992743376,0.00013954542563092756
8826733f6bac66601fcc5b53ac91cfe502fe35e8,B,comparison,114,-45.64338979798214,-58.13339816005801,0.0001341872906124699
8826733f6bac66601fcc5b53ac91cfe502fe35e8,B,comparison,115,-45.567969950406706,-58.0587205245918,0.00012884947319846584
8826733f6bac66601fcc5b53ac91cfe502fe35e8,B,comparison,116,-45.4932103685357,-57.98470539542918,0.00012353344518393832
8826733f6bac66601fcc5b53ac91cfe502fe35e8,B,comparison,117,-45.419099766110506,-57.911341443108704,0.00011824067881949002
8826733f6bac66601fcc5b53ac91cfe502fe35e8,B,comparison,118,-45.34562714465881,-57.83861762423867,0.00011297264654518228
8826733f6bac66601fcc5b53ac91cfe502fe35e8,B,comparison,119,-45.272781783774256,-57.766523171855894,0.00010773082070223791
8826733f6bac66601fcc5b53ac91cfe502fe35e8,B,comparison,120,-45.20055323180521,-57.69504758617457,0.00010251667327560597
8826733f6bac66601fcc5b53ac91cfe502fe35e8,B,comparison,121,-45.12893129692933,-57.62418062572444,9.733167562785128e-05
8826733f6bac66601fcc5b53ac91cfe502fe35e8,B,comparison,122,-45.05790603859364,-57.55391229885899,9.21772982176177e-05
8826733f6bac66601fcc5b53ac91cfe502fe35e8,B,comparison,123,-44.9874677593061,-57.484232855600155,8.705501034798949e-05
8826733f6bac66601fcc5b53ac91cfe502fe35e8,B,comparison,124,-44.91760699675951,-57.41513277980832,8.196627987435382e-05
8826733f6bac66601fcc5b53ac91cfe502fe35e8,B,comparison,125,-44.84831451626885,-57.34660278169851,7.691257295373305e-05
8826733f6bac66601fcc5b53ac91cfe502fe35e8,B,comparison,126,-44.77958130351362,-57.2786337905955,7.18953537565114e-05
8826733f6bac66601fcc5b53ac91cfe502fe35e8,B,comparison,127,-44.71139855756438,-57.211216948043806,6.69160842302388e-05
8826733f6bac66601fcc5b53ac91cfe502fe35e8,B,comparison,128,-44.643757684185246,-57.14434360112374,6.197622379400609e-05
8826733f6bac66601fcc5b53ac91cfe502fe35e8,B,comparison,129,-44.5766502893935,-57.07800529607976,5.7077229097433755e-05
8826733f6bac66601fcc5b53ac91cfe502fe35e8,B,comparison,130,-44.5100681732706,-57.01219377215918,5.2220553730482756e-05
8826733f6bac66601fcc5b53ac91cfe502fe35e8,B,comparison,131,-44.44400332401037,-56.946900955703875,4.740764797955665e-05
8826733f6bac66601fcc5b53ac91cfe502fe35e8,B,comparison,132,-44.37844791219214,-56.88211895446118,4.2639958544068984e-05
8826733f6bac66601fcc5b53ac91cfe502fe35e8,B,comparison,133,-44.31339428526897,-56.81784005210722,3.791892827326476e-05
8826733f6bac66601fcc5b53ac91cfe502fe35e8,B,comparison,134,-44.248834962266635,-56.754056702979724,3.32459958953303e-05
8826733f6bac66601fcc5b53ac91cfe502fe35e8,B,comparison,135,-44.18476262867397,-56.69076152700729,2.862259577350724e-05
8826733f6bac66601fcc5b53ac91cfe502fe35e8,B,comparison,136,-44.1211701315272,-56.627947304819074,2.405015761977884e-05
8826733f6bac66601fcc5b53ac91cfe502fe35e8,B,comparison,137,-44.05805047466949,-56.56560697304417,1.9530106234596042e-05
8826733f6bac66601fcc5b53ac91cfe502fe35e8,B,comparison,138,-43.995396814186876,-56.50373361976219,1.5063861246606305e-05
8826733f6bac66601fcc5b53ac91cfe502fe35e8,B,comparison,139,-43.933202454005354,-56.442320480148844,1.0652836858171074e-05
8826733f6bac66601fcc5b53ac91cfe502fe35e8,B,comparison,140,-43.87146084164997,-56.381360932247084,6.298441574492261e-06
8826733f6bac66601fcc5b53ac91cfe502fe35e8,B,comparison,141,-43.81016556414983,-56.320848492903096,2.002077942384594e-06
8826733f6bac66601fcc5b53ac91cfe502fe35e8,B,comparison,142,-43.749310344092436,-56.260776813854676,-2.234857709985231e-06
8826733f6bac66601fcc5b53ac91cfe502fe35e8,B,comparison,143,-43.688889035813965,-56.20113967793178,-6.410975508284487e-06
8826733f6bac66601fcc5b53ac91cfe502fe35e8,B,comparison,144,-43.62889562172149,-56.14193099541757,-1.0524892341451224e-05
8826733f6bac66601fcc5b53ac91cfe502fe35e8,B,comparison,145,-43.56932420874482,-56.08314480051231,-1.4575232048659276e-05
8826733f6bac66601fcc5b53ac91cfe502fe35e8,B,comparison,146,-43.51016902490962,-56.024775247938166,-1.8560625745144162e-05
8826733f6bac66601fcc5b53ac91cfe502fe35e8,B,comparison,147,-43.451424416025915,-55.966816609642656,-2.247971201494984e-05
8826733f6bac66601fcc5b53ac91cfe502fe35e8,B,comparison,148,-43.39308484249042,-55.90926327162791,-2.6331137209749333e-05
8826733f6bac66601fcc5b53ac91cfe502fe35e8,B,comparison,149,-43.33514487619549,-55.85210973087772,-3.0113555672446002e-05
8826733f6bac66601fcc5b53ac91cfe502fe35e8,B,comparison,150,-43.27759919754321,-55.79535059239017,-3.382563000320333e-05
acf822565702fcede400a967594e16c81a13b017,A,main,1,-73.90520994713826,-95.26167745113699,0.00046798712732665655
acf822565702fcede400a967594e16c81a13b017,A,main,2,-67.89403812453335,-89.24639332948595,0.00046841915950915196
acf822565702fcede400a967594e16c81a13b017,A,main,3,-64.37397534882308,-85.72555732181662,0.00046913923718462495
acf822565702fcede400a967594e16c81a13b017,A,main,4,-61.87583442081074,-83.227133641712,0.0004701473963845032
acf822565702fcede400a967594e16c81a13b017,A,main,5,-59.93794597879596,-81.2891011314588,0.00047144368756515443
acf822565702fcede400a967594e16c81a13b017,A,main,6,-58.354510000187936,-79.7055729101848,0.00047302817556451465
acf822565702fcede400a967594e16c81a13b017,A,main,7,-57.015708508667345,-78.36670123262556,0.00047490093959826264
acf822565702fcede400a967594e16c81a13b017,A,main,8,-55.855977733891265,-77.20690989169663,0.00047706207325117996
acf822565702fcede400a967594e16c81a13b017,A,main,9,-54.83302293194985,-76.18389820131864,0.00047951168445115944
acf822565702fcede400a967594e16c81a13b017,A,main,10,-53.917963423203645,-75.26878235169461,0.000482249895420075
acf822565702fcede400a967594e16c81a13b017,A,main,11,-53.090198748001654,-74.44096010688533,0.0004852768426979521
acf822565702fcede400a967594e16c81a13b017,A,main,12,-52.33451773256399,-73.68521922410446,0.0004885926770687784
acf822565702fcede400a967594e16c81a13b017,A,main,13,-51.63936852937029,-72.99000718104661,0.0004921975635316469
acf822565702fcede400a967594e16c81a13b017,A,main,14,-50.995771517794495,-72.34634391394582,0.0004960916812796216
acf822565702fcede400a967594e16c81a13b017,A,main,15,-50.39660812810161,-71.74711055215815,0.0005002752236612515
acf822565702fcede400a967594e16c81a13b017,A,main,16,-49.836139636297304,-71.18656816140333,0.000504748398109302
acf822565702fcede400a967594e16c81a13b017,A,main,17,-49.3096720880329,-70.66002263664134,0.0005095114261283207
acf822565702fcede400a967594e16c81a13b017,A,main,18,-48.81331713689313,-70.16358552104856,0.0005145645432185616
acf822565702fcede400a967594e16c81a13b017,A,main,19,-48.3438176276039,-69.69399957684426,0.0005199079988278826
acf822565702fcede400a967594e16c81a13b017,A,main,20,-47.89841796727654,-69.24850914834386,0.0005255420563190797
acf822565702fcede400a967594e16c81a13b017,A,main,21,-47.474766155154086,-68.82476218621076,0.0005314669928687579
acf822565702fcede400a967594e16c81a13b017,A,main,22,-47.07083862327667,-68.42073508430137,0.0005376830994423942
acf822565702fcede400a967594e16c81a13b017,A,main,23,-46.684881797268,-68.03467423779337,0.0005441906807019012
acf822565702fcede400a967594e16c81a13b017,A,main,24,-46.315366103238134,-67.66505004817537,0.0005509900549575579
acf822565702fcede400a967594e16c81a13b017,A,main,25,-45.96094936948966,-67.3105203235672,0.0005580815540842671
acf822565702fcede400a967594e16c81a13b017,A,main,26,-45.62044741029698,-66.96990086147757,0.0005654655234474601
acf822565702fcede400a967594e16c81a13b017,A,main,27,-45.292810164150296,-66.6421415862946,0.0005731423218203321
acf822565702fcede400a967594e16c81a13b017,A,main,28,-44.977102173560546,-66.32630702850844,0.0005811123213232619
acf822565702fcede400a967594e16c81a13b017,A,main,29,-44.672486491699715,-66.02156023091993,0.0005893759073082694
acf822565702fcede400a967594e16c81a13b017,A,main,30,-44.378211318389305,-65.72714938428886,0.0005979334782936283
acf822565702fcede400a967594e16c81a13b017,A,main,31,-44.09359882815279,-65.44239665512589,0.0006067854458647297
acf822565702fcede400a967594e16c81a13b017,A,main,32,-43.81803577253318,-65.16668878780456,0.000615932234588455
acf822565702fcede400a967594e16c81a13b017,A,main,33,-43.55096552892641,-64.8994691532265,0.0006253742819208041
acf822565702fcede400a967594e16c81a13b017,A,main,34,-43.29188133670848,-64.64023098482436,0.0006351120380778816
acf822565702fcede400a967594e16c81a13b017,A,main,35,-43.04032051406366,-64.38851159528954,0.0006451459659560749
acf822565702fcede400a967594e16c81a13b017,A,main,36,-42.79585948968193,-64.14388740817743,0.0006554765410454856
acf822565702fcede400a967594e16c81a13b017,A,main,37,-42.55810951530876,-63.90596967038941,0.0006661042512797192
acf822565702fcede400a967594e16c81a13b017,A,main,38,-42.326712950167604,-63.67440073654866,0.0006770295969580081
acf822565702fcede400a967594e16c81a13b017,A,main,39,-42.10134002809213,-63.448850836071024,0.0006882530906114063
acf822565702fcede400a967594e16c81a13b017,A,main,40,-41.88168603401846,-63.22901524963831,0.0006997752569037083
acf822565702fcede400a967594e16c81a13b017,A,main,41,-41.66746882916677,-63.01461183432933,0.000711596632487047
acf822565702fcede400a967594e16c81a13b017,A,main,42,-41.45842667448494,-62.805378847053035,0.0007237177658999294
acf822565702fcede400a967594e16c81a13b017,A,main,43,-41.25431631022819,-62.60107302409898,0.0007361392174537074
acf822565702fcede400a967594e16c81a13b017,A,main,44,-41.0549112563381,-62.401467881494355,0.000748861559058294
acf822565702fcede400a967594e16c81a13b017,A,main,45,-40.86000030383865,-62.20635220638865,0.0007618853741414337
acf822565702fcede400a967594e16c81a13b017,A,main,46,-40.669386172054814,-62.01552871426656,0.0007752112574734654
acf822565702fcede400a967594e16c81a13b017,A,main,47,-40.48288431024918,-61.828812850558435,0.0007888398150721376
acf822565702fcede400a967594e16c81a13b017,A,main,48,-40.30032182543164,-61.64603171845023,0.0008027716640312377
acf822565702fcede400a967594e16c81a13b017,A,main,49,-40.12153652072723,-61.46702311724037,0.0008170074323916635
acf822565702fcede400a967594e16c81a13b017,A,main,50,-39.94637603089941,-61.29163467785715,0.0008315477589941728
acf822565702fcede400a967594e16c81a13b017,A,main,51,-39.77469704348111,-61.119723083988184,0.0008463932933340684
acf822565702fcede400a967594e16c81a13b017,A,main,52,-39.60636459554005,-60.951153368826006,0.0008615446954178155
acf822565702fcede400a967594e16c81a13b017,A,main,53,-39.441251437429706,-60.78579827883181,0.0008770026356023052
acf822565702fcede400a967594e16c81a13b017,A,main,54,-39.279237456013426,-60.6235376969477,0.0008927677944476225
acf822565702fcede400a967594e16c81a13b017,A,main,55,-39.12020915081453,-60.464258118743075,0.0009088408625351013
acf822565702fcede400a967594e16c81a13b017,A,main,56,-38.9640591573648,-60.30785217576284,0.0009252225403509626
acf822565702fcede400a967594e16c81a13b017,A,main,57,-38.81068581274397,-60.15421820106182,0.0009419135380956974
acf822565702fcede400a967594e16c81a13b017,A,main,58,-38.65999275890244,-60.00325983252871,0.000958914575525279
acf822565702fcede400a967594e16c81a13b017,A,main,59,-38.51188857989351,-59.854885650114795,0.0009762263817827347
acf822565702fcede400a967594e16c81a13b017,A,main,60,-38.36628646959464,-59.70900884355111,0.0009938496952326145
acf822565702fcede400a967594e16c81a13b017,A,main,61,-38.223103926893806,-59.5655469075425,0.0010117852632858192
acf822565702fcede400a967594e16c81a13b017,A,main,62,-38.082262475659874,-59.42442136172475,0.0010300338422350407
acf822565702fcede400a967594e16c81a13b017,A,main,63,-37.94368740711903,-59.285557493047776,0.0010485961970699519
acf822565702fcede400a967594e16c81a13b017,A,main,64,-37.807307542518565,-59.148884118438176,0.0010674731012981873
acf822565702fcede400a967594e16c81a13b017,A,main,65,-37.67305501419112,-59.014333365860665,0.0010866653367624683
acf822565702fcede400a967594e16c81a13b017,A,main,66,-37.54086506333368,-58.88184047209876,0.001106173693491486
acf822565702fcede400a967594e16c81a13b017,A,main,67,-37.41067585299263,-58.75134359573714,0.0011259989694475934
acf822565702fcede400a967594e16c81a13b017,A,main,68,-37.28242829490324,-58.62278364400026,0.001146141970415307
acf822565702fcede400a967594e16c81a13b017,A,main,69,-37.15606588897,-58.49610411223825,0.0011666035097576822
acf822565702fcede400a967594e16c81a13b017,A,main,70,-37.03153457429626,-58.37125093495047,0.0011873844082537065
acf822565702fcede400a967594e16c81a13b017,A,main,71,-36.90878259078052,-58.248172347383516,0.0012084854938884332
acf822565702fcede400a967594e16c81a13b017,A,main,72,-36.78776035039144,-58.126818756807154,0.001229907601684593
acf822565702fcede400a967594e16c81a13b017,A,main,73,-36.66842031732222,-58.00714262266616,0.0012516515734637963
acf822565702fcede400a967594e16c81a13b017,A,main,74,-36.550716896297374,-57.889098344890826,0.001273718257694546
acf822565702fcede400a967594e16c81a13b017,A,main,75,-36.43460632837754,-57.77264215970089,0.0012961085092524785
acf822565702fcede400a967594e16c81a13b017,A,main,76,-36.3200465936639,-57.65773204230492,0.001318823189256804
acf822565702fcede400a967594e16c81a13b017,A,main,77,-36.20699732036374,-57.54432761597614,0.0013418631648170485
acf822565702fcede400a967594e16c81a13b017,A,main,78,-36.09541969972187,-57.43239006697321,0.0013652293088829987
acf822565702fcede400a967594e16c81a13b017,A,main,79,-35.985276406371455,-57.321882064901324,0.0013889224999856608
acf822565702fcede400a967594e16c81a13b017,A,main,80,-35.87653152369505,-57.21276768806593,0.0014129436220708085
acf822565702fcede400a967594e16c81a13b017,A,main,81,-35.76915047382056,-57.10501235347178,0.0014372935642592327
acf822565702fcede400a967594e16c81a13b017,A,main,82,-35.66309995191396,-56.99858275112039,0.001461973220644606
acf822565702fcede400a967594e16c81a13b017,A,main,83,-35.55834786445306,-56.89344678227243,0.0014869834900807378
acf822565702fcede400a967594e16c81a13b017,A,main,84,-35.45486327119815,-56.7895735014345,0.0015123252759649713
acf822565702fcede400a967594e16c81a13b017,A,main,85,-35.3526163305975,-56.686933061747105,0.0015379994860389417
acf822565702fcede400a967594e16c81a13b017,A,main,86,-35.25157824838376,-56.58549666360049,0.0015640070321189265
acf822565702fcede400a967594e16c81a13b017,A,main,87,-35.1517212291439,-56.485236506192784,0.0015903488299274637
acf822565702fcede400a967594e16c81a13b017,A,main,88,-35.05301843065498,-56.386125741865115,0.0016170257988642116
acf822565702fcede400a967594e16c81a13b017,A,main,89,-34.955443920801315,-56.28813843302975,0.001644038861760407
acf822565702fcede400a967594e16c81a13b017,A,main,90,-34.858972636897704,-56.191249511482006,0.001671388944665152
acf822565702fcede400a967594e16c81a13b017,A,main,91,-34.76358034726068,-56.09543473998035,0.001699076976645202
acf822565702fcede400a967594e16c81a13b017,A,main,92,-34.66924361487927,-56.00067067591319,0.0017271038895172396
acf822565702fcede400a967594e16c81a13b017,A,main,93,-34.57593976305008,-55.90693463693482,0.0017554706176582664
acf822565702fcede400a967594e16c81a13b017,A,main,94,-34.483646842849964,-55.81420466844473,0.001784178097737873
acf822565702fcede400a967594e16c81a13b017,A,main,95,-34.39234360232955,-55.72245951277205,0.0018132272685353816
acf822565702fcede400a967594e16c81a13b017,A,main,96,-34.302009457320096,-55.63167857998898,0.001842619070671145
acf822565702fcede400a967594e16c81a13b017,A,main,97,-34.21262446375265,-55.541841920228734,0.0018723544463928178
acf822565702fcede400a967594e16c81a13b017,A,main,98,-34.1241692913971,-55.452930197425005,0.0019024343393442694
acf822565702fcede400a967594e16c81a13b017,A,main,99,-34.03662519893418,-55.36492466438605,0.0019328596943209851
acf822565702fcede400a967594e16c81a13b017,A,main,100,-33.94997401028013,-55.277807139121016,0.001963631457044758
acf822565702fcede400a967594e16c81a13b017,A,main,101,-33.8641980920892,-55.19155998233604,0.001994750573932587
acf822565702fcede400a967594e16c81a13b017,A,main,102,-33.77928033236456,-55.106166076055786,0.002026217991844358
acf822565702fcede400a967594e16c81a13b017,A,main,103,-33.69520412011265,-55.02160880326685,0.0020580346578642694
acf822565702fcede400a967594e16c81a13b017,A,main,104,-33.61195332598041,-54.93787202857119,0.002090201519058153
acf822565702fcede400a967594e16c81a13b017,A,main,105,-33.52951228381861,-54.85494007973244,0.0021227195222288525
acf822565702fcede400a967594e16c81a13b017,A,main,106,-33.44786577311948,-54.77279773012498,0.0021555896136870303
acf822565702fcede400a967594e16c81a13b017,A,main,107,-33.36699900227874,-54.69143018199682,0.0021888127390007573
acf822565702fcede400a967594e16c81a13b017,A,main,108,-33.28689759263571,-54.61082305050618,0.0022223898427749904
acf822565702fcede400a967594e16c81a13b017,A,main,109,-33.20754756324981,-54.53096234849874,0.002256321868404042
acf822565702fcede400a967594e16c81a13b017,A,main,110,-33.12893531637098,-54.451834471979204,0.002290609757803788
acf822565702fcede400a967594e16c81a13b017,A,main,111,-33.051047623568856,-54.373426186248196,0.0023252544512191034
acf822565702fcede400a967594e16c81a13b017,A,main,112,-32.9738716124827,-54.29572461263988,0.0023602568869464167
acf822565702fcede400a967594e16c81a13b017,A,main,113,-32.89739475416144,-54.21871721587053,0.0023956180011150885
acf822565702fcede400a967594e16c81a13b017,A,main,114,-32.82160485096042,-54.1423917919378,0.0024313387274186326
acf822565702fcede400a967594e16c81a13b017,A,main,115,-32.746490024967045,-54.06673645654317,0.002467419996906699
acf822565702fcede400a967594e16c81a13b017,A,main,116,-32.672038706927594,-53.991739634016,0.002503862737721098
acf822565702fcede400a967594e16c81a13b017,A,main,117,-32.59823962564927,-53.917390046727036,0.0025406678748491895
acf822565702fcede400a967594e16c81a13b017,A,main,118,-32.52508179785283,-53.84367670492907,0.002577836329901372
acf822565702fcede400a967594e16c81a13b017,A,main,119,-32.45255451845394,-53.77058889704894,0.0026153690208634887
acf822565702fcede400a967594e16c81a13b017,A,main,120,-32.380647351250616,-53.698116180370015,0.002653266861831864
acf822565702fcede400a967594e16c81a13b017,A,main,121,-32.30935011999735,-53.62624837210849,0.002691530762816816
acf822565702fcede400a967594e16c81a13b017,A,main,122,-32.23865289984674,-53.55497554085656,0.0027301616294554912
acf822565702fcede400a967594e16c81a13b017,A,main,123,-32.168546009139966,-53.48428799837215,0.0027691603627777407
acf822565702fcede400a967594e16c81a13b017,A,main,124,-32.09902000152977,-53.41417629170216,0.002808527859007684
acf822565702fcede400a967594e16c81a13b017,A,main,125,-32.03006565842009,-53.34463119562936,0.0028482650092591516
acf822565702fcede400a967594e16c81a13b017,A,main,126,-31.961673981706472,-53.275643705398636,0.002888372699342053
acf822565702fcede400a967594e16c81a13b017,A,main,127,-31.8938361868039,-53.20720502976145,0.002928851809500245
acf822565702fcede400a967594e16c81a13b017,A,main,128,-31.826543695947258,-53.13930658427269,0.0029697032141792956
acf822565702fcede400a967594e16c81a13b017,A,main,129,-31.759788131753005,-53.07193998484078,0.003010927781776876
acf822565702fcede400a967594e16c81a13b017,A,main,130,-31.693561311029825,-53.00509704155691,0.003052526374421114
acf822565702fcede400a967594e16c81a13b017,A,main,131,-31.627855238825433,-52.938769752733194,0.0030944998476987806
acf822565702fcede400a967594e16c81a13b017,A,main,132,-31.56266210270022,-52.87295029917683,0.003136849050468351
acf822565702fcede400a967594e16c81a13b017,A,main,133,-31.49797426721716,-52.807631038680924,0.0031795748245688755
acf822565702fcede400a967594e16c81a13b017,A,main,134,-31.43378426863784,-52.742804500724915,0.0032226780046175855
acf822565702fcede400a967594e16c81a13b017,A,main,135,-31.37008480981535,-52.6784633813653,0.003266159417757331
acf822565702fcede400a967594e16c81a13b017,A,main,136,-31.30686875527655,-52.61460053831857,0.003310019883429084
acf822565702fcede400a967594e16c81a13b017,A,main,137,-31.24412912648319,-52.55120898622085,0.003354260213133819
acf822565702fcede400a967594e16c81a13b017,A,main,138,-31.181859097266404,-52.48828189206844,0.0033988812102021056
acf822565702fcede400a967594e16c81a13b017,A,main,139,-31.120051989425633,-52.425812570812546,0.0034438836695511363
acf822565702fcede400a967594e16c81a13b017,A,main,140,-31.058701268484814,-52.363794481119726,0.0034892683774600877
acf822565702fcede400a967594e16c81a13b017,A,main,141,-30.997800539600597,-52.30222122128036,0.003535036111337737
acf822565702fcede400a967594e16c81a13b017,A,main,142,-30.937343543614055,-52.24108652525573,0.0035811876395006876
acf822565702fcede400a967594e16c81a13b017,A,main,143,-30.877324153241524,-52.180384258874575,0.003627723720926495
acf822565702fcede400a967594e16c81a13b017,A,main,144,-30.81773636939832,-52.12010841616072,0.0036746451050308987
acf822565702fcede400a967594e16c81a13b017,A,main,145,-30.75857431764886,-52.06025311577409,0.003721952531454689
acf822565702fcede400a967594e16c81a13b017,A,main,146,-30.699832244779852,-52.00081259759163,0.0037696467298196914
acf822565702fcede400a967594e16c81a13b017,A,main,147,-30.641504515489206,-51.94178121939917,0.0038177284195127074
acf822565702fcede400a967594e16c81a13b017,A,main,148,-30.583585609188255,-51.88315345368683,0.003866198309469452
acf822565702fcede400a967594e16c81a13b017,A,main,149,-30.526070116910937,-51.824923884561336,0.003915057097928562
acf822565702fcede400a967594e16c81a13b017,A,main,150,-30.46895273832679,-51.76708720476489,0.00396430547224155
acf822565702fcede400a967594e16c81a13b017,A,comparison,1,-74.57149256933305,-93.90000701379206,0.0004684919390343155
acf822565702fcede400a967594e16c81a13b017,A,comparison,2,-68.56106234877947,-88.13581266262901,0.0004688240703570089
acf822565702fcede400a967594e16c81a13b017,A,comparison,3,-65.04113825307834,-84.66317669406054,0.0004693776468480456
acf822565702fcede400a967594e16c81a13b017,A,comparison,4,-62.543047046919924,-82.18175007733376,0.000470152704934846
acf822565702fcede400a967594e16c81a13b017,A,comparison,5,-60.60518289284463,-80.25160239956953,0.00047114929559305874
acf822565702fcede400a967594e16c81a13b017,A,comparison,6,-59.021761455381835,-78.67235731095334,0.0004723674843610462
acf822565702fcede400a967594e16c81a13b017,A,comparison,7,-57.682970135058554,-77.33606385156044,0.0004738073512820459
acf822565702fcede400a967594e16c81a13b017,A,comparison,8,-56.52324740790213,-76.17794002456736,0.0004754689909553145
acf822565702fcede400a967594e16c81a13b017,A,comparison,9,-55.50029960328351,-75.1560651032651,0.00047735251244261797
acf822565702fcede400a967594e16c81a13b017,A,comparison,10,-54.58524660690252,-74.24175558423585,0.00047945803929720524
acf822565702fcede400a967594e16c81a13b017,A,comparison,11,-53.757488279880825,-73.4145229469126,0.00048178570950117085
acf822565702fcede400a967594e16c81a13b017,A,comparison,12,-53.00181364144245,-72.65922339330336,0.00048433567546068523
acf822565702fcede400a967594e16c81a13b017,A,comparison,13,-52.306670965850266,-71.9643475973456,0.0004871081039703712
acf822565702fcede400a967594e16c81a13b017,A,comparison,14,-51.66308071240665,-71.32094384743658,0.0004901031761516476
acf822565702fcede400a967594e16c81a13b017,A,comparison,15,-51.06392436560331,-70.72191250673453,0.0004933210874421897
acf822565702fcede400a967594e16c81a13b017,A,comparison,16,-50.50346323929358,-70.16152806197636,0.0004967620475497144
acf822565702fcede400a967594e16c81a13b017,A,comparison,17,-49.977003406200936,-69.63510600396592,0.0005004262803951608
acf822565702fcede400a967594e16c81a13b017,A,comparison,18,-49.480656539694905,-69.13876488424847,0.0005043140240616646
acf822565702fcede400a967594e16c81a13b017,A,comparison,19,-49.011165499238835,-68.66925268040295,0.0005084255307647529
acf822565702fcede400a967594e16c81a13b017,A,comparison,20,-48.56577470310925,-68.22381768295232,0.0005127610667675745
acf822565702fcede400a967594e16c81a13b017,A,comparison,21,-48.142132159138455,-67.80011087320791,0.0005173209123491774
acf822565702fcede400a967594e16c81a13b017,A,comparison,22,-47.738214306067405,-67.39611100394582,0.0005221053617332518
acf822565702fcede400a967594e16c81a13b017,A,comparison,23,-47.35226757481395,-67.01006632881767,0.0005271147230110912
acf822565702fcede400a967594e16c81a13b017,A,comparison,24,-46.98276239572121,-66.64044872979525,0.0005323493181069928
acf822565702fcede400a967594e16c81a13b017,A,comparison,25,-46.62835660051273,-66.28591720634208,0.000537809482669405
acf822565702fcede400a967594e16c81a13b017,A,comparison,26,-46.2878660062579,-65.94528852362589,0.0005434955660363376
acf822565702fcede400a967594e16c81a13b017,A,comparison,27,-45.960240553751845,-65.61751339876827,0.0005494079311197689
acf822565702fcede400a967594e16c81a13b017,A,comparison,28,-45.64454478742427,-65.3016570169144,0.0005555469543546724
acf822565702fcede400a967594e16c81a13b017,A,comparison,29,-45.33994176205962,-64.99688296551871,0.0005619130256220095
acf822565702fcede400a967594e16c81a13b017,A,comparison,30,-45.04567967884565,-64.70243989165601,0.0005685065481215788
acf822565702fcede400a967594e16c81a13b017,A,comparison,31,-44.76108071347396,-64.41765034664758,0.0005753279383393816
acf822565702fcede400a967594e16c81a13b017,A,comparison,32,-44.48553161849459,-64.14190140139195,0.0005823776259233744
acf822565702fcede400a967594e16c81a13b017,A,comparison,33,-44.21847577217812,-63.87463670550471,0.0005896560535920165
acf822565702fcede400a967594e16c81a13b017,A,comparison,34,-43.95940641466747,-63.61534973164186,0.0005971636770476436
acf822565702fcede400a967594e16c81a13b017,A,comparison,35,-43.70786086482448,-63.36357799892373,0.0006049009648724879
acf822565702fcede400a967594e16c81a13b017,A,comparison,36,-43.46341555194212,-63.11889810995959,0.0006128683984073431
acf822565702fcede400a967594e16c81a13b017,A,comparison,37,-43.22568172830731,-62.88092146773585,0.0006210664717054582
acf822565702fcede400a967594e16c81a13b017,A,comparison,38,-42.994301753633266,-62.64929056357676,0.0006294956913379182
acf822565702fcede400a967594e16c81a13b017,A,comparison,39,-42.768945862200205,-62.42367574719659,0.0006381565763620128
acf822565702fcede400a967594e16c81a13b017,A,comparison,40,-42.549309339353734,-62.20377240561245,0.0006470496581401272
acf822565702fcede400a967594e16c81a13b017,A,comparison,41,-42.33511004669403,-61.98929849032127,0.0006561754802975131
acf822565702fcede400a967594e16c81a13b017,A,comparison,42,-42.126086245522,-61.77999234243363,0.0006655345985267223
acf822565702fcede400a967594e16c81a13b017,A,comparison,43,-41.92199467642445,-61.57561077364453,0.0006751275805328488
acf822565702fcede400a967594e16c81a13b017,A,comparison,44,-41.72260885965618,-61.37592736781399,0.0006849550058437574
acf822565702fcede400a967594e16c81a13b017,A,comparison,45,-41.527717586538685,-61.18073097335119,0.0006950174657447278
acf822565702fcede400a967594e16c81a13b017,A,comparison,46,-41.337123576681435,-60.98982436129595,0.0007053155631021918
acf822565702fcede400a967594e16c81a13b017,A,comparison,47,-41.150642279620044,-60.80302302767482,0.0007158499122646323
acf822565702fcede400a967594e16c81a13b017,A,comparison,48,-40.968100802628456,-60.62015412193801,0.0007266211389027242
acf822565702fcede400a967594e16c81a13b017,A,comparison,49,-40.789336949087804,-60.44105548585529,0.0007376298798784154
acf822565702fcede400a967594e16c81a13b017,A,comparison,50,-40.614198354011116,-60.26557478950689,0.0007488767831159376
acf822565702fcede400a967594e16c81a13b017,A,comparison,51,-40.44254170517596,-60.093568752799065,0.000760362507429425
acf822565702fcede400a967594e16c81a13b017,A,comparison,52,-40.274232039889775,-59.92490244258757,0.0007720877224363676
acf822565702fcede400a967594e16c81a13b017,A,comparison,53,-40.109142108742404,-59.75944863671308,0.0007840531083312301
acf822565702fcede400a967594e16c81a13b017,A,comparison,54,-39.947151798831236,-59.59708724750637,0.0007962593557989132
acf822565702fcede400a967594e16c81a13b017,A,comparison,55,-39.788147609910844,-59.43770479813823,0.0008087071658221331
acf822565702fcede400a967594e16c81a13b017,A,comparison,56,-39.63202217774334,-59.281193946194236,0.0008213972495640302
acf822565702fcede400a967594e16c81a13b017,A,comparison,57,-39.47867383963731,-59.127453049371056,0.0008343303281562669
acf822565702fcede400a967594e16c81a13b017,A,comparison,58,-39.328006237771405,-58.97638576896276,0.000847507132600931
acf822565702fcede400a967594e16c81a13b017,A,comparison,59,-39.17992795642717,-58.82790070722358,0.0008609284035779288
acf822565702fcede400a967594e16c81a13b017,A,comparison,60,-39.03435218971053,-58.68191107521134,0.0008745948912533466
acf822565702fcede400a967594e16c81a13b017,A,comparison,61,-38.89119643673796,-58.53833438808414,0.0008885073551678617
acf822565702fcede400a967594e16c81a13b017,A,comparison,62,-38.75038222160781,-58.3970921851561,0.0009026665640209981
acf822565702fcede400a967594e16c81a13b017,A,comparison,63,-38.61183483577661,-58.25810977236651,0.0009170732955392923
acf822565702fcede400a967594e16c81a13b017,A,comparison,64,-38.47548310072308,-58.12131598500956,0.0009317283362644119
acf822565702fcede400a967594e16c81a13b017,A,comparison,65,-38.34125914901277,-57.986642968877426,0.0009466324814097536
acf822565702fcede400a967594e16c81a13b017,A,comparison,66,-38.20909822207706,-57.85402597808252,0.0009617865346553185
acf822565702fcede400a967594e16c81a13b017,A,comparison,67,-38.07893848319802,-57.723403188114375,0.0009771913079830972
acf822565702fcede400a967594e16c81a13b017,A,comparison,68,-37.9507208443487,-57.59471552270803,0.00099284762149992
acf822565702fcede400a967594e16c81a13b017,A,comparison,69,-37.824388805673465,-57.46790649338457,0.0010087563032439117
acf822565702fcede400a967594e16c81a13b017,A,comparison,70,-37.69988830651721,-57.34292205051044,0.0010249181890044556
acf822565702fcede400a967594e16c81a13b017,A,comparison,71,-37.57716758702229,-57.2197104449225,0.0010413341221180423
acf822565702fcede400a967594e16c81a13b017,A,comparison,72,-37.456177059403245,-57.09822209925002,0.001058004953309455
acf822565702fcede400a967594e16c81a13b017,A,comparison,73,-37.336869188101495,-56.978409488083095,0.0010749315404673706
acf822565702fcede400a967594e16c81a13b017,A,comparison,74,-37.21919837809235,-56.86022702631395,0.0010921147484749382
acf822565702fcede400a967594e16c81a13b017,A,comparison,75,-37.10312087068924,-56.743630964958946,0.0011095554489979232
acf822565702fcede400a967594e16c81a13b017,A,comparison,76,-36.98859464624895,-56.62857929388784,0.0011272545203075718
acf822565702fcede400a967594e16c81a13b017,A,comparison,77,-36.8755793332369,-56.51503165091028,0.0011452128470485056
acf822565702fcede400a967594e16c81a13b017,A,comparison,78,-36.76403612315829,-56.40294923671293,0.0011634313200828065
acf822565702fcede400a967594e16c81a13b017,A,comparison,79,-36.65392769090964,-56.292294735240645,0.0011819108362386241
acf822565702fcede400a967594e16c81a13b017,A,comparison,80,-36.54521812013914,-56.18303223906247,0.0012006522981523363
acf822565702fcede400a967594e16c81a13b017,A,comparison,81,-36.4378728332434,-56.075127179386556,0.001219656614025836
acf822565702fcede400a967594e16c81a13b017,A,comparison,82,-36.33185852565954,-55.968546260357705,0.0012389246974494053
acf822565702fcede400a967594e16c81a13b017,A,comparison,83,-36.22714310413925,-55.863257397345095,0.0012584574671609331
acf822565702fcede400a967594e16c81a13b017,A,comparison,84,-36.123695628719965,-55.759229658927325,0.0012782558468726482
acf822565702fcede400a967594e16c81a13b017,A,comparison,85,-36.02148625812904,-55.656433212298936,0.0012983207650293736
acf822565702fcede400a967594e16c81a13b017,A,comparison,86,-35.9204861983818,-55.55483927187667,0.0013186531546034311
acf822565702fcede400a967594e16c81a13b017,A,comparison,87,-35.820667654350174,-55.454420050885005,0.0013392539529040153
acf822565702fcede400a967594e16c81a13b017,A,comparison,88,-35.72200378409921,-55.355148715687676,0.001360124101316158
acf822565702fcede400a967594e16c81a13b017,A,comparison,89,-35.62446865580418,-55.25699934271402,0.0013812645451158883
acf822565702fcede400a967594e16c81a13b017,A,comparison,90,-35.52803720707357,-55.159946877794475,0.0014026762332545277
acf822565702fcede400a967594e16c81a13b017,A,comparison,91,-35.43268520652059,-55.063967097729,0.0014243601181208032
acf822565702fcede400a967594e16c81a13b017,A,comparison,92,-35.338389217433864,-54.969036573963905,0.001446317155333821
acf822565702fcede400a967594e16c81a13b017,A,comparison,93,-35.24512656341227,-54.87513263823422,0.001468548303507108
acf822565702fcede400a967594e16c81a13b017,A,comparison,94,-35.152875295838065,-54.782233350041054,0.0014910545240348315
acf822565702fcede400a967594e16c81a13b017,A,comparison,95,-35.06161416307007,-54.6903174658422,0.001513836780874165
acf822565702fcede400a967594e16c81a13b017,A,comparison,96,-34.97132258125055,-54.599364409868414,0.0015368960403141455
acf822565702fcede400a967594e16c81a13b017,A,comparison,97,-34.88198060662479,-54.50935424644106,0.001560233270742602
acf822565702fcede400a967594e16c81a13b017,A,comparison,98,-34.793568909279614,-54.42026765371907,0.0015838494424285157
acf822565702fcede400a967594e16c81a13b017,A,comparison,99,-34.70606874821571,-54.33208589876852,0.0016077455272841222
acf822565702fcede400a967594e16c81a13b017,A,comparison,100,-34.6194619476721,-54.24479081389244,0.0016319224986540187
acf822565702fcede400a967594e16c81a13b017,A,comparison,101,-34.53373087462892,-54.158364774132785,0.001656381331064725
acf822565702fcede400a967594e16c81a13b017,A,comparison,102,-34.448858417417966,-54.07279067588497,0.001681123000008963
acf822565702fcede400a967594e16c81a13b017,A,comparison,103,-34.36482796537733,-53.98805191655307,0.0017061484817067877
acf822565702fcede400a967594e16c81a13b017,A,comparison,104,-34.281623389488466,-53.90413237518828,0.0017314587528763597
acf822565702fcede400a967594e16c81a13b017,A,comparison,105,-34.19922902393978,-53.821016394053636,0.0017570547905018216
acf822565702fcede400a967594e16c81a13b017,A,comparison,106,-34.11762964856377,-53.73868876106516,0.001782937571597313
acf822565702fcede400a967594e16c81a13b017,A,comparison,107,-34.03681047209966,-53.65713469304997,0.0018091080729854513
acf822565702fcede400a967594e16c81a13b017,A,comparison,108,-33.95675711623313,-53.57633981979072,0.0018355672710372282
acf822565702fcede400a967594e16c81a13b017,A,comparison,109,-33.87745560037233,-53.49629016880229,0.0018623161414668805
acf822565702fcede400a967594e16c81a13b017,A,comparison,110,-33.79889232711981,-53.41697215080498,0.001889355659072743
acf822565702fcede400a967594e16c81a13b017,A,comparison,111,-33.721054068400036,-53.338372545846994,0.0019166867975186103
acf822565702fcede400a967594e16c81a13b017,A,comparison,112,-33.64392795221025,-53.26047849006046,0.0019443105290938725
acf822565702fcede400a967594e16c81a13b017,A,comparison,113,-33.567501449960055,-53.183277463007386,0.0019722278244562862
acf822565702fcede400a967594e16c81a13b017,A,comparison,114,-33.49176236436862,-53.10675727556279,0.002000439652445154
acf822565702fcede400a967594e16c81a13b017,A,comparison,115,-33.41669881789008,-53.03090605835134,0.002028946979779716
acf822565702fcede400a967594e16c81a13b017,A,comparison,116,-33.34229924163996,-52.95571225067107,0.002057750770883896
acf822565702fcede400a967594e16c81a13b017,A,comparison,117,-33.268552364798154,-52.88116458989404,0.0020868519875981853
acf822565702fcede400a967594e16c81a13b017,A,comparison,118,-33.19544720446044,-52.807252101322455,0.0021162515889764097
acf822565702fcede400a967594e16c81a13b017,A,comparison,119,-33.12297305592075,-52.733964088465505,0.002145950531033292
acf822565702fcede400a967594e16c81a13b017,A,comparison,120,-33.05111948335794,-52.661290123733515,0.002175949766517092
acf822565702fcede400a967594e16c81a13b017,A,comparison,121,-32.97987631091055,-52.589220039501654,0.002206250244660052
acf822565702fcede400a967594e16c81a13b017,A,comparison,122,-32.90923361411774,-52.5177439195603,0.0022368529109442767
acf822565702fcede400a967594e16c81a13b017,A,comparison,123,-32.83918171171015,-52.44685209090353,0.0022677587068743506
acf822565702fcede400a967594e16c81a13b017,A,comparison,124,-32.769711157733,-52.37653511584861,0.0022989685697325938
acf822565702fcede400a967594e16c81a13b017,A,comparison,125,-32.70081273398538,-52.306783784475634,0.00233048343234106
acf822565702fcede400a967594e16c81a13b017,A,comparison,126,-32.632477442760845,-52.23758910737285,0.0023623042228293166
acf822565702fcede400a967594e16c81a13b017,A,comparison,127,-32.56469649987515,-52.16894230865773,0.002394431864391608
acf822565702fcede400a967594e16c81a13b017,A,comparison,128,-32.49746132796667,-52.1008348192806,0.0024268672750584817
acf822565702fcede400a967594e16c81a13b017,A,comparison,129,-32.430763550058536,-52.033258270584206,0.0024596113674568284
acf822565702fcede400a967594e16c81a13b017,A,comparison,130,-32.36459498336839,-51.966204488115324,0.002492665048582461
acf822565702fcede400a967594e16c81a13b017,A,comparison,131,-32.29894763335581,-51.89966548566959,0.002526029219550495
acf822565702fcede400a967594e16c81a13b017,A,comparison,132,-32.23381368799607,-51.833633459565704,0.0025597047753688745
acf822565702fcede400a967594e16c81a13b017,A,comparison,133,-32.169185512269436,-51.76810078313287,0.0025936926047234635
acf822565702fcede400a967594e16c81a13b017,A,comparison,134,-32.10505564285773,-51.7030600014111,0.002627993589703329
acf822565702fcede400a967594e16c81a13b017,A,comparison,135,-32.041416783037086,-51.638503826036555,0.002662608605603178
acf822565702fcede400a967594e16c81a13b017,A,comparison,136,-31.978261797759707,-51.574425130329125,0.0026975385206833456
acf822565702fcede400a967594e16c81a13b017,A,comparison,137,-31.915583708915946,-51.51081694454804,0.002732784195935566
acf822565702fcede400a967594e16c81a13b017,A,comparison,138,-31.853375690767976,-51.447672451332245,0.002768346484842942
acf822565702fcede400a967594e16c81a13b017,A,comparison,139,-31.791631065548813,-51.384984981288525,0.002804226233178494
acf822565702fcede400a967594e16c81a13b017,A,comparison,140,-31.730343299218887,-51.32274800875802,0.002840424278744854
acf822565702fcede400a967594e16c81a13b017,A,comparison,141,-31.669505997374003,-51.26095514771865,0.0028769414511612247
acf822565702fcede400a967594e16c81a13b017,A,comparison,142,-31.60911290129668,-51.199600147833024,0.002913778571640673
acf822565702fcede400a967594e16c81a13b017,A,comparison,143,-31.54915788414804,-51.138676890643715,0.0029509364527577748
acf822565702fcede400a967594e16c81a13b017,A,comparison,144,-31.48963494728992,-51.0781793858935,0.002988415898225895
acf822565702fcede400a967594e16c81a13b017,A,comparison,145,-31.430538216736828,-51.01810176797569,0.003026217702672528
acf822565702fcede400a967594e16c81a13b017,A,comparison,146,-31.371861939727317,-50.95843829250577,0.0030643426514146235
acf822565702fcede400a967594e16c81a13b017,A,comparison,147,-31.313600481414298,-50.89918333301185,0.0031027915202435584
acf822565702fcede400a967594e16c81a13b017,A,comparison,148,-31.255748321666545,-50.84033137773044,0.003141565075192726
acf822565702fcede400a967594e16c81a13b017,A,comparison,149,-31.198300051977895,-50.78187702652377,0.003180664072338881
acf822565702fcede400a967594e16c81a13b017,A,comparison,150,-31.141250372480343,-50.72381498788191,0.003220089257563922
acf822565702fcede400a967594e16c81a13b017,B,main,1,-74.66930009983103,-89.75218036071254,0.0004889424181845076
acf822565702fcede400a967594e16c81a13b017,B,main,2,-68.65541877368861,-83.73190796596356,0.0004893028662445349
acf822565702fcede400a967594e16c81a13b017,B,main,3,-65.13485567477264,-80.2101436854598,0.0004899036380332283
acf822565702fcede400a967594e16c81a13b017,B,main,4,-62.63654255555669,-77.71139055967411,0.0004907447710801949
acf822565702fcede400a967594e16c81a13b017,B,main,5,-60.69857769481195,-75.77320061944184,0.000491826317924399
acf822565702fcede400a967594e16c81a13b017,B,main,6,-59.115103697449705,-74.18958164306531,0.0004931483460707872
acf822565702fcede400a967594e16c81a13b017,B,main,7,-57.77628292360302,-72.85064978771881,0.0004947109380356412
acf822565702fcede400a967594e16c81a13b017,B,main,8,-56.616543388080025,-71.69081376727947,0.0004965141912463178
acf822565702fcede400a967594e16c81a13b017,B,main,9,-55.59358642217231,-70.6677656918402,0.0004985582181059017
acf822565702fcede400a967594e16c81a13b017,B,main,10,-54.6785292789766,-69.75261795741092,0.0005008431458881346
acf822565702fcede400a967594e16c81a13b017,B,main,11,-53.85077032595031,-68.92476617550346,0.0005033691167635073
acf822565702fcede400a967594e16c81a13b017,B,main,12,-53.09509768366817,-68.1689968083862,0.0005061362877645996
acf822565702fcede400a967594e16c81a13b017,B,main,13,-52.399959059422436,-67.47375651687014,0.0005091448307138174
acf822565702fcede400a967594e16c81a13b017,B,main,14,-51.75637454046803,-66.83006470126529,0.0005123949322118912
acf822565702fcede400a967594e16c81a13b017,B,main,15,-51.15722535894945,-66.23080212752917,0.0005158867936051645
acf822565702fcede400a967594e16c81a13b017,B,main,16,-50.59677265266052,-65.67022960795273,0.0005196206309191346
acf822565702fcede400a967594e16c81a13b017,B,main,17,-50.07032236845792,-65.14365285642836,0.0005235966748103233
acf822565702fcede400a967594e16c81a13b017,B,main,18,-49.5739860877915,-64.64718328401305,0.000527815170541298
acf822565702fcede400a967594e16c81a13b017,B,main,19,-49.104506601724445,-64.17756355471144,0.0005322763778862645
acf822565702fcede400a967594e16c81a13b017,B,main,20,-48.65912827678039,-63.732037938652546,0.0005369805711041707
acf822565702fcede400a967594e16c81a13b017,B,main,21,-48.235499081046065,-63.30825432962123,0.0005419280388761366
acf822565702fcede400a967594e16c81a13b017,B,main,22,-47.83159542232588,-62.904189077326876,0.0005471190842081696
acf822565702fcede400a967594e16c81a13b017,B,main,23,-47.44566370716357,-62.518088542267975,0.0005525540244071814
acf822565702fcede400a967594e16c81a13b017,B,main,24,-47.0761743464839,-62.14842309842068,0.0005582331909682857
acf822565702fcede400a967594e16c81a13b017,B,main,25,-46.72178515638349,-61.79385053187424,0.0005641569295460038
acf822565702fcede400a967594e16c81a13b017,B,main,26,-46.38131194123683,-61.453186622356526,0.0005703255998271093
acf822565702fcede400a967594e16c81a13b017,B,main,27,-46.05370463143741,-61.125381279796045,0.000576739575493165
acf822565702fcede400a967594e16c81a13b017,B,main,28,-45.73802776282348,-60.80949902285408,0.000583399244099165
acf822565702fcede400a967594e16c81a13b017,B,main,29,-45.43344438302965,-60.504702884599205,0.0005903050070187251
acf822565702fcede400a967594e16c81a13b017,B,main,30,-45.13920268725152,-60.210241047747715,0.0005974572793333439
acf822565702fcede400a967594e16c81a13b017,B,main,31,-44.854624846125645,-59.925435672139685,0.0006048564897419217
acf822565702fcede400a967594e16c81a13b017,B,main,32,-44.579097607910676,-59.6496734965913,0.0006125030804741429
acf822565702fcede400a967594e16c81a13b017,B,main,33,-44.312064347212626,-59.38239788737816,0.0006203975071768604
acf822565702fcede400a967594e16c81a13b017,B,main,34,-44.05301830102666,-59.123102074069756,0.0006285402388294174
acf822565702fcede400a967594e16c81a13b017,B,main,35,-43.80149678549686,-58.871323366128586,0.0006369317576232927
acf822565702fcede400a967594e16c81a13b017,B,main,36,-43.557076227556465,-58.62663818441788,0.000645572558844643
acf822565702fcede400a967594e16c81a13b017,B,main,37,-43.31936787743396,-58.38865777360339,0.0006544631507838551
acf822565702fcede400a967594e16c81a13b017,B,main,38,-43.088014093037515,-58.15702448645381,0.0006636040546200276
acf822565702fcede400a967594e16c81a13b017,B,main,39,-42.862685107057004,-57.93140855086604,0.0006729958042736343
acf822565702fcede400a967594e16c81a13b017,B,main,40,-42.64307620343072,-57.71150524627399,0.0006826389463334493
acf822565702fcede400a967594e16c81a13b017,B,main,41,-42.42890524250697,-57.497032428762736,0.0006925340398870394
acf822565702fcede400a967594e16c81a13b017,B,main,42,-42.21991048446881,-57.28772835445138,0.0007026816564197319
acf822565702fcede400a967594e16c81a13b017,B,main,43,-42.015848668899956,-57.083349759024756,0.0007130823796721193
acf822565702fcede400a967594e16c81a13b017,B,main,44,-41.81649331515112,-56.88367015807149,0.0007237368055168568
acf822565702fcede400a967594e16c81a13b017,B,main,45,-41.62163321372561,-56.688478338442266,0.0007346455418316053
acf822565702fcede400a967594e16c81a13b017,B,main,46,-41.43107108348892,-56.49757701544242,0.00074580920834305
acf822565702fcede400a967594e16c81a13b017,B,main,47,-41.24462237329786,-56.310781634443394,0.0007572284364844218
acf822565702fcede400a967594e16c81a13b017,B,main,48,-41.06211418980388,-56.12791929866566,0.00076890386927135
acf822565702fcede400a967594e16c81a13b017,B,main,49,-40.88338433581483,-55.94882780753542,0.0007808361611410697
acf822565702fcede400a967594e16c81a13b017,B,main,50,-40.70828044581397,-55.773354792185515,0.0007930259778109227
acf822565702fcede400a967594e16c81a13b017,B,main,51,-40.5366592070871,-55.60135693657734,0.0008054739961185391
acf822565702fcede400a967594e16c81a13b017,B,main,52,-40.36838565648317,-55.43269927425215,0.0008181809038629869
acf822565702fcede400a967594e16c81a13b017,B,main,53,-40.2033325441633,-55.26725455207174,0.0008311473996710005
acf822565702fcede400a967594e16c81a13b017,B,main,54,-40.04137975682199,-55.10490265343603,0.0008443741928188507
acf822565702fcede400a967594e16c81a13b017,B,main,55,-39.882413793833905,-54.94553007442118,0.0008578620030696487
acf822565702fcede400a967594e16c81a13b017,B,main,56,-39.726327290601546,-54.78902944712559,0.0008716115605145118
acf822565702fcede400a967594e16c81a13b017,B,main,57,-39.573018584091976,-54.63529910520073,0.0008856236054021593
acf822565702fcede400a967594e16c81a13b017,B,main,58,-39.42239131615865,-54.484242687171395,0.0008998988879733352
acf822565702fcede400a967594e16c81a13b017,B,main,59,-39.27435407077159,-54.33576877365873,0.0009144381682778737
acf822565702fcede400a967594e16c81a13b017,B,main,60,-39.128820041737946,-54.18979055510569,0.0009292422160284173
acf822565702fcede400a967594e16c81a13b017,B,main,61,-38.98570672788698,-54.04622552694885,0.000944311810366374
acf822565702fcede400a967594e16c81a13b017,B,main,62,-38.84493565303926,-53.90499520959581,0.0009596477397532546
acf822565702fcede400a967594e16c81a13b017,B,main,63,-38.706432108382714,-53.766024890793986,0.0009752508017376015
acf822565702fcede400a967594e16c81a13b017,B,main,64,-38.57012491513534,-53.62924338829306,0.0009911218027846079
acf822565702fcede400a967594e16c81a13b017,B,main,65,-38.4359462056088,-53.494582830906126,0.001007261558103811
acf822565702fcede400a967594e16c81a13b017,B,main,66,-38.30383122098678,-53.36197845628892,0.001023670891438212
acf822565702fcede400a967594e16c81a13b017,B,main,67,-38.173718124309474,-53.231368423923044,0.0010403506348929384
acf822565702fcede400a967594e16c81a13b017,B,main,68,-38.04554782731273,-53.102693641951774,0.0010573016287243686
acf822565702fcede400a967594e16c81a13b017,B,main,69,-37.91926382990797,-52.975897606659885,0.0010745247211668713
acf822565702fcede400a967594e16c81a13b017,B,main,70,-37.79481207121118,-52.850926253507225,0.0010920207682113253
acf822565702fcede400a967594e16c81a13b017,B,main,71,-37.672140791138936,-52.727727818716204,0.0011097906334212539
acf822565702fcede400a967594e16c81a13b017,B,main,72,-37.55120040168346,-52.60625271055066,0.0011278351877306394
acf822565702fcede400a967594e16c81a13b017,B,main,73,-37.431943367066,-52.48645338946883,0.0011461553092388416
acf822565702fcede400a967594e16c81a13b017,B,main,74,-37.314324092044025,-52.368284256430215,0.001164751882994915
acf822565702fcede400a967594e16c81a13b017,B,main,75,-37.198298817715454,-52.25170154869932,0.0011836258008108547
acf822565702fcede400a967594e16c81a13b017,B,main,76,-37.08382552422314,-52.13666324254675,0.0012027779610295202
acf822565702fcede400a967594e16c81a13b017,B,main,77,-36.97086383981989,-52.02312896231991,0.0012222092683369218
acf822565702fcede400a967594e16c81a13b017,B,main,78,-36.8593749557997,-51.91105989537065,0.0012419206335417187
acf822565702fcede400a967594e16c81a13b017,B,main,79,-36.7493215468492,-51.80041871240612,0.0012619129733460355
acf822565702fcede400a967594e16c81a13b017,B,main,80,-36.64066769640722,-51.69116949285144,0.0012821872101384658
acf822565702fcede400a967594e16c81a13b017,B,main,81,-36.533378826662116,-51.5832776548426,0.0013027442717947891
acf822565702fcede400a967594e16c81a13b017,B,main,82,-36.42742163284325,-51.47670988952281,0.0013235850914198567
acf822565702fcede400a967594e16c81a13b017,B,main,83,-36.32276402149497,-51.371434099312324,0.0013447106071714599
acf822565702fcede400a967594e16c81a13b017,B,main,84,-36.21937505244778,-51.267419339882245,0.0013661217619993216
acf822565702fcede400a967594e16c81a13b017,B,main,85,-36.117224884222495,-51.16463576555687,0.0013878195034429238
acf822565702fcede400a967594e16c81a13b017,B,main,86,-36.016284722628036,-51.0630545779156,0.001409804783401364
acf822565702fcede400a967594e16c81a13b017,B,main,87,-35.91652677232997,-50.96264797735756,0.001432078557893566
acf822565702fcede400a967594e16c81a13b017,B,main,88,-35.817924191187174,-50.86338911743849,0.0014546417868503195
acf822565702fcede400a967594e16c81a13b017,B,main,89,-35.72045104716864,-50.76525206178995,0.0014774954338773847
acf822565702fcede400a967594e16c81a13b017,B,main,90,-35.624082277676315,-50.66821174344228,0.0015006404660147373
acf822565702fcede400a967594e16c81a13b017,B,main,91,-35.528793651117006,-50.57224392639584,0.0015240778535015995
acf822565702fcede400a967594e16c81a13b017,B,main,92,-35.43456173057257,-50.47732516928992,0.001547808569577158
acf822565702fcede400a967594e16c81a13b017,B,main,93,-35.34136383943509,-50.38343279104204,0.0015718335901906153
acf822565702fcede400a967594e16c81a13b017,B,main,94,-35.24917802887949,-50.29054483831827,0.0015961538938269832
acf822565702fcede400a967594e16c81a13b017,B,main,95,-35.15798304705742,-50.19864005472638,0.0016207704611988054
acf822565702fcede400a967594e16c81a13b017,B,main,96,-35.06775830990325,-50.10769785162266,0.0016456842750825558
acf822565702fcede400a967594e16c81a13b017,B,main,97,-34.97848387345428,-50.01769828043795,0.001670896320023862
acf822565702fcede400a967594e16c81a13b017,B,main,98,-34.89014040758879,-49.92862200640606,0.0016964075821285687
acf822565702fcede400a967594e16c81a13b017,B,main,99,-34.802709171098904,-49.840450283645254,0.001722219048793032
acf822565702fcede400a967594e16c81a13b017,B,main,100,-34.71617198801439,-49.75316493147889,0.0017483317084971083
acf822565702fcede400a967594e16c81a13b017,B,main,101,-34.630511225105906,-49.66674831193909,0.0017747465505334786
acf822565702fcede400a967594e16c81a13b017,B,main,102,-34.54570977049551,-49.581183308377234,0.0018014645647794125
acf822565702fcede400a967594e16c81a13b017,B,main,103,-34.461751013311094,-49.49645330512149,0.0018284867414357332
acf822565702fcede400a967594e16c81a13b017,B,main,104,-34.378618824323596,-49.412542168111734,0.001855814070801466
acf822565702fcede400a967594e16c81a13b017,B,main,105,-34.29629753751033,-49.32943422646174,0.0018834475430195509
acf822565702fcede400a967594e16c81a13b017,B,main,106,-34.21477193249272,-49.247114254901916,0.0019113881478225484
acf822565702fcede400a967594e16c81a13b017,B,main,107,-34.13402721779799,-49.165567457038804,0.0019396368743014917
acf822565702fcede400a967594e16c81a13b017,B,main,108,-34.05404901490007,-49.084779449396436,0.0019681947106419398
acf822565702fcede400a967594e16c81a13b017,B,main,109,-33.974823342995094,-49.004736246189225,0.001997062643886071
acf822565702fcede400a967594e16c81a13b017,B,main,110,-33.89633660447254,-48.925424244800446,0.0020262416596812665
acf822565702fcede400a967594e16c81a13b017,B,main,111,-33.81857557104411,-48.846830211906756,0.002055732742034475
acf822565702fcede400a967594e16c81a13b017,B,main,112,-33.741527370493934,-48.76894127022733,0.002085536873053076
acf822565702fcede400a967594e16c81a13b017,B,main,113,-33.665179474018146,-48.69174488586863,0.002115655032711771
acf822565702fcede400a967594e16c81a13b017,B,main,114,-33.58951968412227,-48.615228856219275,0.00214608819858379
acf822565702fcede400a967594e16c81a13b017,B,main,115,-33.514536123046135,-48.5393812983741,0.0021768373456068106
acf822565702fcede400a967594e16c81a13b017,B,main,116,-33.44021722169175,-48.46419063806615,0.002207903445819937
acf822565702fcede400a967594e16c81a13b017,B,main,117,-33.36655170902415,-48.38964559906528,0.0022392874681296127
acf822565702fcede400a967594e16c81a13b017,B,main,118,-33.29352860192511,-48.315735193031955,0.002270990378033079
acf822565702fcede400a967594e16c81a13b017,B,main,119,-33.22113719547356,-48.24244870980108,0.00230301313739971
acf822565702fcede400a967594e16c81a13b017,B,main,120,-33.149367053633945,-48.169775708066815,0.0023353567041944617
acf822565702fcede400a967594e16c81a13b017,B,main,121,-33.07820800032988,-48.09770600645899,0.0023680220322476143
acf822565702fcede400a967594e16c81a13b017,B,main,122,-33.00765011088569,-48.02622967498495,0.002401010070985928
acf822565702fcede400a967594e16c81a13b017,B,main,123,-32.93768370381733,-47.955337026821795,0.002434321765197546
acf822565702fcede400a967594e16c81a13b017,B,main,124,-32.86829933295496,-47.88501861043588,0.0024679580547708555
acf822565702fcede400a967594e16c81a13b017,B,main,125,-32.79948777988284,-47.81526520202724,0.0025019198744555145
acf822565702fcede400a967594e16c81a13b017,B,main,126,-32.73124004667999,-47.74606779826847,0.0025362081536013
acf822565702fcede400a967594e16c81a13b017,B,main,127,-32.663547348947134,-47.67741760933227,0.002570823815922013
acf822565702fcede400a967594e16c81a13b017,B,main,128,-32.59640110910855,-47.609306052195485,0.0026057677792372027
acf822565702fcede400a967594e16c81a13b017,B,main,129,-32.52979294997262,-47.54172474419541,0.0026410409552235182
acf822565702fcede400a967594e16c81a13b017,B,main,130,-32.46371468854293,-47.47466549684836,0.0026766442491805275
acf822565702fcede400a967594e16c81a13b017,B,main,131,-32.3981583300651,-47.40812030989042,0.0027125785597646923
acf822565702fcede400a967594e16c81a13b017,B,main,132,-32.33311606230069,-47.342081365555885,0.00274884477874745
acf822565702fcede400a967594e16c81a13b017,B,main,133,-32.26858025001649,-47.27654102306565,0.0027854437907945113
acf822565702fcede400a967594e16c81a13b017,B,main,134,-32.20454342968126,-47.2114918133225,0.0028223764731747226
acf822565702fcede400a967594e16c81a13b017,B,main,135,-32.140998304358334,-47.1469264338094,0.002859643695552853
acf822565702fcede400a967594e16c81a13b017,B,main,136,-32.07793773878781,-47.08283774366643,0.002897246319727377
acf822565702fcede400a967594e16c81a13b017,B,main,137,-32.01535475464787,-47.019218758954786,0.0029351851994020178
acf822565702fcede400a967594e16c81a13b017,B,main,138,-31.953242525989204,-46.95606264809251,0.002973461179937017
acf822565702fcede400a967594e16c81a13b017,B,main,139,-31.89159437483425,-46.893362727454516,0.0030120750980791745
acf822565702fcede400a967594e16c81a13b017,B,main,140,-31.830403766932754,-46.83111245712495,0.0030510277817796614
acf822565702fcede400a967594e16c81a13b017,B,main,141,-31.769664307670592,-46.76930543681219,0.0030903200499037783
acf822565702fcede400a967594e16c81a13b017,B,main,142,-31.70936973812156,-46.70793540189397,0.003129952712022704
acf822565702fcede400a967594e16c81a13b017,B,main,143,-31.64951393123781,-46.64699621961599,0.003169926568155062
acf822565702fcede400a967594e16c81a13b017,B,main,144,-31.590090888173652,-46.586481885410684,0.003210242408539356
acf822565702fcede400a967594e16c81a13b017,B,main,145,-31.531094734736303,-46.52638651935037,0.003250901013411205
acf822565702fcede400a967594e16c81a13b017,B,main,146,-31.472519717958164,-46.466704362720264,0.0032919031527497093
acf822565702fcede400a967594e16c81a13b017,B,main,147,-31.41436020278651,-46.407429774707715,0.003333249586060453
acf822565702fcede400a967594e16c81a13b017,B,main,148,-31.356610668885466,-46.348557229204054,0.003374941062131487
acf822565702fcede400a967594e16c81a13b017,B,main,149,-31.299265707545278,-46.290081311717756,0.0034169783188066636
acf822565702fcede400a967594e16c81a13b017,B,main,150,-31.24232001869484,-46.23199671638295,0.0034593620827715033
acf822565702fcede400a967594e16c81a13b017,B,comparison,1,-75.79275523891836,-90.37155906899314,0.000496454514034662
acf822565702fcede400a967594e16c81a13b017,B,comparison,2,-69.77899958420737,-84.3530247862018,0.0004966808328575971
acf822565702fcede400a967594e16c81a13b017,B,comparison,3,-66.25846164598863,-80.83158159560708,0.0004970580568090304
acf822565702fcede400a967594e16c81a13b017,B,comparison,4,-63.76015951628983,-78.33293981040167,0.0004975862247462434
acf822565702fcede400a967594e16c81a13b017,B,comparison,5,-61.82220213459318,-76.39480025597672,0.0004982653910696375
acf822565702fcede400a967594e16c81a13b017,B,comparison,6,-60.23873473781195,-74.81120742981754,0.0004990956256909237
acf822565702fcede400a967594e16c81a13b017,B,comparison,7,-58.89992058812888,-73.47229007129671,0.0005000770140350691
acf822565702fcede400a967594e16c81a13b017,B,comparison,8,-57.740188077205936,-72.31246215028494,0.0005012096570113879
acf822565702fcede400a967594e16c81a13b017,B,comparison,9,-56.717238716393325,-71.28941828800562,0.0005024936710097098
acf822565702fcede400a967594e16c81a13b017,B,comparison,10,-55.802189853640286,-70.37427220323553,0.0005039291878396551
acf822565702fcede400a967594e16c81a13b017,B,comparison,11,-54.97443991023302,-69.5464202581292,0.0005055163547451341
acf822565702fcede400a967594e16c81a13b017,B,comparison,12,-54.21877703914455,-68.79064936672701,0.0005072553343494155
acf822565702fcede400a967594e16c81a13b017,B,comparison,13,-53.52364896812101,-68.09540647503796,0.0005091463046262382
acf822565702fcede400a967594e16c81a13b017,B,comparison,14,-52.88007579785243,-67.45171117068686,0.0005111894588612815
acf822565702fcede400a967594e16c81a13b017,B,comparison,15,-52.2809387696097,-66.85244434686331,0.0005133850055982108
acf822565702fcede400a967594e16c81a13b017,B,comparison,16,-51.720499027567456,-66.29186690479722,0.0005157331686387313
acf822565702fcede400a967594e16c81a13b017,B,comparison,17,-51.19406252315859,-65.76528462214854,0.0005182341869327078
acf822565702fcede400a967594e16c81a13b017,B,comparison,18,-50.69774084118852,-65.26880895672147,0.0005208883145820834
acf822565702fcede400a967594e16c81a13b017,B,comparison,19,-50.228276775232025,-64.79918260749552,0.000523695820750295
acf822565702fcede400a967594e16c81a13b017,B,comparison,20,-49.78291469372702,-64.35364987123654,0.0005266569896266608
acf822565702fcede400a967594e16c81a13b017,B,comparison,21,-49.35930256624534,-63.92985866238387,0.0005297721203618411
acf822565702fcede400a967594e16c81a13b017,B,comparison,22,-48.9554168017614,-63.525785346897756,0.0005330415269984809
acf822565702fcede400a967594e16c81a13b017,B,comparison,23,-48.56950380775561,-63.139676298275575,0.0005364655384134293
acf822565702fcede400a967594e16c81a13b017,B,comparison,24,-48.200033995913586,-62.7700019010316,0.0005400444982339238
acf822565702fcede400a967594e16c81a13b017,B,comparison,25,-47.84566518295925,-62.41541994992795,0.0005437787647856042
acf822565702fcede400a967594e16c81a13b017,B,comparison,26,-47.50521317379128,-62.074746231923534,0.0005476687109894165
acf822565702fcede400a967594e16c81a13b017,B,comparison,27,-47.17762789924781,-61.74693066306094,0.0005517147243298872
acf822565702fcede400a967594e16c81a13b017,B,comparison,28,-46.86197389554923,-61.43103776724095,0.0005559172067047798
acf822565702fcede400a967594e16c81a13b017,B,comparison,29,-46.55741421066303,-61.12623058208243,0.000560276574402056
acf822565702fcede400a967594e16c81a13b017,B,comparison,30,-46.26319704007918,-60.83175729430345,0.0005647932579755785
acf822565702fcede400a967594e16c81a13b017,B,comparison,31,-45.97864455469748,-60.54694006730585,0.0005694677021680744
acf822565702fcede400a967594e16c81a13b017,B,comparison,32,-45.70314350301508,-60.27116564312432,0.0005743003658148126
acf822565702fcede400a967594e16c81a13b017,B,comparison,33,-45.43613725985697,-60.00387739096766,0.0005792917217511442
acf822565702fcede400a967594e16c81a13b017,B,comparison,34,-45.1771190624214,-59.744568543111285,0.0005844422566959361
acf822565702fcede400a967594e16c81a13b017,B,comparison,35,-44.92562622704302,-59.49277641154181,0.0005897524711600825
acf822565702fcede400a967594e16c81a13b017,B,comparison,36,-44.68123518083554,-59.24807741950293,0.0005952228793453761
acf822565702fcede400a967594e16c81a13b017,B,comparison,37,-44.44355717420016,-59.010082813920945,0.0006008540090192739
acf822565702fcede400a967594e16c81a13b017,B,comparison,38,-44.21223456521126,-58.778434949728656,0.0006066464014224548
acf822565702fcede400a967594e16c81a13b017,B,comparison,39,-43.986937586720316,-58.55280405691437,0.0006126006111387711
acf822565702fcede400a967594e16c81a13b017,B,comparison,40,-43.76736152282386,-58.33288541694269,0.0006187172059777386
acf822565702fcede400a967594e16c81a13b017,B,comparison,41,-43.55322423402512,-58.118396887885524,0.000624996766864748
acf822565702fcede400a967594e16c81a13b017,B,comparison,42,-43.344263980660635,-57.90907672781466,0.0006314398877110246
acf822565702fcede400a967594e16c81a13b017,B,comparison,43,-43.140237502466206,-57.70468167433848,0.0006380471752749149
acf822565702fcede400a967594e16c81a13b017,B,comparison,44,-42.9409183189443,-57.50498524495473,0.000644819249048249
acf822565702fcede400a967594e16c81a13b017,B,comparison,45,-42.746095220750185,-57.30977622841191,0.000651756741143671
acf822565702fcede400a967594e16c81a13b017,B,comparison,46,-42.55557092690074,-57.11885734190851,0.0006588602960980721
acf822565702fcede400a967594e16c81a13b017,B,comparison,47,-42.36916088640577,-56.93204403270304,0.000666130570790787
acf822565702fcede400a967594e16c81a13b017,B,comparison,48,-42.18669220606989,-56.74916340591367,0.0006735682342923612
acf822565702fcede400a967594e16c81a13b017,B,comparison,49,-42.00800268885621,-56.57005326286367,0.0006811739677113881
acf822565702fcede400a967594e16c81a13b017,B,comparison,50,-41.83293996940434,-56.39456123659904,0.0006889484640394258
acf822565702fcede400a967594e16c81a13b017,B,comparison,51,-41.66136073515816,-56.22254401300117,0.0006968924280267727
acf822565702fcede400a967594e16c81a13b017,B,comparison,52,-41.49313002312675,-56.053866627550605,0.0007050065760158167
acf822565702fcede400a967594e16c81a13b017,B,comparison,53,-41.32812058363307,-55.88840182905728,0.0007132916357975312
acf822565702fcede400a967594e16c81a13b017,B,comparison,54,-41.16621230353615,-55.726029502894576,0.0007217483464428995
acf822565702fcede400a967594e16c81a13b017,B,comparison,55,-41.0072916823771,-55.56663614712293,0.0007303774581555608
acf822565702fcede400a967594e16c81a13b017,B,comparison,56,-40.85125135572767,-55.410114395851544,0.0007391797320964895
acf822565702fcede400a967594e16c81a13b017,B,comparison,57,-40.697989660726236,-55.25636258476216,0.0007481559402347181
acf822565702fcede400a967594e16c81a13b017,B,comparison,58,-40.54741023940052,-55.105284354427596,0.000757306865179738
acf822565702fcede400a967594e16c81a13b017,B,comparison,59,-40.39942167589763,-54.9567882875456,0.0007666333000158323
acf822565702fcede400a967594e16c81a13b017,B,comparison,60,-40.2539371642043,-54.810787576652025,0.0007761360481026585
acf822565702fcede400a967594e16c81a13b017,B,comparison,61,-40.11087420333208,-54.667199719305934,0.0007858159229529838
acf822565702fcede400a967594e16c81a13b017,B,comparison,62,-39.97015431728748,-54.52594623806016,0.0007956737480014477
acf822565702fcede400a967594e16c81a13b017,B,comparison,63,-39.83170279744638,-54.38695242282798,0.000805710356467838
acf822565702fcede400a967594e16c81a13b017,B,comparison,64,-39.695448465218405,-54.2501470935537,0.0008159265911634686
acf822565702fcede400a967594e16c81a13b017,B,comparison,65,-39.56132345310975,-54.115462381269516,0.0008263233042975617
acf822565702fcede400a967594e16c81a13b017,B,comparison,66,-39.42926300250165,-53.982833525871996,0.0008369013573154558
acf822565702fcede400a967594e16c81a13b017,B,comparison,67,-39.29920527663531,-53.85219868911296,0.0008476616206963129
acf822565702fcede400a967594e16c81a13b017,B,comparison,68,-39.17109118745035,-53.72349878142758,0.0008586049737662568
acf822565702fcede400a967594e16c81a13b017,B,comparison,69,-39.0448642350653,-53.596677301421806,0.0008697323044951195
acf822565702fcede400a967594e16c81a13b017,B,comparison,70,-38.920470358807016,-53.47168018689789,0.0008810445093452681
acf822565702fcede400a967594e16c81a13b017,B,comparison,71,-38.79785779880586,-53.348455676448985,0.0008925424930239932
acf822565702fcede400a967594e16c81a13b017,B,comparison,72,-38.676976967270946,-53.2269541807328,0.0009042271683178716
acf822565702fcede400a967594e16c81a13b017,B,comparison,73,-38.5577803286444,-53.10712816263085,0.0009160994558924165
acf822565702fcede400a967594e16c81a13b017,B,comparison,74,-38.440222287907616,-52.98893202554558,0.0009281602840762945
acf822565702fcede400a967594e16c81a13b017,B,comparison,75,-38.324259086385844,-52.872322009211516,0.0009404105886715872
acf822565702fcede400a967594e16c81a13b017,B,comparison,76,-38.20984870445304,-52.757256092397604,0.0009528513127399415
acf822565702fcede400a967594e16c81a13b017,B,comparison,77,-38.09695077059632,-52.643693901971346,0.0009654834064099404
acf822565702fcede400a967594e16c81a13b017,B,comparison,78,-37.98552647634772,-52.53159662783027,0.000978307826651684
acf822565702fcede400a967594e16c81a13b017,B,comparison,79,-37.875538496635336,-52.42092694325148,0.000991325537076448
acf822565702fcede400a967594e16c81a13b017,B,comparison,80,-37.76695091514309,-52.31164893025326,0.0010045375077228406
acf822565702fcede400a967594e16c81a13b017,B,comparison,81,-37.65972915430829,-52.203728009593114,0.0010179447148419968
acf822565702fcede400a967594e16c81a13b017,B,comparison,82,-37.55383990961255,-52.09713087505566,0.0010315481406837385
acf822565702fcede400a967594e16c81a13b017,B,comparison,83,-37.44925108785621,-51.99182543172849,0.0010453487732856289
acf822565702fcede400a967594e16c81a13b017,B,comparison,84,-37.34593174912969,-51.88778073797364,0.0010593476062417742
acf822565702fcede400a967594e16c81a13b017,B,comparison,85,-37.24385205221732,-51.784966950830594,0.0010735456384947737
acf822565702fcede400a967594e16c81a13b017,B,comparison,86,-37.14298320319491,-51.68335527461436,0.0010879438741054881
acf822565702fcede400a967594e16c81a13b017,B,comparison,87,-37.0432974069994,-51.58291791248571,0.0011025433220363107
acf822565702fcede400a967594e16c81a13b017,B,comparison,88,-36.94476782176457,-51.483628020784195,0.0011173449959257598
acf822565702fcede400a967594e16c81a13b017,B,comparison,89,-36.84736851573763,-51.38545966594833,0.0011323499138727146
acf822565702fcede400a967594e16c81a13b017,B,comparison,90,-36.7510744266036,-51.288387783835745,0.0011475590981714673
acf822565702fcede400a967594e16c81a13b017,B,comparison,91,-36.65586132305526,-51.192388141296405,0.0011629735751432174
acf822565702fcede400a967594e16c81a13b017,B,comparison,92,-36.56170576846472,-51.09743729984436,0.0011785943748576218
acf822565702fcede400a967594e16c81a13b017,B,comparison,93,-36.468585086518495,-51.003512581290316,0.0011944225309179963
acf822565702fcede400a967594e16c81a13b017,B,comparison,94,-36.37647732868958,-50.91059203521414,0.0012104590802436248
acf822565702fcede400a967594e16c81a13b017,B,comparison,95,-36.28536124343173,-50.818654408162345,0.0012267050628105985
acf822565702fcede400a967594e16c81a13b017,B,comparison,96,-36.195216246985396,-50.72767911444997,0.0012431615214418385
acf822565702fcede400a967594e16c81a13b017,B,comparison,97,-36.106022395698155,-50.637646208480476,0.0012598295015537207
acf822565702fcede400a967594e16c81a13b017,B,comparison,98,-36.01776035976246,-50.54853635849088,0.0012767100509383834
acf822565702fcede400a967594e16c81a13b017,B,comparison,99,-35.9304113982886,-50.46033082161578,0.0012938042195103508
acf822565702fcede400a967594e16c81a13b017,B,comparison,100,-35.84395733562892,-50.37301142021633,0.0013111130590695492
acf822565702fcede400a967594e16c81a13b017,B,comparison,101,-35.75838053888048,-50.286560519381155,0.0013286376230865079
acf822565702fcede400a967594e16c81a13b017,B,comparison,102,-35.67366389649606,-50.20096100554021,0.0013463789664200448
acf822565702fcede400a967594e16c81a13b017,B,comparison,103,-35.589790797938285,-50.11619626611382,0.00136433814512561
acf822565702fcede400a967594e16c81a13b017,B,comparison,104,-35.506745114317056,-50.032250170156374,0.001382516216173937
acf822565702fcede400a967594e16c81a13b017,B,comparison,105,-35.42451117995309,-49.949107049915604,0.001400914237227553
acf822565702fcede400a967594e16c81a13b017,B,comparison,106,-35.34307377481508,-49.86675168327089,0.0014195332664086167
acf822565702fcede400a967594e16c81a13b017,B,comparison,107,-35.26241810778233,-49.7851692769948,0.0014383743620233443
acf822565702fcede400a967594e16c81a13b017,B,comparison,108,-35.182529800684435,-49.704345450796,0.001457438582361671
acf822565702fcede400a967594e16c81a13b017,B,comparison,109,-35.103394873078024,-49.62426622209253,0.0014767269854033488
acf822565702fcede400a967594e16c81a13b017,B,comparison,110,-35.02499972771746,-49.54491799148445,0.001496240628633999
acf822565702fcede400a967594e16c81a13b017,B,comparison,111,-34.94733113668335,-49.46628752888415,0.0015159805687367405
acf822565702fcede400a967594e16c81a13b017,B,comparison,112,-34.87037622813327,-49.38836196026089,0.0015359478613899112
acf822565702fcede400a967594e16c81a13b017,B,comparison,113,-34.79412247364138,-49.311128754988474,0.0015561435610049869
acf822565702fcede400a967594e16c81a13b017,B,comparison,114,-34.71855767609523,-49.23457571373521,0.0015765687204886125
acf822565702fcede400a967594e16c81a13b017,B,comparison,115,-34.64366995812182,-49.15869095689551,0.0015972243909834086
acf822565702fcede400a967594e16c81a13b017,B,comparison,116,-34.56944775101408,-49.083462913513955,0.0016181116216377122
acf822565702fcede400a967594e16c81a13b017,B,comparison,117,-34.495879784133116,-49.00888031068483,0.0016392314593376986
acf822565702fcede400a967594e16c81a13b017,B,comparison,118,-34.42295507476065,-48.93493216341102,0.0016605849484848298
acf822565702fcede400a967594e16c81a13b017,B,comparison,119,-34.35066291838097,-48.861607764878876,0.0016821731307434039
acf822565702fcede400a967594e16c81a13b017,B,comparison,120,-34.27899287936769,-48.788896677151584,0.001703997044765913
acf822565702fcede400a967594e16c81a13b017,B,comparison,121,-34.20793478205845,-48.71678872224035,0.001726057725988809
acf822565702fcede400a967594e16c81a13b017,B,comparison,122,-34.137478702196525,-48.6452739735451,0.001748356206352069
acf822565702fcede400a967594e16c81a13b017,B,comparison,123,-34.067614958720924,-48.574342747647535,0.0017708935140775925
acf822565702fcede400a967594e16c81a13b017,B,comparison,124,-33.99833410589018,-48.5039855964342,0.0017936706733964725
acf822565702fcede400a967594e16c81a13b017,B,comparison,125,-33.92962692572122,-48.434193299533064,0.0018166887043206351
acf822565702fcede400a967594e16c81a13b017,B,comparison,126,-33.8614844207304,-48.364956857058274,0.0018399486224057887
acf822565702fcede400a967594e16c81a13b017,B,comparison,127,-33.793897806960885,-48.29626748263549,0.0018634514384786847
acf822565702fcede400a967594e16c81a13b017,B,comparison,128,-33.72685850728375,-48.22811659670309,0.001887198158394273
acf822565702fcede400a967594e16c81a13b017,B,comparison,129,-33.66035814495943,-48.160495820073024,0.0019111897828323976
acf822565702fcede400a967594e16c81a13b017,B,comparison,130,-33.59438853744815,-48.0933969677437,0.0019354273069961056
acf822565702fcede400a967594e16c81a13b017,B,comparison,131,-33.52894169045684,-48.026812042945565,0.0019599117204083336
acf822565702fcede400a967594e16c81a13b017,B,comparison,132,-33.46400979221367,-47.960733231414494,0.0019846440066391413
acf822565702fcede400a967594e16c81a13b017,B,comparison,133,-33.39958520795663,-47.89515289588338,0.0020096251430869547
acf822565702fcede400a967594e16c81a13b017,B,comparison,134,-33.33566047463056,-47.83006357077543,0.00203485610072315
acf822565702fcede400a967594e16c81a13b017,B,comparison,135,-33.272228295780174,-47.76545795710105,0.0020603378438491735
acf822565702fcede400a967594e16c81a13b017,B,comparison,136,-33.209281536631494,-47.70132891753815,0.0020860713298613658
acf822565702fcede400a967594e16c81a13b017,B,comparison,137,-33.14681321935393,-47.63766947169108,0.002112057509008072
acf822565702fcede400a967594e16c81a13b017,B,comparison,138,-33.084816518494314,-47.57447279152957,0.002138297324139021
acf822565702fcede400a967594e16c81a13b017,B,comparison,139,-33.023284756576146,-47.51173219698707,0.0021647917104903923
acf822565702fcede400a967594e16c81a13b017,B,comparison,140,-32.962211399855484,-47.44944115171275,0.002191541595421646
acf822565702fcede400a967594e16c81a13b017,B,comparison,141,-32.901590054229544,-47.38759325898516,0.002218547898196716
acf822565702fcede400a967594e16c81a13b017,B,comparison,142,-32.84141446128854,-47.32618225776015,0.0022458115297324015
acf822565702fcede400a967594e16c81a13b017,B,comparison,143,-32.78167849450621,-47.26520201886591,0.002273333392372794
acf822565702fcede400a967594e16c81a13b017,B,comparison,144,-32.722376155563545,-47.20464654132293,0.0023011143796559832
acf822565702fcede400a967594e16c81a13b017,B,comparison,145,-32.663501570799646,-47.144509948794905,0.0023291553760720674
acf822565702fcede400a967594e16c81a13b017,B,comparison,146,-32.6050489877841,-47.0847864861655,0.0023574572568394936
acf822565702fcede400a967594e16c81a13b017,B,comparison,147,-32.54701277200655,-47.025470516222114,0.0023860208876698044
acf822565702fcede400a967594e16c81a13b017,B,comparison,148,-32.48938740367852,-46.96655651646245,0.002414847124544924
acf822565702fcede400a967594e16c81a13b017,B,comparison,149,-32.432167474643315,-46.90803907600198,0.002443936813465498
acf822565702fcede400a967594e16c81a13b017,B,comparison,150,-32.375347685387965,-46.84991289258719,0.002473290790259985
215cabde0edbfabc36d322955dbec3baabd2ba61,A,main,1,-73.04666351148245,-96.32334687417334,0.00048360889782102744
215cabde0edbfabc36d322955dbec3baabd2ba61,A,main,2,-67.03440075686407,-90.30353279872807,0.0004841549788278743
215cabde0edbfabc36d322955dbec3baabd2ba61,A,main,3,-63.514135671866754,-86.78185410975807,0.00048506513745869896
215cabde0edbfabc36d322955dbec3baabd2ba61,A,main,4,-61.015924141605176,-84.28313177432653,0.00048633940910695466
215cabde0edbfabc36d322955dbec3baabd2ba61,A,main,5,-59.078003280258955,-82.34495699890316,0.00048797784334105883
215cabde0edbfabc36d322955dbec3baabd2ba61,A,main,6,-57.49454997144742,-80.76134722884541,0.0004899805038513832
215cabde0edbfabc36d322955dbec3baabd2ba61,A,main,7,-56.155738323586604,-79.42242193364632,0.0004923474684686172
215cabde0edbfabc36d322955dbec3baabd2ba61,A,main,8,-54.99600125951723,-78.26259121068368,0.0004950788291165618
215cabde0edbfabc36d322955dbec3baabd2ba61,A,main,9,-53.97304245541573,-77.23954783089245,0.0004981746918073654
215cabde0edbfabc36d322955dbec3baabd2ba61,A,main,10,-53.05798039946177,-76.32440453823507,0.0005016351766203743
215cabde0edbfabc36d322955dbec3baabd2ba61,A,main,11,-52.23021415984604,-75.4965571415225,0.0005054604176597746
215cabde0edbfabc36d322955dbec3baabd2ba61,A,main,12,-51.47453227871683,-74.74079222161163,0.0005096505630286387
215cabde0edbfabc36d322955dbec3baabd2ba61,A,main,13,-50.77938272932716,-74.04555651401105,0.0005142057748010504
215cabde0edbfabc36d322955dbec3baabd2ba61,A,main,14,-50.1357857734401,-73.40186946793055,0.0005191262289643439
215cabde0edbfabc36d322955dbec3baabd2ba61,A,main,15,-49.53662276154731,-72.80261188237543,0.0005244121154105344
215cabde0edbfabc36d322955dbec3baabd2ba61,A,main,16,-48.976154913995906,-72.24204459256921,0.000530063637854465
215cabde0edbfabc36d322955dbec3baabd2ba61,A,main,17,-48.44968823664473,-71.71547332868332,0.0005360810138194676
215cabde0edbfabc36d322955dbec3baabd2ba61,A,main,18,-47.953334354016036,-71.2190095135354,0.0005424644745564914
215cabde0edbfabc36d322955dbec3baabd2ba61,A,main,19,-47.483836089208,-70.74939581975991,0.0005492142650066367
215cabde0edbfabc36d322955dbec3baabd2ba61,A,main,20,-47.03843783296624,-70.30387652388526,0.0005563306437424794
215cabde0edbfabc36d322955dbec3baabd2ba61,A,main,21,-46.61478757196295,-69.880099524496,0.0005638138829065137
215cabde0edbfabc36d322955dbec3baabd2ba61,A,main,22,-46.210861728451825,-69.4760411749023,0.000571664268142849
215cabde0edbfabc36d322955dbec3baabd2ba61,A,main,23,-45.82490672034429,-69.08994783832192,0.0005798820985289179
215cabde0edbfabc36d322955dbec3baabd2ba61,A,main,24,-45.455392967604354,-68.72028989076347,0.0005884676865023686
215cabde0edbfabc36d322955dbec3baabd2ba61,A,main,25,-45.10097829358618,-68.36572511982843,0.0005974213578082187
215cabde0edbfabc36d322955dbec3baabd2ba61,A,main,26,-44.7604785085429,-68.02506930635006,0.0006067434513929754
215cabde0edbfabc36d322955dbec3baabd2ba61,A,main,27,-44.432843547667595,-67.6972723610305,0.0006164343193402322
215cabde0edbfabc36d322955dbec3baabd2ba61,A,main,28,-44.11713795074575,-67.38139880304527,0.0006264943267821645
215cabde0edbfabc36d322955dbec3baabd2ba61,A,main,29,-43.812524768679594,-67.07661166576514,0.0006369238518274265
215cabde0edbfabc36d322955dbec3baabd2ba61,A,main,30,-43.51825219938624,-66.78215913203178,0.0006477232854437312
215cabde0edbfabc36d322955dbec3baabd2ba61,A,main,31,-43.23364241578062,-66.49736336166308,0.000658893031388656
215cabde0edbfabc36d322955dbec3baabd2ba61,A,main,32,-42.95808216803837,-66.22161109333281,0.0006704335061018818
215cabde0edbfabc36d322955dbec3baabd2ba61,A,main,33,-42.691014832385356,-65.95434569307238,0.0006823451386167255
215cabde0edbfabc36d322955dbec3baabd2ba61,A,main,34,-42.43193364719069,-65.69506039010797,0.0006946283704398577
215cabde0edbfabc36d322955dbec3baabd2ba61,A,main,35,-42.18037592976779,-65.4432924934865,0.0007072836554753867
215cabde0edbfabc36d322955dbec3baabd2ba61,A,main,36,-41.93591810804763,-65.19861842358674,0.0007203114598891606
215cabde0edbfabc36d322955dbec3baabd2ba61,A,main,37,-41.69817143311215,-64.96064942452807,0.0007337122620048981
215cabde0edbfabc36d322955dbec3baabd2ba61,A,main,38,-41.466778263600716,-64.7290278484762,0.0007474865522090095
215cabde0edbfabc36d322955dbec3baabd2ba61,A,main,39,-41.241408832830366,-64.5034239226814,0.0007616348327937001
215cabde0edbfabc36d322955dbec3baabd2ba61,A,main,40,-41.021758425277866,-64.28353292587364,0.0007761576178907357
215cabde0edbfabc36d322955dbec3baabd2ba61,A,main,41,-40.80754490175334,-64.06907271340754,0.0007910554332923792
215cabde0edbfabc36d322955dbec3baabd2ba61,A,main,42,-40.59850652283555,-63.85978154062336,0.0008063288163784191
215cabde0edbfabc36d322955dbec3baabd2ba61,A,main,43,-40.394400028447166,-63.65541614239745,0.0008219783159448333
215cabde0edbfabc36d322955dbec3baabd2ba61,A,main,44,-40.19499893822786,-63.4557500334713,0.0008380044920990058
215cabde0edbfabc36d322955dbec3baabd2ba61,A,main,45,-40.00009204292658,-63.26057199982099,0.000854407916105762
215cabde0edbfabc36d322955dbec3baabd2ba61,A,main,46,-39.809482061615746,-63.06968475584828,0.0008711891702787401
215cabde0edbfabc36d322955dbec3baabd2ba61,A,main,47,-39.62298444332624,-62.88290374598655,0.0008883488478042579
215cabde0edbfabc36d322955dbec3baabd2ba61,A,main,48,-39.440426294852735,-62.700056072498455,0.000905887552635588
215cabde0edbfabc36d322955dbec3baabd2ba61,A,main,49,-39.2616454191208,-62.52097953382321,0.0009238058993149084
215cabde0edbfabc36d322955dbec3baabd2ba61,A,main,50,-39.08648945070741,-62.34552176008118,0.000942104512853122
215cabde0edbfabc36d322955dbec3baabd2ba61,A,main,51,-38.91481507697065,-62.173539434199256,0.0009607840285527829
215cabde0edbfabc36d322955dbec3baabd2ba61,A,main,52,-38.74648733481336,-62.004897588662125,0.0009798450918859975
215cabde0edbfabc36d322955dbec3baabd2ba61,A,main,53,-38.58137897443268,-61.839468969247626,0.0009992883582990379
215cabde0edbfabc36d322955dbec3baabd2ba61,A,main,54,-38.41936988254426,-61.677133458252875,0.0010191144931027906
215cabde0edbfabc36d322955dbec3baabd2ba61,A,main,55,-38.260346558529015,-61.517777550630576,0.0010393241712619477
215cabde0edbfabc36d322955dbec3baabd2ba61,A,main,56,-38.10420163778373,-61.361293877338056,0.0010599180772690709
215cabde0edbfabc36d322955dbec3baabd2ba61,A,main,57,-37.950833457257204,-61.20758077085827,0.0010808969049569375
215cabde0edbfabc36d322955dbec3baabd2ba61,A,main,58,-37.800145658773936,-61.05654186853564,0.0011022613573398242
215cabde0edbfabc36d322955dbec3baabd2ba61,A,main,59,-37.652046826265114,-60.908085749787226,0.001124012146446113
215cabde0edbfabc36d322955dbec3baabd2ba61,A,main,60,-37.506450153489666,-60.76212560383162,0.0011461499931267921
215cabde0edbfabc36d322955dbec3baabd2ba61,A,main,61,-37.36327313921987,-60.61857892486597,0.0011686756269073608
215cabde0edbfabc36d322955dbec3baabd2ba61,A,main,62,-37.222437307211315,-60.47736723204351,0.001191589785777046
215cabde0edbfabc36d322955dbec3baabd2ba61,A,main,63,-37.083867948579574,-60.33841581183268,0.0012148932160416812
215cabde0edbfabc36d322955dbec3baabd2ba61,A,main,64,-36.94749388446275,-60.201653480692954,0.001238586672116787
215cabde0edbfabc36d322955dbec3baabd2ba61,A,main,65,-36.81324724708638,-60.067012366128914,0.0012626709163573086
215cabde0edbfabc36d322955dbec3baabd2ba61,A,main,66,-36.68106327754122,-59.93442770447005,0.0012871467188584193
215cabde0edbfabc36d322955dbec3baabd2ba61,A,main,67,-36.550880138768875,-59.803837653857315,0.0013120148572765826
215cabde0edbfabc36d322955dbec3baabd2ba61,A,main,68,-36.422638742400686,-59.67518312107363,0.001337276116635185
215cabde0edbfabc36d322955dbec3baabd2ba61,A,main,69,-36.29628258823787,-59.5484076010359,0.0013629312891224542
215cabde0edbfabc36d322955dbec3baabd2ba61,A,main,70,-36.17175761528139,-59.423457027809974,0.0013889811739173498
215cabde0edbfabc36d322955dbec3baabd2ba61,A,main,71,-36.049012063327346,-59.300279636224445,0.0014154265769624128
215cabde0edbfabc36d322955dbec3baabd2ba61,A,main,72,-35.927996344242764,-59.17882583312082,0.0014422683107800116
215cabde0edbfabc36d322955dbec3baabd2ba61,A,main,73,-35.80866292211876,-59.05904807752756,0.001469507194292455
215cabde0edbfabc36d322955dbec3baabd2ba61,A,main,74,-35.69096620157848,-58.94090076896006,0.0014971440525774818
215cabde0edbfabc36d322955dbec3baabd2ba61,A,main,75,-35.57486242358064,-58.82434014322354,0.0015251797166777638
215cabde0edbfabc36d322955dbec3baabd2ba61,A,main,76,-35.46030956812474,-58.709324175120656,0.00155361502340848
215cabde0edbfabc36d322955dbec3baabd2ba61,A,main,77,-35.34726726331593,-58.59581248751005,0.0015824508151407823
215cabde0edbfabc36d322955dbec3baabd2ba61,A,main,78,-35.23569670029653,-58.4837662662499,0.0016116879395717538
215cabde0edbfabc36d322955dbec3baabd2ba61,A,main,79,-35.12556055359717,-58.37314818053986,0.0016413272495425972
215cabde0edbfabc36d322955dbec3baabd2ba61,A,main,80,-35.01682290649694,-58.26392230828104,0.0016713696028066664
215cabde0edbfabc36d322955dbec3baabd2ba61,A,main,81,-34.90944918102032,-58.15605406607966,0.0017018158618013562
215cabde0edbfabc36d322955dbec3baabd2ba61,A,main,82,-34.80340607222897,-58.04951014353048,0.0017326668934759342
215cabde0edbfabc36d322955dbec3baabd2ba61,A,main,83,-34.69866148649575,-57.944258441503074,0.0017639235690065232
215cabde0edbfabc36d322955dbec3baabd2ba61,A,main,84,-34.595184483475904,-57.84026801410267,0.0017955867636383998
215cabde0edbfabc36d322955dbec3baabd2ba61,A,main,85,-34.49294522151105,-57.73750901407829,0.0018276573564183355
215cabde0edbfabc36d322955dbec3baabd2ba61,A,main,86,-34.391914906227235,-57.63595264142236,0.001860136229994453
215cabde0edbfabc36d322955dbec3baabd2ba61,A,main,87,-34.29206574210361,-57.535571094934426,0.0018930242703929358
215cabde0edbfabc36d322955dbec3baabd2ba61,A,main,88,-34.19337088680903,-57.43633752656821,0.0019263223667657936
215cabde0edbfabc36d322955dbec3baabd2ba61,A,main,89,-34.095804408118376,-57.33822599834444,0.001960031411196505
215cabde0edbfabc36d322955dbec3baabd2ba61,A,main,90,-33.999341243236344,-57.2412114416645,0.0019941522984516383
215cabde0edbfabc36d322955dbec3baabd2ba61,A,main,91,-33.90395716036848,-57.14526961889999,0.0020286859257488687
215cabde0edbfabc36d322955dbec3baabd2ba61,A,main,92,-33.80962872239208,-57.05037708704812,0.0020636331925346406
215cabde0edbfabc36d322955dbec3baabd2ba61,A,main,93,-33.71633325249079,-56.95651116337913,0.0020989950002483176
215cabde0edbfabc36d322955dbec3baabd2ba61,A,main,94,-33.62404880162767,-56.8636498929014,0.002134772252087302
215cabde0edbfabc36d322955dbec3baabd2ba61,A,main,95,-33.53275411773876,-56.771772017562114,0.0021709658527596025
215cabde0edbfabc36d322955dbec3baabd2ba61,A,main,96,-33.442428616539296,-56.680856947049264,0.0022075767082778796
215cabde0edbfabc36d322955dbec3baabd2ba61,A,main,97,-33.353052353843914,-56.590884731110975,0.002244605725693685
215cabde0edbfabc36d322955dbec3baabd2ba61,A,main,98,-33.26460599930458,-56.50183603330391,0.0022820538128702746
215cabde0edbfabc36d322955dbec3baabd2ba61,A,main,99,-33.177070811483304,-56.41369210605501,0.0023199218782515635
215cabde0edbfabc36d322955dbec3baabd2ba61,A,main,100,-33.09042861417638,-56.32643476699257,0.0023582108306002053
215cabde0edbfabc36d322955dbec3baabd2ba61,A,main,101,-33.004661773917206,-56.240046376447566,0.0023969215787877584
215cabde0edbfabc36d322955dbec3baabd2ba61,A,main,102,-32.91975317858702,-56.1545098160703,0.0024360550315192515
215cabde0edbfabc36d322955dbec3baabd2ba61,A,main,103,-32.83568621706927,-56.06980846847527,0.002475612097116584
215cabde0edbfabc36d322955dbec3baabd2ba61,A,main,104,-32.752444759886515,-55.98592619788816,0.0025155936832681625
215cabde0edbfabc36d322955dbec3baabd2ba61,A,main,105,-32.670013140764254,-55.902847331705686,0.002556000696789138
215cabde0edbfabc36d322955dbec3baabd2ba61,A,main,106,-32.5883761390685,-55.82055664293349,0.0025968340433555927
215cabde0edbfabc36d322955dbec3baabd2ba61,A,main,107,-32.5075189630673,-55.739039333457406,0.0026380946272908145
215cabde0edbfabc36d322955dbec3baabd2ba61,A,main,108,-32.427427233971414,-55.65828101806446,0.002679783351300433
215cabde0edbfabc36d322955dbec3baabd2ba61,A,main,109,-32.34808697071026,-55.578267709245225,0.0027219011162364875
215cabde0edbfabc36d322955dbec3baabd2ba61,A,main,110,-32.26948457540303,-55.498985802646416,0.002764448820844132
215cabde0edbfabc36d322955dbec3baabd2ba61,A,main,111,-32.19160681948708,-55.42042206320545,0.002807427361511215
215cabde0edbfabc36d322955dbec3baabd2ba61,A,main,112,-32.11444083046838,-55.34256361190812,0.0028508376320419775
215cabde0edbfabc36d322955dbec3baabd2ba61,A,main,113,-32.03797407926145,-55.265397913118406,0.002894680523383467
215cabde0edbfabc36d322955dbec3baabd2ba61,A,main,114,-31.962194368085832,-55.18891276248526,0.002938956923394392
215cabde0edbfabc36d322955dbec3baabd2ba61,A,main,115,-31.887089818892086,-55.11309627535831,0.002983667716603357
215cabde0edbfabc36d322955dbec3baabd2ba61,A,main,116,-31.81264886228853,-55.03793687573362,0.0030288137839362163
215cabde0edbfabc36d322955dbec3baabd2ba61,A,main,117,-31.738860226942958,-54.963423285635244,0.0030743960024964745
215cabde0edbfabc36d322955dbec3baabd2ba61,A,main,118,-31.665712929435877,-54.889544514982845,0.003120415245294557
215cabde0edbfabc36d322955dbec3baabd2ba61,A,main,119,-31.59319626454107,-54.816289851869406,0.0031668723810146793
215cabde0edbfabc36d322955dbec3baabd2ba61,A,main,120,-31.52129979591372,-54.74364885324643,0.003213768273759533
215cabde0edbfabc36d322955dbec3baabd2ba61,A,main,121,-31.450013347164287,-54.671611336007366,0.0032611037828171405
215cabde0edbfabc36d322955dbec3baabd2ba61,A,main,122,-31.37932699329991,-54.60016736841937,0.0033088797623813957
215cabde0edbfabc36d322955dbec3baabd2ba61,A,main,123,-31.309231052515027,-54.52930726191842,0.0033570970613468736
215cabde0edbfabc36d322955dbec3baabd2ba61,A,main,124,-31.23971607831494,-54.45902156324438,0.0034057565230081275
215cabde0edbfabc36d322955dbec3baabd2ba61,A,main,125,-31.17077285195416,-54.3893010468586,0.0034548589848756974
215cabde0edbfabc36d322955dbec3baabd2ba61,A,main,126,-31.102392375178223,-54.32013670770847,0.003504405278384068
215cabde0edbfabc36d322955dbec3baabd2ba61,A,main,127,-31.034565863250336,-54.251519754239794,0.0035543962286536286
215cabde0edbfabc36d322955dbec3baabd2ba61,A,main,128,-30.96728473825257,-54.183441601702775,0.0036048326542526257
215cabde0edbfabc36d322955dbec3baabd2ba61,A,main,129,-30.900540622647558,-54.11589386572028,0.0036557153669456
215cabde0edbfabc36d322955dbec3baabd2ba61,A,main,130,-30.834325333088458,-54.048868356088946,0.003707045171463025
215cabde0edbfabc36d322955dbec3baabd2ba61,A,main,131,-30.768630874466382,-53.98235707083848,0.0037588228652342833
215cabde0edbfabc36d322955dbec3baabd2ba61,A,main,132,-30.703449434183973,-53.916352190495076,0.0038110492381505257
215cabde0edbfabc36d322955dbec3baabd2ba61,A,main,133,-30.638773376644973,-53.85084607257675,0.0038637250723391045
215cabde0edbfabc36d322955dbec3baabd2ba61,A,main,134,-30.574595237950525,-53.78583124629315,0.003916851141898427
215cabde0edbfabc36d322955dbec3baabd2ba61,A,main,135,-30.51090772079234,-53.721300407436175,0.00397042821266271
215cabde0edbfabc36d322955dbec3baabd2ba61,A,main,136,-30.447703689533952,-53.65724641346088,0.004024457041963825
215cabde0edbfabc36d322955dbec3baabd2ba61,A,main,137,-30.384976165473176,-53.593662278752774,0.004078938378402767
215cabde0edbfabc36d322955dbec3baabd2ba61,A,main,138,-30.32271832227559,-53.53054117005834,0.004133872961569989
215cabde0edbfabc36d322955dbec3baabd2ba61,A,main,139,-30.260923481573624,-53.46787640208518,0.004189261521866048
215cabde0edbfabc36d322955dbec3baabd2ba61,A,main,140,-30.199585108723316,-53.40566143326376,0.004245104780203571
215cabde0edbfabc36d322955dbec3baabd2ba61,A,main,141,-30.138696808711856,-53.343889861648734,0.004301403447821119
215cabde0edbfabc36d322955dbec3baabd2ba61,A,main,142,-30.078252322209643,-53.2825554209806,0.004358158226013099
215cabde0edbfabc36d322955dbec3baabd2ba61,A,main,143,-30.018245521761038,-53.22165197687071,0.0044153698059069355
215cabde0edbfabc36d322955dbec3baabd2ba61,A,main,144,-29.958670408108112,-53.16117352312346,0.004473038868242153
215cabde0edbfabc36d322955dbec3baabd2ba61,A,main,145,-29.899521106640833,-53.10111417819773,0.004531166083111813
215cabde0edbfabc36d322955dbec3baabd2ba61,A,main,146,-29.84079186396972,-53.04146818177051,0.004589752109748323
215cabde0edbfabc36d322955dbec3baabd2ba61,A,main,147,-29.78247704461575,-52.98222989143242,0.0046487975963082516
215cabde0edbfabc36d322955dbec3baabd2ba61,A,main,148,-29.72457112781175,-52.92339377948566,0.004708303179608894
215cabde0edbfabc36d322955dbec3baabd2ba61,A,main,149,-29.66706870441181,-52.86495442985885,0.004768269484912092
215cabde0edbfabc36d322955dbec3baabd2ba61,A,main,150,-29.60996447390429,-52.806906535121385,0.0048286971257321615
215cabde0edbfabc36d322955dbec3baabd2ba61,A,comparison,1,-73.83576887409939,-98.28389446797617,0.0004849095873694909
215cabde0edbfabc36d322955dbec3baabd2ba61,A,comparison,2,-67.82397687911651,-92.57376419929373,0.0004853201877308629
215cabde0edbfabc36d322955dbec3baabd2ba61,A,comparison,3,-64.30380003764071,-89.11194797012683,0.0004860045457211065
215cabde0edbfabc36d322955dbec3baabd2ba61,A,comparison,4,-61.805620426028234,-86.63437012899857,0.0004869626974159
215cabde0edbfabc36d322955dbec3baabd2ba61,A,comparison,5,-59.86771545837847,-84.70601208912136,0.00048819469332854676
215cabde0edbfabc36d322955dbec3baabd2ba61,A,comparison,6,-58.28427196927558,-83.12773862506714,0.0004897005983627436
215cabde0edbfabc36d322955dbec3baabd2ba61,A,comparison,7,-56.94546747774342,-81.79202830165195,0.0004914804918193626
215cabde0edbfabc36d322955dbec3baabd2ba61,A,comparison,8,-55.78573633149538,-80.63427948042721,0.000493534467388773
215cabde0edbfabc36d322955dbec3baabd2ba61,A,comparison,9,-54.76278288748106,-79.61265786579034,0.0004958626331026672
215cabde0edbfabc36d322955dbec3baabd2ba61,A,comparison,10,-53.84772599246773,-78.69852556855062,0.0004984651113331465
215cabde0edbfabc36d322955dbec3baabd2ba61,A,comparison,11,-53.01996491810662,-77.8714199829473,0.0005013420387609547
215cabde0edbfabc36d322955dbec3baabd2ba61,A,comparison,12,-52.26428832896502,-77.11621291731176,0.0005044935663273238
215cabde0edbfabc36d322955dbec3baabd2ba61,A,comparison,13,-51.56914427554028,-76.42140489874939,0.0005079198592379019
215cabde0edbfabc36d322955dbec3baabd2ba61,A,comparison,14,-50.9255530702923,-75.7780506847603,0.0005116210968644652
215cabde0edbfabc36d322955dbec3baabd2ba61,A,comparison,15,-50.3263960981078,-75.1790550280567,0.0005155974727864703
215cabde0edbfabc36d322955dbec3baabd2ba61,A,comparison,16,-49.76593460333977,-74.61869547883536,0.0005198491946677049
215cabde0edbfabc36d322955dbec3baabd2ba61,A,comparison,17,-49.23947460901813,-74.09228971853861,0.0005243764842631365
215cabde0edbfabc36d322955dbec3baabd2ba61,A,comparison,18,-48.74312775221462,-73.5959578987608,0.0005291795773515097
215cabde0edbfabc36d322955dbec3baabd2ba61,A,comparison,19,-48.27363686537506,-73.1264491878679,0.0005342587236756659
215cabde0edbfabc36d322955dbec3baabd2ba61,A,comparison,20,-47.82824634632699,-72.6810127774043,0.0005396141869011924
215cabde0edbfabc36d322955dbec3baabd2ba61,A,comparison,21,-47.404604187190856,-72.25730034064286,0.0005452462445480756
215cabde0edbfabc36d322955dbec3baabd2ba61,A,comparison,22,-47.000686814470846,-71.85329116893334,0.0005511551879223596
215cabde0edbfabc36d322955dbec3baabd2ba61,A,comparison,23,-46.61474064943644,-71.46723394020921,0.0005573413220671007
215cabde0edbfabc36d322955dbec3baabd2ba61,A,comparison,24,-46.24523611473685,-71.09760087437121,0.0005638049656950033
215cabde0edbfabc36d322955dbec3baabd2ba61,A,comparison,25,-45.89083103589685,-70.74305124278509,0.0005705464510863456
215cabde0edbfabc36d322955dbec3baabd2ba61,A,comparison,26,-45.5503412249423,-70.40240203139923,0.0005775661240515238
215cabde0edbfabc36d322955dbec3baabd2ba61,A,comparison,27,-45.222716618528736,-70.07460413816001,0.0005848643438328482
215cabde0edbfabc36d322955dbec3baabd2ba61,A,comparison,28,-44.90702175765939,-69.75872289748554,0.0005924414830294895
215cabde0edbfabc36d322955dbec3baabd2ba61,A,comparison,29,-44.6024196942598,-69.45392202096049,0.0006002979275195385
215cabde0edbfabc36d322955dbec3baabd2ba61,A,comparison,30,-44.30815862711395,-69.15945025959734,0.0006084340763492818
215cabde0edbfabc36d322955dbec3baabd2ba61,A,comparison,31,-44.02356072987851,-68.87463025231435,0.0006168503416784203
215cabde0edbfabc36d322955dbec3baabd2ba61,A,comparison,32,-43.74801275336839,-68.59884914427892,0.0006255471486693567
215cabde0edbfabc36d322955dbec3baabd2ba61,A,comparison,33,-43.48095807436529,-68.33155064844098,0.0006345249353822767
215cabde0edbfabc36d322955dbec3baabd2ba61,A,comparison,34,-43.221889931725535,-68.07222829175144,0.0006437841526904873
215cabde0edbfabc36d322955dbec3baabd2ba61,A,comparison,35,-42.97034564319291,-67.8204196401357,0.0006533252641822611
215cabde0edbfabc36d322955dbec3baabd2ba61,A,comparison,36,-42.72590163708219,-67.57570133673512,0.0006631487460308591
215cabde0edbfabc36d322955dbec3baabd2ba61,A,comparison,37,-42.48816916481956,-67.33768481980788,0.0006732550869291755
215cabde0edbfabc36d322955dbec3baabd2ba61,A,comparison,38,-42.256790585356185,-67.10601261151962,0.0006836447879366271
215cabde0edbfabc36d322955dbec3baabd2ba61,A,comparison,39,-42.031436132293635,-66.88035508865624,0.0006943183623964497
215cabde0edbfabc36d322955dbec3baabd2ba61,A,comparison,40,-41.81180109036971,-66.66040766211563,0.0007052763358028506
215cabde0edbfabc36d322955dbec3baabd2ba61,A,comparison,41,-41.59760332063672,-66.44588830453652,0.0007165192456855268
215cabde0edbfabc36d322955dbec3baabd2ba61,A,comparison,42,-41.38858108389917,-66.23653537582966,0.0007280476414941874
215cabde0edbfabc36d322955dbec3baabd2ba61,A,comparison,43,-41.18449112029181,-66.03210570447546,0.0007398620844724736
215cabde0edbfabc36d322955dbec3baabd2ba61,A,comparison,44,-40.98510694965398,-65.83237288936283,0.0007519631475232036
215cabde0edbfabc36d322955dbec3baabd2ba61,A,comparison,45,-40.79021736292577,-65.63712579243082,0.000764351415077481
215cabde0edbfabc36d322955dbec3baabd2ba61,A,comparison,46,-40.59962507936174,-65.44616719693438,0.0007770274829888816
215cabde0edbfabc36d322955dbec3baabd2ba61,A,comparison,47,-40.4131455481679,-65.2593126099728,0.0007899919583514585
215cabde0edbfabc36d322955dbec3baabd2ba61,A,comparison,48,-40.230605876309,-65.07638919106674,0.0008032454594209421
215cabde0edbfabc36d322955dbec3baabd2ba61,A,comparison,49,-40.051843866875025,-64.89723479118013,0.0008167886154047858
215cabde0edbfabc36d322955dbec3baabd2ba61,A,comparison,50,-39.87670715460376,-64.72169708881796,0.000830622066373733
215cabde0edbfabc36d322955dbec3baabd2ba61,A,comparison,51,-39.705052427010976,-64.5496328116413,0.0008447464631029847
215cabde0edbfabc36d322955dbec3baabd2ba61,A,comparison,52,-39.53674472115451,-64.38090703364743,0.0008591624669095155
215cabde0edbfabc36d322955dbec3baabd2ba61,A,comparison,53,-39.37165678738413,-64.21539253931455,0.000873870749505788
215cabde0edbfabc36d322955dbec3baabd2ba61,A,comparison,54,-39.20966851256692,-64.05296924711763,0.0008888719928669736
215cabde0edbfabc36d322955dbec3baabd2ba61,A,comparison,55,-39.050666396234135,-63.89352368597901,0.0009041668890441707
215cabde0edbfabc36d322955dbec3baabd2ba61,A,comparison,56,-38.89454307393153,-63.73694851885445,0.0009197561400219881
215cabde0edbfabc36d322955dbec3baabd2ba61,A,comparison,57,-38.741196882756824,-63.58314210848434,0.0009356404575587762
215cabde0edbfabc36d322955dbec3baabd2ba61,A,comparison,58,-38.59053146468309,-63.432008120921395,0.0009518205630287865
215cabde0edbfabc36d322955dbec3baabd2ba61,A,comparison,59,-38.442455403790206,-63.28345516291676,0.000968297187237335
215cabde0edbfabc36d322955dbec3baabd2ba61,A,comparison,60,-38.296881893986175,-63.137396449786316,0.0009850710702668285
215cabde0edbfabc36d322955dbec3baabd2ba61,A,comparison,61,-38.15372843419227,-62.99374950074526,0.001002142961309292
215cabde0edbfabc36d322955dbec3baabd2ba61,A,comparison,62,-38.01291654831454,-62.852435858971766,0.0010195136184796131
215cabde0edbfabc36d322955dbec3baabd2ba61,A,comparison,63,-37.8743715276192,-62.71338083411191,0.0010371838086596487
215cabde0edbfabc36d322955dbec3baabd2ba61,A,comparison,64,-37.738022193396056,-62.57651326501076,0.0010551543073056885
215cabde0edbfabc36d322955dbec3baabd2ba61,A,comparison,65,-37.60380067802369,-62.44176530087987,0.0010734258982761733
215cabde0edbfabc36d322955dbec3baabd2ba61,A,comparison,66,-37.47164222274694,-62.30907219913041,0.0010919993736478427
215cabde0edbfabc36d322955dbec3baabd2ba61,A,comparison,67,-37.34148499066254,-62.17837213844287,0.0011108755335367097
215cabde0edbfabc36d322955dbec3baabd2ba61,A,comparison,68,-37.21326989355867,-62.04960604565542,0.0011300551859007102
215cabde0edbfabc36d322955dbec3baabd2ba61,A,comparison,69,-37.08694043139473,-61.92271743528815,0.0011495391463780425
215cabde0edbfabc36d322955dbec3baabd2ba61,A,comparison,70,-36.96244254333123,-61.79765226064521,0.0011693282380579957
215cabde0edbfabc36d322955dbec3baabd2ba61,A,comparison,71,-36.83972446932572,-61.6743587754256,0.0011894232913241152
215cabde0edbfabc36d322955dbec3baabd2ba61,A,comparison,72,-36.71873662140807,-61.55278740505511,0.0012098251436491463
215cabde0edbfabc36d322955dbec3baabd2ba61,A,comparison,73,-36.59943146383432,-61.43289062687424,0.0012305346393899814
215cabde0edbfabc36d322955dbec3baabd2ba61,A,comparison,74,-36.481763401394,-61.31462285846495,0.0012515526296115404
215cabde0edbfabc36d322955dbec3baabd2ba61,A,comparison,75,-36.36568867521413,-61.1979403534988,0.0012728799718595388
215cabde0edbfabc36d322955dbec3baabd2ba61,A,comparison,76,-36.25116526546416,-61.08280110445391,0.0012945175299805144
215cabde0edbfabc36d322955dbec3baabd2ba61,A,comparison,77,-36.13815280042155,-60.96916475171682,0.0013164661739196713
215cabde0edbfabc36d322955dbec3baabd2ba61,A,comparison,78,-36.02661247140264,-60.85699249851831,0.001338726779495581
215cabde0edbfabc36d322955dbec3baabd2ba61,A,comparison,79,-35.91650695311398,-60.74624703132464,0.0013613002282202122
215cabde0edbfabc36d322955dbec3baabd2ba61,A,comparison,80,-35.80780032901275,-60.63689244519546,0.0013841874070630211
215cabde0edbfabc36d322955dbec3baabd2ba61,A,comparison,81,-35.700458021303454,-60.52889417381011,0.0014073892082729143
215cabde0edbfabc36d322955dbec3baabd2ba61,A,comparison,82,-35.5944467252298,-60.4222189237686,0.001430906529137518
215cabde0edbfabc36d322955dbec3baabd2ba61,A,comparison,83,-35.489734347348914,-60.31683461288014,0.0014547402717945306
215cabde0edbfabc36d322955dbec3baabd2ba61,A,comparison,84,-35.38628994750232,-60.21271031214353,0.0014788913429909921
215cabde0edbfabc36d322955dbec3baabd2ba61,A,comparison,85,-35.28408368422011,-60.109816191167056,0.0015033606539042834
215cabde0edbfabc36d322955dbec3baabd2ba61,A,comparison,86,-35.183086763319025,-60.00812346677358,0.0015281491198782474
215cabde0edbfabc36d322955dbec3baabd2ba61,A,comparison,87,-35.083271389470944,-59.9076043545788,0.0015532576602412928
215cabde0edbfabc36d322955dbec3baabd2ba61,A,comparison,88,-34.98461072053963,-59.80823202333322,0.0015786871980849521
215cabde0edbfabc36d322955dbec3baabd2ba61,A,comparison,89,-34.88707882449723,-59.7099805518529,0.00160443866000772
215cabde0edbfabc36d322955dbec3baabd2ba61,A,comparison,90,-34.79065063874793,-59.612824888343994,0.0016305129759418323
215cabde0edbfabc36d322955dbec3baabd2ba61,A,comparison,91,-34.695301931698886,-59.51674081198483,0.0016569110788807058
215cabde0edbfabc36d322955dbec3baabd2ba61,A,comparison,92,-34.601009266431134,-59.42170489659584,0.0016836339046931781
215cabde0edbfabc36d322955dbec3baabd2ba61,A,comparison,93,-34.50774996633475,-59.3276944762884,0.0017106823918702327
215cabde0edbfabc36d322955dbec3baabd2ba61,A,comparison,94,-34.415502082581234,-59.23468761293534,0.001738057481321876
215cabde0edbfabc36d322955dbec3baabd2ba61,A,comparison,95,-34.32424436331707,-59.142663065369014,0.0017657601161151768
215cabde0edbfabc36d322955dbec3baabd2ba61,A,comparison,96,-34.233956224470965,-59.051600260200836,0.001793791241282715
215cabde0edbfabc36d322955dbec3baabd2ba61,A,comparison,97,-34.14461772207267,-58.961479264132315,0.001822151803560616
215cabde0edbfabc36d322955dbec3baabd2ba61,A,comparison,98,-34.05620952599192,-58.8722807577028,0.0018508427511815617
215cabde0edbfabc36d322955dbec3baabd2ba61,A,comparison,99,-33.96871289501086,-58.783986010368146,0.001879865033623431
215cabde0edbfabc36d322955dbec3baabd2ba61,A,comparison,100,-33.8821096531479,-58.69657685681897,0.001909219601377226
215cabde0edbfabc36d322955dbec3baabd2ba61,A,comparison,101,-33.79638216716146,-58.61003567449521,0.0019389074057323604
215cabde0edbfabc36d322955dbec3baabd2ba61,A,comparison,102,-33.71151332515966,-58.524345362192975,0.0019689293985175713
215cabde0edbfabc36d322955dbec3baabd2ba61,A,comparison,103,-33.62748651625547,-58.43948931971839,0.0019992865318804137
215cabde0edbfabc36d322955dbec3baabd2ba61,A,comparison,104,-33.544285611203286,-58.3554514285386,0.002029979758038776
215cabde0edbfabc36d322955dbec3baabd2ba61,A,comparison,105,-33.461894943962875,-58.27221603333563,0.0020610100290613296
215cabde0edbfabc36d322955dbec3baabd2ba61,A,comparison,106,-33.38029929413668,-58.189767924442435,0.0020923782966171104
215cabde0edbfabc36d322955dbec3baabd2ba61,A,comparison,107,-33.29948387023185,-58.1080923211223,0.002124085511731844
215cabde0edbfabc36d322955dbec3baabd2ba61,A,comparison,108,-33.21943429370057,-58.02717485559266,0.0021561326245606673
215cabde0edbfabc36d322955dbec3baabd2ba61,A,comparison,109,-33.14013658371613,-57.94700155781374,0.0021885205841425176
215cabde0edbfabc36d322955dbec3baabd2ba61,A,comparison,110,-33.0615771426437,-57.86755884095024,0.002221250338164161
215cabde0edbfabc36d322955dbec3baabd2ba61,A,comparison,111,-32.983742742169355,-57.78883348751356,0.002254322832722291
215cabde0edbfabc36d322955dbec3baabd2ba61,A,comparison,112,-32.90662051005047,-57.71081263610255,0.0022877390120672877
215cabde0edbfabc36d322955dbec3baabd2ba61,A,comparison,113,-32.830197917454605,-57.63348376874822,0.0023214998183836333
215cabde0edbfabc36d322955dbec3baabd2ba61,A,comparison,114,-32.7544627668574,-57.55683469880331,0.002355606191527874
215cabde0edbfabc36d322955dbec3baabd2ba61,A,comparison,115,-32.67940318046789,-57.48085355938164,0.0023900590688090218
215cabde0edbfabc36d322955dbec3baabd2ba61,A,comparison,116,-32.605007589155136,-57.40552879227471,0.002424859384727469
215cabde0edbfabc36d322955dbec3baabd2ba61,A,comparison,117,-32.53126472185027,-57.33084913735561,0.0024600080707428383
215cabde0edbfabc36d322955dbec3baabd2ba61,A,comparison,118,-32.4581635953993,-57.25680362243714,0.002495506055032177
215cabde0edbfabc36d322955dbec3baabd2ba61,A,comparison,119,-32.38569350484443,-57.18338155354223,0.002531354262244288
215cabde0edbfabc36d322955dbec3baabd2ba61,A,comparison,120,-32.31384401411128,-57.11057250560626,0.0025675536132550155
215cabde0edbfabc36d322955dbec3baabd2ba61,A,comparison,121,-32.24260494708355,-57.038366313537,0.0026041050249369984
215cabde0edbfabc36d322955dbec3baabd2ba61,A,comparison,122,-32.171966379043894,-56.966753063663475,0.002641009409905292
215cabde0edbfabc36d322955dbec3baabd2ba61,A,comparison,123,-32.10191862846478,-56.89572308551958,0.0026782676762832493
215cabde0edbfabc36d322955dbec3baabd2ba61,A,comparison,124,-32.03245224913189,-56.82526694397836,0.0027158807274587377
215cabde0edbfabc36d322955dbec3baabd2ba61,A,comparison,125,-31.96355802258294,-56.75537543168056,0.00275384946183264
215cabde0edbfabc36d322955dbec3baabd2ba61,A,comparison,126,-31.895226950848787,-56.68603956178181,0.002792174772602066
215cabde0edbfabc36d322955dbec3baabd2ba61,A,comparison,127,-31.827450249480577,-56.617250560969566,0.0028308575474895407
215cabde0edbfabc36d322955dbec3baabd2ba61,A,comparison,128,-31.76021934085073,-56.54899986277815,0.0028698986685290976
215cabde0edbfabc36d322955dbec3baabd2ba61,A,comparison,129,-31.69352584771498,-56.4812791011343,0.0029092990118070195
215cabde0edbfabc36d322955dbec3baabd2ba61,A,comparison,130,-31.62736158702163,-56.414080104180144,0.002949059447232482
215cabde0edbfabc36d322955dbec3baabd2ba61,A,comparison,131,-31.561718563959857,-56.347394888309346,0.0029891808382869573
215cabde0edbfabc36d322955dbec3baabd2ba61,A,comparison,132,-31.496588966232537,-56.28121565244931,0.0030296640418064126
215cabde0edbfabc36d322955dbec3baabd2ba61,A,comparison,133,-31.431965158546333,-56.215534772541325,0.0030705099077162263
215cabde0edbfabc36d322955dbec3baabd2ba61,A,comparison,134,-31.367839677307778,-56.15034479624307,0.003111719278821084
215cabde0edbfabc36d322955dbec3baabd2ba61,A,comparison,135,-31.30420522551619,-56.085638437815454,0.0031532929905446956
215cabde0edbfabc36d322955dbec3baabd2ba61,A,comparison,136,-31.24105466784573,-56.02140857320818,0.003195231870698448
215cabde0edbfabc36d322955dbec3baabd2ba61,A,comparison,137,-31.178381025906784,-55.95764823531848,0.0032375367392674086
215cabde0edbfabc36d322955dbec3baabd2ba61,A,comparison,138,-31.116177473680295,-55.89435060942287,0.003280208408136507
215cabde0edbfabc36d322955dbec3baabd2ba61,A,comparison,139,-31.054437333116567,-55.83150902877742,0.003323247680895808
215cabde0edbfabc36d322955dbec3baabd2ba61,A,comparison,140,-30.993154069892004,-55.76911697037698,0.003366655352578253
215cabde0edbfabc36d322955dbec3baabd2ba61,A,comparison,141,-30.9323212893164,-55.70716805085248,0.0034104322094494727
215cabde0edbfabc36d322955dbec3baabd2ba61,A,comparison,142,-30.87193273238558,-55.645656022529934,0.0034545790287503226
215cabde0edbfabc36d322955dbec3baabd2ba61,A,comparison,143,-30.811982271971697,-55.584574769619685,0.0034990965785021166
215cabde0edbfabc36d322955dbec3baabd2ba61,A,comparison,144,-30.75246390914696,-55.52391830453411,0.0035439856172414168
215cabde0edbfabc36d322955dbec3baabd2ba61,A,comparison,145,-30.69337176963416,-55.463680764342946,0.003589246893813662
215cabde0edbfabc36d322955dbec3baabd2ba61,A,comparison,146,-30.63470010037916,-55.40385640734054,0.003634881147139772
215cabde0edbfabc36d322955dbec3baabd2ba61,A,comparison,147,-30.576443266240567,-55.34443960973698,0.0036808891059885284
215cabde0edbfabc36d322955dbec3baabd2ba61,A,comparison,148,-30.518595746791508,-55.28542486245911,0.0037272714887576215
215cabde0edbfabc36d322955dbec3baabd2ba61,A,comparison,149,-30.46115213322882,-55.226806768059234,0.0037740290032440725
215cabde0edbfabc36d322955dbec3baabd2ba61,A,comparison,150,-30.40410712538599,-55.16858003771982,0.0038211623464233305
215cabde0edbfabc36d322955dbec3baabd2ba61,B,main,1,-73.59709882291058,-96.4265138828476,0.0004684299748658249
215cabde0edbfabc36d322955dbec3baabd2ba61,B,main,2,-67.58461713018566,-90.42418808896474,0.0004689160431703963
215cabde0edbfabc36d322955dbec3baabd2ba61,B,main,3,-64.06431089323301,-86.90575990946725,0.00046972618070970345
215cabde0edbfabc36d322955dbec3baabd2ba61,B,main,4,-61.566084342398,-84.40818001481023,0.00047086042302116646
215cabde0edbfabc36d322955dbec3baabd2ba61,B,main,5,-59.62815585750144,-82.47053867523094,0.0004723188198587446
215cabde0edbfabc36d322955dbec3baabd2ba61,B,main,6,-58.04469769635173,-80.88722351751436,0.0004741014351592104
215cabde0edbfabc36d322955dbec3baabd2ba61,B,main,7,-56.705882381925974,-79.5484808913327,0.0004762083470335061
215cabde0edbfabc36d322955dbec3baabd2ba61,B,main,8,-55.54614217470862,-78.38877390208508,0.0004786396477648587
215cabde0edbfabc36d322955dbec3baabd2ba61,B,main,9,-54.52318043441735,-77.36582064652102,0.00048139544377797115
215cabde0edbfabc36d322955dbec3baabd2ba61,B,main,10,-53.60811548254159,-76.45074720815828,0.00048447585560532883
215cabde0edbfabc36d322955dbec3baabd2ba61,B,main,11,-52.780346292693096,-75.62295696408489,0.0004878810178621926
215cabde0edbfabc36d322955dbec3baabd2ba61,B,main,12,-52.0246613501123,-74.86724104830343,0.000491611079236066
215cabde0edbfabc36d322955dbec3baabd2ba61,B,main,13,-51.329508592144535,-74.17204906872466,0.0004956662024308444
215cabde0edbfabc36d322955dbec3baabd2ba61,B,main,14,-50.68590825698501,-73.52840235918046,0.0005000465641225438
215cabde0edbfabc36d322955dbec3baabd2ba61,B,main,15,-50.08674167913591,-72.92918299668845,0.0005047523549651863
215cabde0edbfabc36d322955dbec3baabd2ba61,B,main,16,-49.526270067783635,-72.3686527078654,0.0005097837794722869
215cabde0edbfabc36d322955dbec3baabd2ba61,B,main,17,-48.999799420803434,-71.84211785987449,0.0005151410560381847
215cabde0edbfabc36d322955dbec3baabd2ba61,B,main,18,-48.5034413568825,-71.34569034046108,0.0005208244168639068
215cabde0edbfabc36d322955dbec3baabd2ba61,B,main,19,-48.033938694772374,-70.87611316795117,0.000526834107887862
215cabde0edbfabc36d322955dbec3baabd2ba61,B,main,20,-47.58853582192441,-70.43063088016301,0.0005331703887512603
215cabde0edbfabc36d322955dbec3baabd2ba61,B,main,21,-47.16488072247675,-70.00689157605973,0.0005398335327278576
215cabde0edbfabc36d322955dbec3baabd2ba61,B,main,22,-46.7609498167053,-69.60287176465559,0.0005468238266527433
215cabde0edbfabc36d322955dbec3baabd2ba61,B,main,23,-46.37498952095822,-69.2168179315556,0.0005541415708858531
215cabde0edbfabc36d322955dbec3baabd2ba61,B,main,24,-46.00547025394985,-68.84720054999772,0.0005617870792205196
215cabde0edbfabc36d322955dbec3baabd2ba61,B,main,25,-45.65104983802289,-68.49267748555067,0.0005697606787958877
215cabde0edbfabc36d322955dbec3baabd2ba61,B,main,26,-45.310544082604494,-68.15206458210481,0.0005780627100700933
215cabde0edbfabc36d322955dbec3baabd2ba61,B,main,27,-44.982902922205746,-67.82431180173786,0.0005866935266815812
215cabde0edbfabc36d322955dbec3baabd2ba61,B,main,28,-44.667190896044005,-67.50848370579632,0.0005956534954184398
215cabde0edbfabc36d322955dbec3baabd2ba61,B,main,29,-44.362571054543416,-67.2037433624525,0.0006049429961192741
215cabde0edbfabc36d322955dbec3baabd2ba61,B,main,30,-44.06829159521593,-66.90933898343185,0.0006145624215509371
215cabde0edbfabc36d322955dbec3baabd2ba61,B,main,31,-43.78367469062952,-66.62459275264422,0.0006245121773817456
215cabde0edbfabc36d322955dbec3baabd2ba61,B,main,32,-43.50810709066026,-66.34889142893242,0.0006347926820293308
215cabde0edbfabc36d322955dbec3baabd2ba61,B,main,33,-43.241032171273595,-66.08167839526607,0.0006454043665972194
215cabde0edbfabc36d322955dbec3baabd2ba61,B,main,34,-42.98194317060986,-65.8224468951457,0.000656347674764167
215cabde0edbfabc36d322955dbec3baabd2ba61,B,main,35,-42.73037740577987,-65.57073424966202,0.0006676230626841063
215cabde0edbfabc36d322955dbec3baabd2ba61,B,main,36,-42.48591130453427,-65.3261168893746,0.0006792309988832084
215cabde0edbfabc36d322955dbec3baabd2ba61,B,main,37,-42.248156117792526,-65.08820606700236,0.0006911719641386276
215cabde0edbfabc36d322955dbec3baabd2ba61,B,main,38,-42.016754204047054,-64.8566441419874,0.0007034464513910055
215cabde0edbfabc36d322955dbec3baabd2ba61,B,main,39,-41.791375796480466,-64.63110134770045,0.0007160549656000831
215cabde0edbfabc36d322955dbec3baabd2ba61,B,main,40,-41.571716179445886,-64.41127296803825,0.0007289980236495032
215cabde0edbfabc36d322955dbec3baabd2ba61,B,main,41,-41.357493213638875,-64.1968768626697,0.000742276154227508
215cabde0edbfabc36d322955dbec3baabd2ba61,B,main,42,-41.14844515953144,-63.98765129052524,0.0007558898976883558
215cabde0edbfabc36d322955dbec3baabd2ba61,B,main,43,-40.94432875694565,-63.78335298944296,0.0007698398059436399
215cabde0edbfabc36d322955dbec3baabd2ba61,B,main,44,-40.74491752542629,-63.583755476576016,0.000784126442311179
215cabde0edbfabc36d322955dbec3baabd2ba61,B,main,45,-40.5500002556319,-63.3886475398259,0.0007987503814217785
215cabde0edbfabc36d322955dbec3baabd2ba61,B,main,46,-40.35937966654875,-63.19783189509436,0.0008137122090430572
215cabde0edbfabc36d322955dbec3baabd2ba61,B,main,47,-40.17287120712406,-63.01112398794372,0.000829012521975612
215cabde0edbfabc36d322955dbec3baabd2ba61,B,main,48,-39.99030198407287,-62.82835092142478,0.0008446519278826414
215cabde0edbfabc36d322955dbec3baabd2ba61,B,main,49,-39.811509800242554,-62.64935049447441,0.0008606310451851561
215cabde0edbfabc36d322955dbec3baabd2ba61,B,main,50,-39.636342290134024,-62.47397033743474,0.0008769505028916142
215cabde0edbfabc36d322955dbec3baabd2ba61,B,main,51,-39.4646561410312,-62.30206713322451,0.0008936109404497426
215cabde0edbfabc36d322955dbec3baabd2ba61,B,main,52,-39.296316389763845,-62.13350591409339,0.0009106130076137937
215cabde0edbfabc36d322955dbec3baabd2ba61,B,main,53,-39.13119578645746,-61.96815942539948,0.0009279573642770896
215cabde0edbfabc36d322955dbec3baabd2ba61,B,main,54,-38.96917421775663,-61.80590754883223,0.0009456446803315717
215cabde0edbfabc36d322955dbec3baabd2ba61,B,main,55,-38.81013818297242,-61.646636778585595,0.0009636756354858884
215cabde0edbfabc36d322955dbec3baabd2ba61,B,main,56,-38.653980317431596,-61.49023974468969,0.0009820509191394201
215cabde0edbfabc36d322955dbec3baabd2ba61,B,main,57,-38.50059895801397,-61.33661477858461,0.0010007712301868725
215cabde0edbfabc36d322955dbec3baabd2ba61,B,main,58,-38.34989774647529,-61.18566551642935,0.0010198372768845964
215cabde0edbfabc36d322955dbec3baabd2ba61,B,main,59,-38.20178526667792,-61.03730053634821,0.0010392497766503659
215cabde0edbfabc36d322955dbec3baabd2ba61,B,main,60,-38.05617471231227,-60.89143302615362,0.0010590094559258473
215cabde0edbfabc36d322955dbec3baabd2ba61,B,main,61,-37.91298358208205,-60.74798047853848,0.0010791170499908536
215cabde0edbfabc36d322955dbec3baabd2ba61,B,main,62,-37.772133399674516,-60.60686441105035,0.0010995733027718108
215cabde0edbfabc36d322955dbec3baabd2ba61,B,main,63,-37.63354945613618,-60.46801010846813,0.00112037896670617
215cabde0edbfabc36d322955dbec3baabd2ba61,B,main,64,-37.49716057253672,-60.3313463854782,0.0011415348025238766
215cabde0edbfabc36d322955dbec3baabd2ba61,B,main,65,-37.36289888103242,-60.19680536772932,0.0011630415790896064
215cabde0edbfabc36d322955dbec3baabd2ba61,B,main,66,-37.23069962264488,-60.06432228962399,0.0011849000732141388
215cabde0edbfabc36d322955dbec3baabd2ba61,B,main,67,-37.10050096024604,-59.93383530730022,0.0012071110694705579
215cabde0edbfabc36d322955dbec3baabd2ba61,B,main,68,-36.97224380539735,-59.80528532547574,0.0012296753600075606
215cabde0edbfabc36d322955dbec3baabd2ba61,B,main,69,-36.84587165783001,-59.67861583693904,0.0012525937443444444
215cabde0edbfabc36d322955dbec3baabd2ba61,B,main,70,-36.72133045647421,-59.55377277356159,0.0012758670292094957
215cabde0edbfabc36d322955dbec3baabd2ba61,B,main,71,-36.598568441055335,-59.43070436791004,0.0012994960283234096
215cabde0edbfabc36d322955dbec3baabd2ba61,B,main,72,-36.47753602336887,-59.309361024525735,0.0013234815622193575
215cabde0edbfabc36d322955dbec3baabd2ba61,B,main,73,-36.358185667434384,-59.18969520007081,0.0013478244580321947
215cabde0edbfabc36d322955dbec3baabd2ba61,B,main,74,-36.24047177780266,-59.0716612916429,0.0013725255493040676
215cabde0edbfabc36d322955dbec3baabd2ba61,B,main,75,-36.12435059536003,-58.9552155325791,0.0013975856757948413
215cabde0edbfabc36d322955dbec3baabd2ba61,B,main,76,-36.0097801000328,-58.84031589516455,0.0014230056832635978
215cabde0edbfabc36d322955dbec3baabd2ba61,B,main,77,-35.89671991985267,-58.72692199969762,0.001448786423271349
215cabde0edbfabc36d322955dbec3baabd2ba61,B,main,78,-35.78513124588815,-58.614995029420584,0.001474928752975075
215cabde0edbfabc36d322955dbec3baabd2ba61,B,main,79,-35.674976752595434,-58.504497650876644,0.0015014335349256196
215cabde0edbfabc36d322955dbec3baabd2ba61,B,main,80,-35.566220523178885,-58.39539393927083,0.001528301636835684
215cabde0edbfabc36d322955dbec3baabd2ba61,B,main,81,-35.45882797958781,-58.28764930846347,0.0015555339314008724
215cabde0edbfabc36d322955dbec3baabd2ba61,B,main,82,-35.35276581680797,-58.1812304452702,0.0015831312960628652
215cabde0edbfabc36d322955dbec3baabd2ba61,B,main,83,-35.248001941136145,-58.07610524773124,0.0016110946128092434
215cabde0edbfabc36d322955dbec3baabd2ba61,B,main,84,-35.144505412151055,-57.97224276708846,0.0016394247679511296
215cabde0edbfabc36d322955dbec3baabd2ba61,B,main,85,-35.042246388117285,-57.86961315318794,0.0016681226518950418
215cabde0edbfabc36d322955dbec3baabd2ba61,B,main,86,-34.94119607458351,-57.76818760308201,0.0016971891589591121
215cabde0edbfabc36d322955dbec3baabd2ba61,B,main,87,-34.84132667595097,-57.6679383125925,0.001726625187096714
215cabde0edbfabc36d322955dbec3baabd2ba61,B,main,88,-34.74261134981005,-57.56883843065793,0.001756431637742578
215cabde0edbfabc36d322955dbec3baabd2ba61,B,main,89,-34.64502416385715,-57.47086201624421,0.0017866094155258084
215cabde0edbfabc36d322955dbec3baabd2ba61,B,main,90,-34.54854005521794,-57.37398399767506,0.001817159428099598
215cabde0edbfabc36d322955dbec3baabd2ba61,B,main,91,-34.45313479201813,-57.27818013419078,0.0018480825858764242
215cabde0edbfabc36d322955dbec3baabd2ba61,B,main,92,-34.35878493705538,-57.183426979645276,0.0018793798018230405
215cabde0edbfabc36d322955dbec3baabd2ba61,B,main,93,-34.265467813433,-57.08970184811622,0.0019110519912236374
215cabde0edbfabc36d322955dbec3baabd2ba61,B,main,94,-34.17316147203346,-56.99698278139478,0.001943100071461324
215cabde0edbfabc36d322955dbec3baabd2ba61,B,main,95,-34.08184466071162,-56.9052485181702,0.0019755249617648897
215cabde0edbfabc36d322955dbec3baabd2ba61,B,main,96,-33.99149679510156,-56.81447846485242,0.0020083275830250036
215cabde0edbfabc36d322955dbec3baabd2ba61,B,main,97,-33.90209793093604,-56.72465266786992,0.0020415088574965985
215cabde0edbfabc36d322955dbec3baabd2ba61,B,main,98,-33.81362873778513,-56.63575178743563,0.0020750697086169946
215cabde0edbfabc36d322955dbec3baabd2ba61,B,main,99,-33.726070474128406,-56.54775707259863,0.002109011060762292
215cabde0edbfabc36d322955dbec3baabd2ba61,B,main,100,-33.639404963679574,-56.46065033758212,0.0021433338390037552
215cabde0edbfabc36d322955dbec3baabd2ba61,B,main,101,-33.553614572888996,-56.37441393928206,0.002178038968866125
215cabde0edbfabc36d322955dbec3baabd2ba61,B,main,102,-33.468682189554755,-56.28903075588117,0.0022131273761148624
215cabde0edbfabc36d322955dbec3baabd2ba61,B,main,103,-33.384591202476685,-56.204484166504415,0.002248599986501913
215cabde0edbfabc36d322955dbec3baabd2ba61,B,main,104,-33.30132548209356,-56.120758031855885,0.0022844577255220744
215cabde0edbfabc36d322955dbec3baabd2ba61,B,main,105,-33.21886936204696,-56.037836675781904,0.002320701518200226
215cabde0edbfabc36d322955dbec3baabd2ba61,B,main,106,-33.1372076216186,-55.95570486771538,0.0023573322888255028
215cabde0edbfabc36d322955dbec3baabd2ba61,B,main,107,-33.0563254689919,-55.874347805933205,0.0023943509607356212
215cabde0edbfabc36d322955dbec3baabd2ba61,B,main,108,-32.97620852529301,-55.79375110160059,0.002431758456050077
215cabde0edbfabc36d322955dbec3baabd2ba61,B,main,109,-32.89684280936639,-55.71390076354619,0.002469555695454457
215cabde0edbfabc36d322955dbec3baabd2ba61,B,main,110,-32.81821472324616,-55.634783183738996,0.0025077435979490607
215cabde0edbfabc36d322955dbec3baabd2ba61,B,main,111,-32.74031103828425,-55.556385123409825,0.002546323080609083
215cabde0edbfabc36d322955dbec3baabd2ba61,B,main,112,-32.66311888190161,-55.478693699811636,0.002585295058349622
215cabde0edbfabc36d322955dbec3baabd2ba61,B,main,113,-32.586625724926705,-55.401696373551886,0.002624660443656911
215cabde0edbfabc36d322955dbec3baabd2ba61,B,main,114,-32.510819369493596,-55.325380936497424,0.002664420146396718
215cabde0edbfabc36d322955dbec3baabd2ba61,B,main,115,-32.43568793746699,-55.24973550019833,0.0027045750735137297
215cabde0edbfabc36d322955dbec3baabd2ba61,B,main,116,-32.361219859369264,-55.17474848481885,0.002745126128838008
215cabde0edbfabc36d322955dbec3baabd2ba61,B,main,117,-32.2874038637821,-55.10040860853219,0.002786074212822946
215cabde0edbfabc36d322955dbec3baabd2ba61,B,main,118,-32.21422896719994,-55.02670487738687,0.0028274202222841787
215cabde0edbfabc36d322955dbec3baabd2ba61,B,main,119,-32.14168446431036,-54.953626575573935,0.002869165050192512
215cabde0edbfabc36d322955dbec3baabd2ba61,B,main,120,-32.06975991868229,-54.88116325613014,0.0029113095854176384
215cabde0edbfabc36d322955dbec3baabd2ba61,B,main,121,-31.99844515383998,-54.80930473200773,0.0029538547124622
215cabde0edbfabc36d322955dbec3baabd2ba61,B,main,122,-31.92773024470423,-54.73804106750919,0.0029968013112604795
215cabde0edbfabc36d322955dbec3baabd2ba61,B,main,123,-31.857605509383227,-54.66736257009422,0.0030401502569105086
215cabde0edbfabc36d322955dbec3baabd2ba61,B,main,124,-31.788061501295722,-54.5972597824901,0.0030839024194254756
215cabde0edbfabc36d322955dbec3baabd2ba61,B,main,125,-31.719089001610314,-54.52772347514174,0.0031280586635227285
215cabde0edbfabc36d322955dbec3baabd2ba61,B,main,126,-31.650679011986107,-54.458744638946925,0.003172619848351042
215cabde0edbfabc36d322955dbec3baabd2ba61,B,main,127,-31.58282274760009,-54.3903144782875,0.0032175868272709264
215cabde0edbfabc36d322955dbec3baabd2ba61,B,main,128,-31.5155116304483,-54.32242440433403,0.0032629604475953723
215cabde0edbfabc36d322955dbec3baabd2ba61,B,main,129,-31.448737282907288,-54.25506602860354,0.0033087415503720674
215cabde0edbfabc36d322955dbec3baabd2ba61,B,main,130,-31.38249152154423,-54.18823115677345,0.003354930970117371
215cabde0edbfabc36d322955dbec3baabd2ba61,B,main,131,-31.316766351164283,-54.1219117827331,0.0034015295346081515
215cabde0edbfabc36d322955dbec3baabd2ba61,B,main,132,-31.251553959084536,-54.056100082849426,0.00344853806461381
215cabde0edbfabc36d322955dbec3baabd2ba61,B,main,133,-31.186846709623055,-53.99078841046708,0.0034959573736736242
215cabde0edbfabc36d322955dbec3baabd2ba61,B,main,134,-31.122637138795604,-53.92596929060397,0.0035437882678576874
215cabde0edbfabc36d322955dbec3baabd2ba61,B,main,135,-31.05891794920844,-53.86163541484255,0.0035920315455258995
215cabde0edbfabc36d322955dbec3baabd2ba61,B,main,136,-30.995682005140196,-53.79777963640841,0.003640687997093707
215cabde0edbfabc36d322955dbec3baabd2ba61,B,main,137,-30.932922327803706,-53.734394965446256,0.003689758404808431
215cabde0edbfabc36d322955dbec3baabd2ba61,B,main,138,-30.87063209077985,-53.6714745644433,0.0037392435425014753
215cabde0edbfabc36d322955dbec3baabd2ba61,B,main,139,-30.80880461561664,-53.60901174383547,0.0037891441753443705
215cabde0edbfabc36d322955dbec3baabd2ba61,B,main,140,-30.74743336758601,-53.546999957762544,0.0038394610596501543
215cabde0edbfabc36d322955dbec3baabd2ba61,B,main,141,-30.686511951590937,-53.485432799975825,0.0038901949426091323
215cabde0edbfabc36d322955dbec3baabd2ba61,B,main,142,-30.626034108218306,-53.424303999896395,0.003941346562072863
215cabde0edbfabc36d322955dbec3baabd2ba61,B,main,143,-30.565993709929113,-53.36360741880063,0.003992916646323659
215cabde0edbfabc36d322955dbec3baabd2ba61,B,main,144,-30.50638475738223,-53.30333704615039,0.004044905913852747
215cabde0edbfabc36d322955dbec3baabd2ba61,B,main,145,-30.447201375884777,-53.2434869960411,0.004097315073113352
215cabde0edbfabc36d322955dbec3baabd2ba61,B,main,146,-30.388437811965062,-53.184051503775706,0.004150144822308469
215cabde0edbfabc36d322955dbec3baabd2ba61,B,main,147,-30.330088430061718,-53.12502492255902,0.004203395849174786
215cabde0edbfabc36d322955dbec3baabd2ba61,B,main,148,-30.272147709326028,-53.06640172029467,0.004257068830736664
215cabde0edbfabc36d322955dbec3baabd2ba61,B,main,149,-30.214610240530583,-53.00817647650166,0.004311164433101603
215cabde0edbfabc36d322955dbec3baabd2ba61,B,main,150,-30.15747072308288,-52.95034387932539,0.004365683311231565
215cabde0edbfabc36d322955dbec3baabd2ba61,B,comparison,1,-74.67778376672848,-97.36133663187586,0.0004716168028424359
215cabde0edbfabc36d322955dbec3baabd2ba61,B,comparison,2,-68.66600456601087,-91.43573124030712,0.0004719411308545018
215cabde0edbfabc36d322955dbec3baabd2ba61,B,comparison,3,-65.14582979924873,-87.93172816367723,0.000472481702017793
215cabde0edbfabc36d322955dbec3baabd2ba61,B,comparison,4,-62.64765055938085,-85.43920873033517,0.0004732385530451619
215cabde0edbfabc36d322955dbec3baabd2ba61,B,comparison,5,-60.70974537456141,-83.5039071006644,0.0004742117353270993
215cabde0edbfabc36d322955dbec3baabd2ba61,B,comparison,6,-59.126301354461916,-81.9218578403405,0.0004754013149095723
215cabde0edbfabc36d322955dbec3baabd2ba61,B,comparison,7,-57.78749611238525,-80.58387269502305,0.0004768073724872986
215cabde0edbfabc36d322955dbec3baabd2ba61,B,comparison,8,-56.627764035428065,-79.42465118075438,0.0004784300033922039
215cabde0edbfabc36d322955dbec3baabd2ba61,B,comparison,9,-55.60480949935112,-78.40202440268406,0.00048026931756741927
215cabde0edbfabc36d322955dbec3baabd2ba61,B,comparison,10,-54.689751360824694,-77.48717798844196,0.00048232543953742656
215cabde0edbfabc36d322955dbec3baabd2ba61,B,comparison,11,-53.86198889711348,-76.65954910676122,0.0004845985083849594
215cabde0edbfabc36d322955dbec3baabd2ba61,B,comparison,12,-53.10631077615656,-75.90394922577103,0.0004870886777385182
215cabde0edbfabc36d322955dbec3baabd2ba61,B,comparison,13,-52.41116505057307,-75.20884078439919,0.0004897961157020284
215cabde0edbfabc36d322955dbec3baabd2ba61,B,comparison,14,-51.76757203420959,-74.56525353739522,0.0004927210048549021
215cabde0edbfabc36d322955dbec3baabd2ba61,B,comparison,15,-51.168413112887876,-73.96607527423046,0.0004958635421903867
215cabde0edbfabc36d322955dbec3baabd2ba61,B,comparison,16,-50.607949531607105,-73.40557170765676,0.0004992239390944215
215cabde0edbfabc36d322955dbec3baabd2ba61,B,comparison,17,-50.08148731385375,-72.87905205512187,0.0005028024212666377
215cabde0edbfabc36d322955dbec3baabd2ba61,B,comparison,18,-49.58513809702712,-72.38263028642329,0.0005065992287088698
215cabde0edbfabc36d322955dbec3baabd2ba61,B,comparison,19,-49.115644713810525,-71.91305096966227,0.0005106146156413441
215cabde0edbfabc36d322955dbec3baabd2ba61,B,comparison,20,-48.67025156220542,-71.46755981571269,0.000514848850476735
215cabde0edbfabc36d322955dbec3baabd2ba61,B,comparison,21,-48.24660663446022,-71.04380582488301,0.0005193022157421505
215cabde0edbfabc36d322955dbec3baabd2ba61,B,comparison,22,-47.84268635717227,-70.6397662081988,0.0005239750080126951
215cabde0edbfabc36d322955dbec3baabd2ba61,B,comparison,23,-47.45673715167883,-70.25368800481866,0.0005288675378865063
215cabde0edbfabc36d322955dbec3baabd2ba61,B,comparison,24,-47.08722944067692,-69.88404212940908,0.0005339801298575722
215cabde0edbfabc36d322955dbec3baabd2ba61,B,comparison,25,-46.73282104972368,-69.52948680324059,0.0005393131223042797
215cabde0edbfabc36d322955dbec3baabd2ba61,B,comparison,26,-46.39232779086538,-69.18883815957746,0.0005448668673632067
215cabde0edbfabc36d322955dbec3baabd2ba61,B,comparison,27,-46.0646996007685,-68.8610463980688,0.0005506417309138231
215cabde0edbfabc36d322955dbec3baabd2ba61,B,comparison,28,-45.749001020438925,-68.5451762767054,0.0005566380924445779
215cabde0edbfabc36d322955dbec3baabd2ba61,B,comparison,29,-45.444395101798264,-68.24039102776656,0.0005628563449826403
215cabde0edbfabc36d322955dbec3baabd2ba61,B,comparison,30,-45.15013004362197,-67.94593900093949,0.0005692968950429345
215cabde0edbfabc36d322955dbec3baabd2ba61,B,comparison,31,-44.865528019552706,-67.66114249696176,0.0005759601624913477
215cabde0edbfabc36d322955dbec3baabd2ba61,B,comparison,32,-44.58997578038793,-67.38538837429583,0.000582846580491846
215cabde0edbfabc36d322955dbec3baabd2ba61,B,comparison,33,-44.32291670288835,-67.1181201014208,0.0005899565953938024
215cabde0edbfabc36d322955dbec3baabd2ba61,B,comparison,34,-44.06384402588655,-66.85883099571703,0.0005972906666472967
215cabde0edbfabc36d322955dbec3baabd2ba61,B,comparison,35,-43.812295067099605,-66.60705844251193,0.0006048492666721307
215cabde0edbfabc36d322955dbec3baabd2ba61,B,comparison,36,-43.56784625481359,-66.36237892854963,0.0006126328808088195
215cabde0edbfabc36d322955dbec3baabd2ba61,B,comparison,37,-43.33010884042352,-66.12440375601531,0.0006206420071644713
215cabde0edbfabc36d322955dbec3baabd2ba61,B,comparison,38,-43.09872518284779,-65.89277532813695,0.0006288771565358205
215cabde0edbfabc36d322955dbec3baabd2ba61,B,comparison,39,-42.87336551565315,-65.66716391729614,0.0006373388522763324
215cabde0edbfabc36d322955dbec3baabd2ba61,B,comparison,40,-42.6537251235413,-65.44726484234263,0.0006460276301903159
215cabde0edbfabc36d322955dbec3baabd2ba61,B,comparison,41,-42.43952186752635,-65.23279599443302,0.0006549440384241453
215cabde0edbfabc36d322955dbec3baabd2ba61,B,comparison,42,-42.23049400837353,-65.0234956610473,0.0006640886373478459
215cabde0edbfabc36d322955dbec3baabd2ba61,B,comparison,43,-42.026398286176715,-64.81912060604134,0.0006734619994116053
215cabde0edbfabc36d322955dbec3baabd2ba61,B,comparison,44,-41.827008220733816,-64.61944437042233,0.0006830647090456919
215cabde0edbfabc36d322955dbec3baabd2ba61,B,comparison,45,-41.63211260294071,-64.42425576407588,0.0006928973625160116
215cabde0edbfabc36d322955dbec3baabd2ba61,B,comparison,46,-41.44151415200835,-64.23335752327714,0.000702960567814389
215cabde0edbfabc36d322955dbec3baabd2ba61,B,comparison,47,-41.25502831709675,-64.04656511257245,0.000713254944489059
215cabde0edbfabc36d322955dbec3baabd2ba61,B,comparison,48,-41.072482205124004,-63.86370565279039,0.0007237811235609948
215cabde0edbfabc36d322955dbec3baabd2ba61,B,comparison,49,-40.89371361913257,-63.68461695959909,0.0007345397473331915
215cabde0edbfabc36d322955dbec3baabd2ba61,B,comparison,50,-40.718570193811345,-63.50914667917077,0.000745531469286749
215cabde0edbfabc36d322955dbec3baabd2ba61,B,comparison,51,-40.546908616626396,-63.337151509462856,0.0007567569539325972
215cabde0edbfabc36d322955dbec3baabd2ba61,B,comparison,52,-40.37859392458466,-63.16849649707548,0.0007682168766458653
215cabde0edbfabc36d322955dbec3baabd2ba61,B,comparison,53,-40.21349886798455,-63.003054401131244,0.0007799119235349731
215cabde0edbfabc36d322955dbec3baabd2ba61,B,comparison,54,-40.05150333364047,-62.8407051165634,0.0007918427912827598
215cabde0edbfabc36d322955dbec3baabd2ba61,B,comparison,55,-39.89249382103016,-62.681335150357505,0.0008040101870155816
215cabde0edbfabc36d322955dbec3baabd2ba61,B,comparison,56,-39.73636296564498,-62.524837144956294,0.0008164148281097287
215cabde0edbfabc36d322955dbec3baabd2ba61,B,comparison,57,-39.583009104527854,-62.37110944386177,0.0008290574420663178
215cabde0edbfabc36d322955dbec3baabd2ba61,B,comparison,58,-39.43233587959558,-62.22005569501455,0.0008419387663350741
215cabde0edbfabc36d322955dbec3baabd2ba61,B,comparison,59,-39.28425187487144,-62.0715844880626,0.0008550595481583695
215cabde0edbfabc36d322955dbec3baabd2ba61,B,comparison,60,-39.1386702842058,-61.925609022134516,0.0008684205443998331
215cabde0edbfabc36d322955dbec3baabd2ba61,B,comparison,61,-38.99550860646164,-61.78204680104904,0.0008820225213893606
215cabde0edbfabc36d322955dbec3baabd2ba61,B,comparison,62,-38.854688365486076,-61.64081935332453,0.0008958662547343716
215cabde0edbfabc36d322955dbec3baabd2ba61,B,comparison,63,-38.71613485248528,-61.50185197458332,0.0009099525291725392
215cabde0edbfabc36d322955dbec3baabd2ba61,B,comparison,64,-38.57977688868883,-61.36507349023926,0.0009242821383743741
215cabde0edbfabc36d322955dbec3baabd2ba61,B,comparison,65,-38.44554660641398,-61.23041603658082,0.0009388558847843874
215cabde0edbfabc36d322955dbec3baabd2ba61,B,comparison,66,-38.31337924684376,-61.09781485858066,0.0009536745794497184
215cabde0edbfabc36d322955dbec3baabd2ba61,B,comparison,67,-38.183212973012466,-60.96720812289014,0.0009687390417937932
215cabde0edbfabc36d322955dbec3baabd2ba61,B,comparison,68,-38.05498869664498,-60.838536744691964,0.000984050099507646
215cabde0edbfabc36d322955dbec3baabd2ba61,B,comparison,69,-37.928649917637216,-60.711744227202836,0.0009996085883004348
215cabde0edbfabc36d322955dbec3baabd2ba61,B,comparison,70,-37.80414257508513,-60.58677651271555,0.0010154153517492987
215cabde0edbfabc36d322955dbec3baabd2ba61,B,comparison,71,-37.681414908881365,-60.46358184419748,0.0010314712410990628
215cabde0edbfabc36d322955dbec3baabd2ba61,B,comparison,72,-37.560417330990376,-60.34211063659129,0.0010477771150793084
215cabde0edbfabc36d322955dbec3baabd2ba61,B,comparison,73,-37.441102305602044,-60.2223153569662,0.0010643338396944396
215cabde0edbfabc36d322955dbec3baabd2ba61,B,comparison,74,-37.323424237439255,-60.10415041283608,0.0010811422880629379
215cabde0edbfabc36d322955dbec3baabd2ba61,B,comparison,75,-37.20733936756205,-59.987572047978695,0.001098203340184285
215cabde0edbfabc36d322955dbec3baabd2ba61,B,comparison,76,-37.09280567607248,-59.872538245144824,0.001115517882771472
215cabde0edbfabc36d322955dbec3baabd2ba61,B,comparison,77,-36.97978279117956,-59.75900863511697,0.0011330868090314256
215cabde0edbfabc36d322955dbec3baabd2ba61,B,comparison,78,-36.868231904131314,-59.64694441166447,0.0011509110184820892
215cabde0edbfabc36d322955dbec3baabd2ba61,B,comparison,79,-36.75811568956529,-59.5363082518959,0.0011689914167280309
215cabde0edbfabc36d322955dbec3baabd2ba61,B,comparison,80,-36.649398230869245,-59.42706424161668,0.001187328915283312
215cabde0edbfabc36d322955dbec3baabd2ba61,B,comparison,81,-36.542044950177846,-59.319177805335165,0.0012059244313326308
215cabde0edbfabc36d322955dbec3baabd2ba61,B,comparison,82,-36.43602254266464,-59.21261564056201,0.0012247788875686606
215cabde0edbfabc36d322955dbec3baabd2ba61,B,comparison,83,-36.3312989148163,-59.10734565608047,0.0012438932119281194
215cabde0edbfabc36d322955dbec3baabd2ba61,B,comparison,84,-36.22784312640325,-59.00333691392491,0.001263268337439716
215cabde0edbfabc36d322955dbec3baabd2ba61,B,comparison,85,-36.12562533588453,-58.900559574790805,0.0012829052019505782
215cabde0edbfabc36d322955dbec3baabd2ba61,B,comparison,86,-36.02461674900524,-58.798984846632365,0.0013028047479732362
215cabde0edbfabc36d322955dbec3baabd2ba61,B,comparison,87,-35.924789570365256,-58.69858493623326,0.001322967922431338
215cabde0edbfabc36d322955dbec3baabd2ba61,B,comparison,88,-35.8261169577564,-58.599333003542384,0.001343395676452625
215cabde0edbfabc36d322955dbec3baabd2ba61,B,comparison,89,-35.728572979078436,-58.501203118601325,0.0013640889651638346
215cabde0edbfabc36d322955dbec3baabd2ba61,B,comparison,90,-35.63213257166278,-58.40417022086807,0.0013850487474537767
215cabde0edbfabc36d322955dbec3baabd2ba61,B,comparison,91,-35.53677150384384,-58.308210080775524,0.0014062759857653429
215cabde0edbfabc36d322955dbec3baabd2ba61,B,comparison,92,-35.442466338629664,-58.21329926342722,0.0014277716458749785
215cabde0edbfabc36d322955dbec3baabd2ba61,B,comparison,93,-35.34919439933704,-58.119415094217345,0.0014495366966644357
215cabde0edbfabc36d322955dbec3baabd2ba61,B,comparison,94,-35.25693373706404,-58.026535626310164,0.0014715721099002443
215cabde0edbfabc36d322955dbec3baabd2ba61,B,comparison,95,-35.16566309988371,-57.93463960983086,0.0014938788600083568
215cabde0edbfabc36d322955dbec3baabd2ba61,B,comparison,96,-35.07536190365115,-57.84370646268342,0.0015164579238555467
215cabde0edbfabc36d322955dbec3baabd2ba61,B,comparison,97,-34.98601020432213,-57.75371624285757,0.0015393102805076548
215cabde0edbfabc36d322955dbec3baabd2ba61,B,comparison,98,-34.89758867169295,-57.66464962217817,0.0015624369110244863
215cabde0edbfabc36d322955dbec3baabd2ba61,B,comparison,99,-34.81007856447144,-57.576487861377935,0.0015858387982055173
215cabde0edbfabc36d322955dbec3baabd2ba61,B,comparison,100,-34.7234617066026,-57.48921278641615,0.0016095169263905759
215cabde0edbfabc36d322955dbec3baabd2ba61,B,comparison,101,-34.637720464770275,-57.402806765988466,0.0016334722811978276
215cabde0edbfabc36d322955dbec3baabd2ba61,B,comparison,102,-34.552837727009106,-57.317252690138034,0.0016577058493051635
215cabde0edbfabc36d322955dbec3baabd2ba61,B,comparison,103,-34.46879688235802,-57.23253394990385,0.0016822186182576257
215cabde0edbfabc36d322955dbec3baabd2ba61,B,comparison,104,-34.385581801497466,-57.14863441796581,0.0017070115761542693
215cabde0edbfabc36d322955dbec3baabd2ba61,B,comparison,105,-34.30317681831363,-57.065538430205116,0.0017320857114941637
215cabde0edbfabc36d322955dbec3baabd2ba61,B,comparison,106,-34.221566712335026,-56.983230768147315,0.0017574420128970054
215cabde0edbfabc36d322955dbec3baabd2ba61,B,comparison,107,-34.14073669199516,-56.90169664221482,0.0017830814688767785
215cabde0edbfabc36d322955dbec3baabd2ba61,B,comparison,108,-34.0606723786729,-56.82092167577602,0.0018090050676298755
215cabde0edbfabc36d322955dbec3baabd2ba61,B,comparison,109,-33.98135979146801,-56.740891889921016,0.0018352137967605243
215cabde0edbfabc36d322955dbec3baabd2ba61,B,comparison,110,-33.902785332672615,-56.661593688927056,0.0018617086430872327
215cabde0edbfabc36d322955dbec3baabd2ba61,B,comparison,111,-33.82493577389981,-56.58301384639469,0.001888490592380744
215cabde0edbfabc36d322955dbec3baabd2ba61,B,comparison,112,-33.74779824283397,-56.50513949199022,0.001915560629126106
215cabde0edbfabc36d322955dbec3baabd2ba61,B,comparison,113,-33.6713602105705,-56.42795809879661,0.0019429197363107762
215cabde0edbfabc36d322955dbec3baabd2ba61,B,comparison,114,-33.595609479512504,-56.35145747120216,0.001970568895145207
215cabde0edbfabc36d322955dbec3baabd2ba61,B,comparison,115,-33.52053417179709,-56.27562573332369,0.0019985090848769855
215cabde0edbfabc36d322955dbec3baabd2ba61,B,comparison,116,-33.44612271822168,-56.200451317946175,0.0020267412825181606
215cabde0edbfabc36d322955dbec3baabd2ba61,B,comparison,117,-33.372363847645914,-56.12592295591006,0.0020552664626179006
215cabde0edbfabc36d322955dbec3baabd2ba61,B,comparison,118,-33.29924657684488,-56.05202966597617,0.0020840855970254983
215cabde0edbfabc36d322955dbec3baabd2ba61,B,comparison,119,-33.22676020079001,-55.97876074509966,0.0021131996546389035
215cabde0edbfabc36d322955dbec3baabd2ba61,B,comparison,120,-33.15489428333683,-55.90610575911812,0.0021426096012101595
215cabde0edbfabc36d322955dbec3baabd2ba61,B,comparison,121,-33.08363864829899,-55.83405453382654,0.0021723163990476284
215cabde0edbfabc36d322955dbec3baabd2ba61,B,comparison,122,-33.012983370889806,-55.762597146425335,0.0022023210068291316
215cabde0edbfabc36d322955dbec3baabd2ba61,B,comparison,123,-32.94291876951279,-55.69172391729946,0.0022326243793215237
215cabde0edbfabc36d322955dbec3baabd2ba61,B,comparison,124,-32.873435397885096,-55.62142540215136,0.0022632274671947903
215cabde0edbfabc36d322955dbec3baabd2ba61,B,comparison,125,-32.80452403747664,-55.551692384430815,0.00229413121672521
215cabde0edbfabc36d322955dbec3baabd2ba61,B,comparison,126,-32.7361756902505,-55.482515868085976,0.0023253365696161922
215cabde0edbfabc36d322955dbec3baabd2ba61,B,comparison,127,-32.66838157169112,-55.41388707058471,0.002356844462715896
215cabde0edbfabc36d322955dbec3baabd2ba61,B,comparison,128,-32.60113310410459,-55.34579741621366,0.002388655827805257
215cabde0edbfabc36d322955dbec3baabd2ba61,B,comparison,129,-32.53442191018077,-55.27823852964551,0.002420771591354179
215cabde0edbfabc36d322955dbec3baabd2ba61,B,comparison,130,-32.468239806802956,-55.21120222974501,0.0024531926742979706
215cabde0edbfabc36d322955dbec3baabd2ba61,B,comparison,131,-32.40257879909572,-55.144680523617986,0.0024859199917790543
215cabde0edbfabc36d322955dbec3baabd2ba61,B,comparison,132,-32.33743107469819,-55.07866560088093,0.0025189544529301403
215cabde0edbfabc36d322955dbec3baabd2ba61,B,comparison,133,-32.27278899825385,-55.01314982815731,0.0025522969606342474
215cabde0edbfabc36d322955dbec3baabd2ba61,B,comparison,134,-32.20864510610681,-54.94812574376767,0.0025859484113049704
215cabde0edbfabc36d322955dbec3baabd2ba61,B,comparison,135,-32.144992101194674,-54.88358605263115,0.002619909694624298
215cabde0edbfabc36d322955dbec3baabd2ba61,B,comparison,136,-32.0818228481306,-54.81952362132813,0.0026541816933344396
215cabde0edbfabc36d322955dbec3baabd2ba61,B,comparison,137,-32.01913036846487,-54.75593147338745,0.002688765283006493
215cabde0edbfabc36d322955dbec3baabd2ba61,B,comparison,138,-31.956907836119047,-54.69280278470069,0.0027236613317869196
215cabde0edbfabc36d322955dbec3baabd2ba61,B,comparison,139,-31.895148572985033,-54.63013087912842,0.0027588707001980277
215cabde0edbfabc36d322955dbec3baabd2ba61,B,comparison,140,-31.83384604468113,-54.56790922425895,0.0027943942408844295
215cabde0edbfabc36d322955dbec3baabd2ba61,B,comparison,141,-31.77299385646065,-54.50613142730908,0.0028302327984019307
215cabde0edbfabc36d322955dbec3baabd2ba61,B,comparison,142,-31.712585749263354,-54.44479123118092,0.002866387208983263
215cabde0edbfabc36d322955dbec3baabd2ba61,B,comparison,143,-31.652615595906415,-54.383882510651745,0.0029028583002960857
215cabde0edbfabc36d322955dbec3baabd2ba61,B,comparison,144,-31.593077397408074,-54.32339926869551,0.0029396468912530746
215cabde0edbfabc36d322955dbec3baabd2ba61,B,comparison,145,-31.53396527943777,-54.26333563293917,0.0029767537917592913
215cabde0edbfabc36d322955dbec3baabd2ba61,B,comparison,146,-31.47527348888945,-54.20368585222101,0.003014179802494279
215cabde0edbfabc36d322955dbec3baabd2ba61,B,comparison,147,-31.416996390570503,-54.14444429330052,0.0030519257147008944
215cabde0edbfabc36d322955dbec3baabd2ba61,B,comparison,148,-31.359128464003998,-54.085605437641995,0.003089992309947118
215cabde0edbfabc36d322955dbec3baabd2ba61,B,comparison,149,-31.30166430033777,-54.0271638783326,0.0031283803599216273
215cabde0edbfabc36d322955dbec3baabd2ba61,B,comparison,150,-31.24459859935738,-53.96911431709228,0.003167090626205226
