ISO-10303-21;
HEADER;
FILE_DESCRIPTION(('FreeCAD Model'),'2;1');
FILE_NAME('Open CASCADE Shape Model','2026-09-21T10:12:59',('FreeCAD'),(
    'FreeCAD'),'Open CASCADE STEP processor 7.8','FreeCAD','Unknown');
FILE_SCHEMA(('AUTOMOTIVE_DESIGN { 1 0 10303 214 1 1 1 1 }'));
ENDSEC;
DATA;
#1 = APPLICATION_PROTOCOL_DEFINITION('international standard',
  'automotive_design',2000,#2);
#2 = APPLICATION_CONTEXT(
  'core data for automotive mechanical design processes');
#3 = SHAPE_DEFINITION_REPRESENTATION(#4,#10);
#4 = PRODUCT_DEFINITION_SHAPE('','',#5);
#5 = PRODUCT_DEFINITION('design','',#6,#9);
#6 = PRODUCT_DEFINITION_FORMATION('','',#7);
#7 = PRODUCT('Open CASCADE STEP translator 7.8 1',
  'Open CASCADE STEP translator 7.8 1','',(#8));
#8 = PRODUCT_CONTEXT('',#2,'mechanical');
#9 = PRODUCT_DEFINITION_CONTEXT('part definition',#2,'design');
#10 = ADVANCED_BREP_SHAPE_REPRESENTATION('',(#11,#15),#5349);
#11 = AXIS2_PLACEMENT_3D('',#12,#13,#14);
#12 = CARTESIAN_POINT('',(0.,0.,0.));
#13 = DIRECTION('',(0.,0.,1.));
#14 = DIRECTION('',(1.,0.,-0.));
#15 = MANIFOLD_SOLID_BREP('',#16);
#16 = CLOSED_SHELL('',(#17,#50,#82,#125,#167,#193,#210,#227,#259,#331,
    #362,#517,#589,#620,#746,#793,#849,#873,#895,#921,#994,#1018,#1042,
    #1059,#1092,#1132,#1172,#1196,#1236,#1253,#1278,#1303,#1321,#1345,
    #1369,#1393,#1410,#1441,#1528,#1545,#1592,#1659,#1706,#1753,#1800,
    #1831,#1862,#1893,#1924,#1946,#1977,#2019,#2036,#2064,#2107,#2135,
    #2156,#2202,#2258,#2275,#2289,#2320,#2344,#2368,#2385,#2410,#2441,
    #2465,#2489,#2538,#2569,#2594,#2618,#2674,#2698,#2765,#2839,#2863,
    #2903,#2920,#2967,#2984,#3010,#3045,#3088,#3127,#3144,#3193,#3269,
    #3293,#3321,#3555,#3577,#3594,#3608,#3836,#3854,#3889,#3913,#4010,
    #4045,#4070,#4094,#4125,#4156,#4180,#4204,#4221,#4252,#4276,#4300,
    #4317,#4334,#4358,#4382,#4399,#4411,#4509,#4533,#4566,#4588,#4600,
    #4619,#4638,#4678,#4695,#4719,#4743,#4760,#4772,#4794,#4836,#4880,
    #4925,#4956,#4973,#5005,#5028,#5040,#5052,#5064,#5076,#5157,#5219,
    #5244,#5265,#5277,#5299,#5319,#5335));
#17 = ADVANCED_FACE('',(#18),#45,.T.);
#18 = FACE_BOUND('',#19,.T.);
#19 = EDGE_LOOP('',(#20,#30,#39));
#20 = ORIENTED_EDGE('',*,*,#21,.T.);
#21 = EDGE_CURVE('',#22,#24,#26,.T.);
#22 = VERTEX_POINT('',#23);
#23 = CARTESIAN_POINT('',(18.5,-65.,0.));
#24 = VERTEX_POINT('',#25);
#25 = CARTESIAN_POINT('',(18.5,-63.5,0.));
#26 = LINE('',#27,#28);
#27 = CARTESIAN_POINT('',(18.5,-65.,0.));
#28 = VECTOR('',#29,1.);
#29 = DIRECTION('',(0.,1.,0.));
#30 = ORIENTED_EDGE('',*,*,#31,.F.);
#31 = EDGE_CURVE('',#32,#24,#34,.T.);
#32 = VERTEX_POINT('',#33);
#33 = CARTESIAN_POINT('',(16.67944947177,-65.,0.));
#34 = CIRCLE('',#35,5.);
#35 = AXIS2_PLACEMENT_3D('',#36,#37,#38);
#36 = CARTESIAN_POINT('',(14.5,-60.5,0.));
#37 = DIRECTION('',(0.,0.,1.));
#38 = DIRECTION('',(1.,0.,0.));
#39 = ORIENTED_EDGE('',*,*,#40,.T.);
#40 = EDGE_CURVE('',#32,#22,#41,.T.);
#41 = LINE('',#42,#43);
#42 = CARTESIAN_POINT('',(-18.5,-65.,0.));
#43 = VECTOR('',#44,1.);
#44 = DIRECTION('',(1.,0.,0.));
#45 = PLANE('',#46);
#46 = AXIS2_PLACEMENT_3D('',#47,#48,#49);
#47 = CARTESIAN_POINT('',(-18.5,-65.,0.));
#48 = DIRECTION('',(0.,0.,1.));
#49 = DIRECTION('',(1.,0.,0.));
#50 = ADVANCED_FACE('',(#51),#77,.T.);
#51 = FACE_BOUND('',#52,.T.);
#52 = EDGE_LOOP('',(#53,#61,#70,#76));
#53 = ORIENTED_EDGE('',*,*,#54,.T.);
#54 = EDGE_CURVE('',#24,#55,#57,.T.);
#55 = VERTEX_POINT('',#56);
#56 = CARTESIAN_POINT('',(18.5,-63.5,4.75));
#57 = LINE('',#58,#59);
#58 = CARTESIAN_POINT('',(18.5,-63.5,0.));
#59 = VECTOR('',#60,1.);
#60 = DIRECTION('',(0.,0.,1.));
#61 = ORIENTED_EDGE('',*,*,#62,.F.);
#62 = EDGE_CURVE('',#63,#55,#65,.T.);
#63 = VERTEX_POINT('',#64);
#64 = CARTESIAN_POINT('',(16.67944947177,-65.,4.75));
#65 = CIRCLE('',#66,5.);
#66 = AXIS2_PLACEMENT_3D('',#67,#68,#69);
#67 = CARTESIAN_POINT('',(14.5,-60.5,4.75));
#68 = DIRECTION('',(0.,0.,1.));
#69 = DIRECTION('',(1.,0.,0.));
#70 = ORIENTED_EDGE('',*,*,#71,.F.);
#71 = EDGE_CURVE('',#32,#63,#72,.T.);
#72 = LINE('',#73,#74);
#73 = CARTESIAN_POINT('',(16.67944947177,-65.,0.));
#74 = VECTOR('',#75,1.);
#75 = DIRECTION('',(0.,0.,1.));
#76 = ORIENTED_EDGE('',*,*,#31,.T.);
#77 = CYLINDRICAL_SURFACE('',#78,5.);
#78 = AXIS2_PLACEMENT_3D('',#79,#80,#81);
#79 = CARTESIAN_POINT('',(14.5,-60.5,0.));
#80 = DIRECTION('',(0.,0.,1.));
#81 = DIRECTION('',(1.,0.,0.));
#82 = ADVANCED_FACE('',(#83,#109),#120,.T.);
#83 = FACE_BOUND('',#84,.T.);
#84 = EDGE_LOOP('',(#85,#93,#102,#108));
#85 = ORIENTED_EDGE('',*,*,#86,.F.);
#86 = EDGE_CURVE('',#87,#55,#89,.T.);
#87 = VERTEX_POINT('',#88);
#88 = CARTESIAN_POINT('',(18.5,-57.5,4.75));
#89 = LINE('',#90,#91);
#90 = CARTESIAN_POINT('',(18.5,-62.75,4.75));
#91 = VECTOR('',#92,1.);
#92 = DIRECTION('',(0.,-1.,0.));
#93 = ORIENTED_EDGE('',*,*,#94,.T.);
#94 = EDGE_CURVE('',#87,#95,#97,.T.);
#95 = VERTEX_POINT('',#96);
#96 = CARTESIAN_POINT('',(12.32055052823,-65.,4.75));
#97 = CIRCLE('',#98,5.);
#98 = AXIS2_PLACEMENT_3D('',#99,#100,#101);
#99 = CARTESIAN_POINT('',(14.5,-60.5,4.75));
#100 = DIRECTION('',(0.,0.,1.));
#101 = DIRECTION('',(1.,0.,0.));
#102 = ORIENTED_EDGE('',*,*,#103,.T.);
#103 = EDGE_CURVE('',#95,#63,#104,.T.);
#104 = LINE('',#105,#106);
#105 = CARTESIAN_POINT('',(-2.,-65.,4.75));
#106 = VECTOR('',#107,1.);
#107 = DIRECTION('',(1.,0.,0.));
#108 = ORIENTED_EDGE('',*,*,#62,.T.);
#109 = FACE_BOUND('',#110,.T.);
#110 = EDGE_LOOP('',(#111));
#111 = ORIENTED_EDGE('',*,*,#112,.F.);
#112 = EDGE_CURVE('',#113,#113,#115,.T.);
#113 = VERTEX_POINT('',#114);
#114 = CARTESIAN_POINT('',(16.1,-60.5,4.75));
#115 = CIRCLE('',#116,1.6);
#116 = AXIS2_PLACEMENT_3D('',#117,#118,#119);
#117 = CARTESIAN_POINT('',(14.5,-60.5,4.75));
#118 = DIRECTION('',(0.,0.,1.));
#119 = DIRECTION('',(1.,0.,0.));
#120 = PLANE('',#121);
#121 = AXIS2_PLACEMENT_3D('',#122,#123,#124);
#122 = CARTESIAN_POINT('',(14.5,-60.5,4.75));
#123 = DIRECTION('',(0.,0.,1.));
#124 = DIRECTION('',(1.,0.,0.));
#125 = ADVANCED_FACE('',(#126),#162,.F.);
#126 = FACE_BOUND('',#127,.F.);
#127 = EDGE_LOOP('',(#128,#139,#147,#156));
#128 = ORIENTED_EDGE('',*,*,#129,.F.);
#129 = EDGE_CURVE('',#130,#132,#134,.T.);
#130 = VERTEX_POINT('',#131);
#131 = CARTESIAN_POINT('',(18.5,-59.06385933836,-1.5));
#132 = VERTEX_POINT('',#133);
#133 = CARTESIAN_POINT('',(18.5,-61.93614066163,-1.5));
#134 = CIRCLE('',#135,4.25);
#135 = AXIS2_PLACEMENT_3D('',#136,#137,#138);
#136 = CARTESIAN_POINT('',(14.5,-60.5,-1.5));
#137 = DIRECTION('',(0.,0.,1.));
#138 = DIRECTION('',(1.,0.,0.));
#139 = ORIENTED_EDGE('',*,*,#140,.F.);
#140 = EDGE_CURVE('',#141,#130,#143,.T.);
#141 = VERTEX_POINT('',#142);
#142 = CARTESIAN_POINT('',(18.5,-59.06385933836,-4.5));
#143 = LINE('',#144,#145);
#144 = CARTESIAN_POINT('',(18.5,-59.06385933836,-4.5));
#145 = VECTOR('',#146,1.);
#146 = DIRECTION('',(0.,0.,1.));
#147 = ORIENTED_EDGE('',*,*,#148,.T.);
#148 = EDGE_CURVE('',#141,#149,#151,.T.);
#149 = VERTEX_POINT('',#150);
#150 = CARTESIAN_POINT('',(18.5,-61.93614066163,-4.5));
#151 = CIRCLE('',#152,4.25);
#152 = AXIS2_PLACEMENT_3D('',#153,#154,#155);
#153 = CARTESIAN_POINT('',(14.5,-60.5,-4.5));
#154 = DIRECTION('',(0.,0.,1.));
#155 = DIRECTION('',(1.,0.,0.));
#156 = ORIENTED_EDGE('',*,*,#157,.T.);
#157 = EDGE_CURVE('',#149,#132,#158,.T.);
#158 = LINE('',#159,#160);
#159 = CARTESIAN_POINT('',(18.5,-61.93614066163,-4.5));
#160 = VECTOR('',#161,1.);
#161 = DIRECTION('',(0.,0.,1.));
#162 = CYLINDRICAL_SURFACE('',#163,4.25);
#163 = AXIS2_PLACEMENT_3D('',#164,#165,#166);
#164 = CARTESIAN_POINT('',(14.5,-60.5,-4.5));
#165 = DIRECTION('',(0.,0.,1.));
#166 = DIRECTION('',(1.,0.,0.));
#167 = ADVANCED_FACE('',(#168,#177),#188,.F.);
#168 = FACE_BOUND('',#169,.F.);
#169 = EDGE_LOOP('',(#170,#176));
#170 = ORIENTED_EDGE('',*,*,#171,.T.);
#171 = EDGE_CURVE('',#132,#130,#172,.T.);
#172 = LINE('',#173,#174);
#173 = CARTESIAN_POINT('',(18.5,-62.75,-1.5));
#174 = VECTOR('',#175,1.);
#175 = DIRECTION('',(-0.,1.,0.));
#176 = ORIENTED_EDGE('',*,*,#129,.T.);
#177 = FACE_BOUND('',#178,.F.);
#178 = EDGE_LOOP('',(#179));
#179 = ORIENTED_EDGE('',*,*,#180,.F.);
#180 = EDGE_CURVE('',#181,#181,#183,.T.);
#181 = VERTEX_POINT('',#182);
#182 = CARTESIAN_POINT('',(16.1,-60.5,-1.5));
#183 = CIRCLE('',#184,1.6);
#184 = AXIS2_PLACEMENT_3D('',#185,#186,#187);
#185 = CARTESIAN_POINT('',(14.5,-60.5,-1.5));
#186 = DIRECTION('',(0.,0.,1.));
#187 = DIRECTION('',(1.,0.,0.));
#188 = PLANE('',#189);
#189 = AXIS2_PLACEMENT_3D('',#190,#191,#192);
#190 = CARTESIAN_POINT('',(14.5,-60.5,-1.5));
#191 = DIRECTION('',(0.,0.,1.));
#192 = DIRECTION('',(1.,0.,0.));
#193 = ADVANCED_FACE('',(#194),#205,.F.);
#194 = FACE_BOUND('',#195,.F.);
#195 = EDGE_LOOP('',(#196,#197,#203,#204));
#196 = ORIENTED_EDGE('',*,*,#157,.F.);
#197 = ORIENTED_EDGE('',*,*,#198,.T.);
#198 = EDGE_CURVE('',#149,#141,#199,.T.);
#199 = LINE('',#200,#201);
#200 = CARTESIAN_POINT('',(18.5,-65.,-4.5));
#201 = VECTOR('',#202,1.);
#202 = DIRECTION('',(-0.,1.,0.));
#203 = ORIENTED_EDGE('',*,*,#140,.T.);
#204 = ORIENTED_EDGE('',*,*,#171,.F.);
#205 = PLANE('',#206);
#206 = AXIS2_PLACEMENT_3D('',#207,#208,#209);
#207 = CARTESIAN_POINT('',(18.5,-65.,-4.5));
#208 = DIRECTION('',(1.,0.,-0.));
#209 = DIRECTION('',(0.,0.,1.));
#210 = ADVANCED_FACE('',(#211),#222,.F.);
#211 = FACE_BOUND('',#212,.F.);
#212 = EDGE_LOOP('',(#213,#219,#220,#221));
#213 = ORIENTED_EDGE('',*,*,#214,.T.);
#214 = EDGE_CURVE('',#181,#113,#215,.T.);
#215 = LINE('',#216,#217);
#216 = CARTESIAN_POINT('',(16.1,-60.5,-8.));
#217 = VECTOR('',#218,1.);
#218 = DIRECTION('',(0.,0.,1.));
#219 = ORIENTED_EDGE('',*,*,#112,.F.);
#220 = ORIENTED_EDGE('',*,*,#214,.F.);
#221 = ORIENTED_EDGE('',*,*,#180,.T.);
#222 = CYLINDRICAL_SURFACE('',#223,1.6);
#223 = AXIS2_PLACEMENT_3D('',#224,#225,#226);
#224 = CARTESIAN_POINT('',(14.5,-60.5,-8.));
#225 = DIRECTION('',(0.,0.,1.));
#226 = DIRECTION('',(1.,0.,0.));
#227 = ADVANCED_FACE('',(#228),#254,.T.);
#228 = FACE_BOUND('',#229,.T.);
#229 = EDGE_LOOP('',(#230,#231,#239,#248));
#230 = ORIENTED_EDGE('',*,*,#94,.F.);
#231 = ORIENTED_EDGE('',*,*,#232,.F.);
#232 = EDGE_CURVE('',#233,#87,#235,.T.);
#233 = VERTEX_POINT('',#234);
#234 = CARTESIAN_POINT('',(18.5,-57.5,0.));
#235 = LINE('',#236,#237);
#236 = CARTESIAN_POINT('',(18.5,-57.5,0.));
#237 = VECTOR('',#238,1.);
#238 = DIRECTION('',(0.,0.,1.));
#239 = ORIENTED_EDGE('',*,*,#240,.T.);
#240 = EDGE_CURVE('',#233,#241,#243,.T.);
#241 = VERTEX_POINT('',#242);
#242 = CARTESIAN_POINT('',(12.32055052823,-65.,0.));
#243 = CIRCLE('',#244,5.);
#244 = AXIS2_PLACEMENT_3D('',#245,#246,#247);
#245 = CARTESIAN_POINT('',(14.5,-60.5,0.));
#246 = DIRECTION('',(0.,0.,1.));
#247 = DIRECTION('',(1.,0.,0.));
#248 = ORIENTED_EDGE('',*,*,#249,.T.);
#249 = EDGE_CURVE('',#241,#95,#250,.T.);
#250 = LINE('',#251,#252);
#251 = CARTESIAN_POINT('',(12.32055052823,-65.,0.));
#252 = VECTOR('',#253,1.);
#253 = DIRECTION('',(0.,0.,1.));
#254 = CYLINDRICAL_SURFACE('',#255,5.);
#255 = AXIS2_PLACEMENT_3D('',#256,#257,#258);
#256 = CARTESIAN_POINT('',(14.5,-60.5,0.));
#257 = DIRECTION('',(0.,0.,1.));
#258 = DIRECTION('',(1.,0.,0.));
#259 = ADVANCED_FACE('',(#260),#326,.T.);
#260 = FACE_BOUND('',#261,.T.);
#261 = EDGE_LOOP('',(#262,#272,#280,#288,#296,#304,#312,#320));
#262 = ORIENTED_EDGE('',*,*,#263,.T.);
#263 = EDGE_CURVE('',#264,#266,#268,.T.);
#264 = VERTEX_POINT('',#265);
#265 = CARTESIAN_POINT('',(-58.,-38.,-8.));
#266 = VERTEX_POINT('',#267);
#267 = CARTESIAN_POINT('',(-34.,-38.,-8.));
#268 = LINE('',#269,#270);
#269 = CARTESIAN_POINT('',(-100.,-38.,-8.));
#270 = VECTOR('',#271,1.);
#271 = DIRECTION('',(1.,0.,0.));
#272 = ORIENTED_EDGE('',*,*,#273,.T.);
#273 = EDGE_CURVE('',#266,#274,#276,.T.);
#274 = VERTEX_POINT('',#275);
#275 = CARTESIAN_POINT('',(-34.,-38.,-4.5));
#276 = LINE('',#277,#278);
#277 = CARTESIAN_POINT('',(-34.,-38.,-8.));
#278 = VECTOR('',#279,1.);
#279 = DIRECTION('',(0.,0.,1.));
#280 = ORIENTED_EDGE('',*,*,#281,.F.);
#281 = EDGE_CURVE('',#282,#274,#284,.T.);
#282 = VERTEX_POINT('',#283);
#283 = CARTESIAN_POINT('',(-40.,-38.,-4.5));
#284 = LINE('',#285,#286);
#285 = CARTESIAN_POINT('',(-70.,-38.,-4.5));
#286 = VECTOR('',#287,1.);
#287 = DIRECTION('',(1.,0.,0.));
#288 = ORIENTED_EDGE('',*,*,#289,.F.);
#289 = EDGE_CURVE('',#290,#282,#292,.T.);
#290 = VERTEX_POINT('',#291);
#291 = CARTESIAN_POINT('',(-40.,-38.,5.5));
#292 = LINE('',#293,#294);
#293 = CARTESIAN_POINT('',(-40.,-38.,-6.25));
#294 = VECTOR('',#295,1.);
#295 = DIRECTION('',(0.,0.,-1.));
#296 = ORIENTED_EDGE('',*,*,#297,.T.);
#297 = EDGE_CURVE('',#290,#298,#300,.T.);
#298 = VERTEX_POINT('',#299);
#299 = CARTESIAN_POINT('',(-34.,-38.,5.5));
#300 = LINE('',#301,#302);
#301 = CARTESIAN_POINT('',(-70.,-38.,5.5));
#302 = VECTOR('',#303,1.);
#303 = DIRECTION('',(1.,0.,0.));
#304 = ORIENTED_EDGE('',*,*,#305,.T.);
#305 = EDGE_CURVE('',#298,#306,#308,.T.);
#306 = VERTEX_POINT('',#307);
#307 = CARTESIAN_POINT('',(-34.,-38.,14.));
#308 = LINE('',#309,#310);
#309 = CARTESIAN_POINT('',(-34.,-38.,-8.));
#310 = VECTOR('',#311,1.);
#311 = DIRECTION('',(0.,0.,1.));
#312 = ORIENTED_EDGE('',*,*,#313,.F.);
#313 = EDGE_CURVE('',#314,#306,#316,.T.);
#314 = VERTEX_POINT('',#315);
#315 = CARTESIAN_POINT('',(-58.,-38.,14.));
#316 = LINE('',#317,#318);
#317 = CARTESIAN_POINT('',(-100.,-38.,14.));
#318 = VECTOR('',#319,1.);
#319 = DIRECTION('',(1.,0.,0.));
#320 = ORIENTED_EDGE('',*,*,#321,.F.);
#321 = EDGE_CURVE('',#264,#314,#322,.T.);
#322 = LINE('',#323,#324);
#323 = CARTESIAN_POINT('',(-58.,-38.,-498.5652173913));
#324 = VECTOR('',#325,1.);
#325 = DIRECTION('',(0.,0.,1.));
#326 = PLANE('',#327);
#327 = AXIS2_PLACEMENT_3D('',#328,#329,#330);
#328 = CARTESIAN_POINT('',(-75.64782608695,-38.,2.869565217391));
#329 = DIRECTION('',(-0.,-1.,-0.));
#330 = DIRECTION('',(0.,0.,-1.));
#331 = ADVANCED_FACE('',(#332),#357,.F.);
#332 = FACE_BOUND('',#333,.F.);
#333 = EDGE_LOOP('',(#334,#342,#350,#356));
#334 = ORIENTED_EDGE('',*,*,#335,.F.);
#335 = EDGE_CURVE('',#336,#290,#338,.T.);
#336 = VERTEX_POINT('',#337);
#337 = CARTESIAN_POINT('',(-40.,-63.,5.5));
#338 = LINE('',#339,#340);
#339 = CARTESIAN_POINT('',(-40.,-64.,5.5));
#340 = VECTOR('',#341,1.);
#341 = DIRECTION('',(0.,1.,0.));
#342 = ORIENTED_EDGE('',*,*,#343,.T.);
#343 = EDGE_CURVE('',#336,#344,#346,.T.);
#344 = VERTEX_POINT('',#345);
#345 = CARTESIAN_POINT('',(-40.,-63.,-4.5));
#346 = LINE('',#347,#348);
#347 = CARTESIAN_POINT('',(-40.,-63.,-8.25));
#348 = VECTOR('',#349,1.);
#349 = DIRECTION('',(0.,0.,-1.));
#350 = ORIENTED_EDGE('',*,*,#351,.T.);
#351 = EDGE_CURVE('',#344,#282,#352,.T.);
#352 = LINE('',#353,#354);
#353 = CARTESIAN_POINT('',(-40.,-64.,-4.5));
#354 = VECTOR('',#355,1.);
#355 = DIRECTION('',(0.,1.,0.));
#356 = ORIENTED_EDGE('',*,*,#289,.F.);
#357 = PLANE('',#358);
#358 = AXIS2_PLACEMENT_3D('',#359,#360,#361);
#359 = CARTESIAN_POINT('',(-40.,-64.,-4.5));
#360 = DIRECTION('',(1.,0.,0.));
#361 = DIRECTION('',(0.,0.,1.));
#362 = ADVANCED_FACE('',(#363,#397,#422,#433,#467,#501),#512,.T.);
#363 = FACE_BOUND('',#364,.T.);
#364 = EDGE_LOOP('',(#365,#375,#383,#391));
#365 = ORIENTED_EDGE('',*,*,#366,.F.);
#366 = EDGE_CURVE('',#367,#369,#371,.T.);
#367 = VERTEX_POINT('',#368);
#368 = CARTESIAN_POINT('',(-58.,-63.,-12.));
#369 = VERTEX_POINT('',#370);
#370 = CARTESIAN_POINT('',(58.,-63.,-12.));
#371 = LINE('',#372,#373);
#372 = CARTESIAN_POINT('',(-58.,-63.,-12.));
#373 = VECTOR('',#374,1.);
#374 = DIRECTION('',(1.,0.,0.));
#375 = ORIENTED_EDGE('',*,*,#376,.T.);
#376 = EDGE_CURVE('',#367,#377,#379,.T.);
#377 = VERTEX_POINT('',#378);
#378 = CARTESIAN_POINT('',(-58.,-63.,90.));
#379 = LINE('',#380,#381);
#380 = CARTESIAN_POINT('',(-58.,-63.,-12.));
#381 = VECTOR('',#382,1.);
#382 = DIRECTION('',(0.,0.,1.));
#383 = ORIENTED_EDGE('',*,*,#384,.T.);
#384 = EDGE_CURVE('',#377,#385,#387,.T.);
#385 = VERTEX_POINT('',#386);
#386 = CARTESIAN_POINT('',(58.,-63.,90.));
#387 = LINE('',#388,#389);
#388 = CARTESIAN_POINT('',(-58.,-63.,90.));
#389 = VECTOR('',#390,1.);
#390 = DIRECTION('',(1.,0.,0.));
#391 = ORIENTED_EDGE('',*,*,#392,.F.);
#392 = EDGE_CURVE('',#369,#385,#393,.T.);
#393 = LINE('',#394,#395);
#394 = CARTESIAN_POINT('',(58.,-63.,-12.));
#395 = VECTOR('',#396,1.);
#396 = DIRECTION('',(0.,0.,1.));
#397 = FACE_BOUND('',#398,.T.);
#398 = EDGE_LOOP('',(#399,#407,#408,#416));
#399 = ORIENTED_EDGE('',*,*,#400,.F.);
#400 = EDGE_CURVE('',#336,#401,#403,.T.);
#401 = VERTEX_POINT('',#402);
#402 = CARTESIAN_POINT('',(-28.,-63.,5.5));
#403 = LINE('',#404,#405);
#404 = CARTESIAN_POINT('',(-49.,-63.,5.5));
#405 = VECTOR('',#406,1.);
#406 = DIRECTION('',(1.,0.,0.));
#407 = ORIENTED_EDGE('',*,*,#343,.T.);
#408 = ORIENTED_EDGE('',*,*,#409,.T.);
#409 = EDGE_CURVE('',#344,#410,#412,.T.);
#410 = VERTEX_POINT('',#411);
#411 = CARTESIAN_POINT('',(-28.,-63.,-4.5));
#412 = LINE('',#413,#414);
#413 = CARTESIAN_POINT('',(-49.,-63.,-4.5));
#414 = VECTOR('',#415,1.);
#415 = DIRECTION('',(1.,0.,0.));
#416 = ORIENTED_EDGE('',*,*,#417,.F.);
#417 = EDGE_CURVE('',#401,#410,#418,.T.);
#418 = LINE('',#419,#420);
#419 = CARTESIAN_POINT('',(-28.,-63.,-8.25));
#420 = VECTOR('',#421,1.);
#421 = DIRECTION('',(0.,0.,-1.));
#422 = FACE_BOUND('',#423,.T.);
#423 = EDGE_LOOP('',(#424));
#424 = ORIENTED_EDGE('',*,*,#425,.F.);
#425 = EDGE_CURVE('',#426,#426,#428,.T.);
#426 = VERTEX_POINT('',#427);
#427 = CARTESIAN_POINT('',(-48.,-63.,77.6));
#428 = CIRCLE('',#429,2.6);
#429 = AXIS2_PLACEMENT_3D('',#430,#431,#432);
#430 = CARTESIAN_POINT('',(-48.,-63.,75.));
#431 = DIRECTION('',(0.,1.,0.));
#432 = DIRECTION('',(0.,0.,1.));
#433 = FACE_BOUND('',#434,.T.);
#434 = EDGE_LOOP('',(#435,#445,#453,#461));
#435 = ORIENTED_EDGE('',*,*,#436,.F.);
#436 = EDGE_CURVE('',#437,#439,#441,.T.);
#437 = VERTEX_POINT('',#438);
#438 = CARTESIAN_POINT('',(-26.,-63.,26.));
#439 = VERTEX_POINT('',#440);
#440 = CARTESIAN_POINT('',(26.,-63.,26.));
#441 = LINE('',#442,#443);
#442 = CARTESIAN_POINT('',(-42.,-63.,26.));
#443 = VECTOR('',#444,1.);
#444 = DIRECTION('',(1.,0.,0.));
#445 = ORIENTED_EDGE('',*,*,#446,.T.);
#446 = EDGE_CURVE('',#437,#447,#449,.T.);
#447 = VERTEX_POINT('',#448);
#448 = CARTESIAN_POINT('',(-26.,-63.,-8.));
#449 = LINE('',#450,#451);
#450 = CARTESIAN_POINT('',(-26.,-63.,-10.));
#451 = VECTOR('',#452,1.);
#452 = DIRECTION('',(0.,0.,-1.));
#453 = ORIENTED_EDGE('',*,*,#454,.T.);
#454 = EDGE_CURVE('',#447,#455,#457,.T.);
#455 = VERTEX_POINT('',#456);
#456 = CARTESIAN_POINT('',(26.,-63.,-8.));
#457 = LINE('',#458,#459);
#458 = CARTESIAN_POINT('',(-42.,-63.,-8.));
#459 = VECTOR('',#460,1.);
#460 = DIRECTION('',(1.,0.,0.));
#461 = ORIENTED_EDGE('',*,*,#462,.F.);
#462 = EDGE_CURVE('',#439,#455,#463,.T.);
#463 = LINE('',#464,#465);
#464 = CARTESIAN_POINT('',(26.,-63.,-10.));
#465 = VECTOR('',#466,1.);
#466 = DIRECTION('',(0.,0.,-1.));
#467 = FACE_BOUND('',#468,.T.);
#468 = EDGE_LOOP('',(#469,#479,#487,#495));
#469 = ORIENTED_EDGE('',*,*,#470,.F.);
#470 = EDGE_CURVE('',#471,#473,#475,.T.);
#471 = VERTEX_POINT('',#472);
#472 = CARTESIAN_POINT('',(28.,-63.,5.5));
#473 = VERTEX_POINT('',#474);
#474 = CARTESIAN_POINT('',(40.,-63.,5.5));
#475 = LINE('',#476,#477);
#476 = CARTESIAN_POINT('',(-15.,-63.,5.5));
#477 = VECTOR('',#478,1.);
#478 = DIRECTION('',(1.,0.,0.));
#479 = ORIENTED_EDGE('',*,*,#480,.T.);
#480 = EDGE_CURVE('',#471,#481,#483,.T.);
#481 = VERTEX_POINT('',#482);
#482 = CARTESIAN_POINT('',(28.,-63.,-4.5));
#483 = LINE('',#484,#485);
#484 = CARTESIAN_POINT('',(28.,-63.,-8.25));
#485 = VECTOR('',#486,1.);
#486 = DIRECTION('',(0.,0.,-1.));
#487 = ORIENTED_EDGE('',*,*,#488,.T.);
#488 = EDGE_CURVE('',#481,#489,#491,.T.);
#489 = VERTEX_POINT('',#490);
#490 = CARTESIAN_POINT('',(40.,-63.,-4.5));
#491 = LINE('',#492,#493);
#492 = CARTESIAN_POINT('',(-15.,-63.,-4.5));
#493 = VECTOR('',#494,1.);
#494 = DIRECTION('',(1.,0.,0.));
#495 = ORIENTED_EDGE('',*,*,#496,.F.);
#496 = EDGE_CURVE('',#473,#489,#497,.T.);
#497 = LINE('',#498,#499);
#498 = CARTESIAN_POINT('',(40.,-63.,-8.25));
#499 = VECTOR('',#500,1.);
#500 = DIRECTION('',(0.,0.,-1.));
#501 = FACE_BOUND('',#502,.T.);
#502 = EDGE_LOOP('',(#503));
#503 = ORIENTED_EDGE('',*,*,#504,.F.);
#504 = EDGE_CURVE('',#505,#505,#507,.T.);
#505 = VERTEX_POINT('',#506);
#506 = CARTESIAN_POINT('',(48.,-63.,77.6));
#507 = CIRCLE('',#508,2.6);
#508 = AXIS2_PLACEMENT_3D('',#509,#510,#511);
#509 = CARTESIAN_POINT('',(48.,-63.,75.));
#510 = DIRECTION('',(0.,1.,0.));
#511 = DIRECTION('',(0.,0.,1.));
#512 = PLANE('',#513);
#513 = AXIS2_PLACEMENT_3D('',#514,#515,#516);
#514 = CARTESIAN_POINT('',(-58.,-63.,-12.));
#515 = DIRECTION('',(0.,1.,0.));
#516 = DIRECTION('',(0.,0.,1.));
#517 = ADVANCED_FACE('',(#518),#584,.T.);
#518 = FACE_BOUND('',#519,.T.);
#519 = EDGE_LOOP('',(#520,#530,#538,#546,#554,#562,#570,#578));
#520 = ORIENTED_EDGE('',*,*,#521,.F.);
#521 = EDGE_CURVE('',#522,#524,#526,.T.);
#522 = VERTEX_POINT('',#523);
#523 = CARTESIAN_POINT('',(34.,-38.,5.5));
#524 = VERTEX_POINT('',#525);
#525 = CARTESIAN_POINT('',(34.,-38.,14.));
#526 = LINE('',#527,#528);
#527 = CARTESIAN_POINT('',(34.,-38.,-8.));
#528 = VECTOR('',#529,1.);
#529 = DIRECTION('',(0.,0.,1.));
#530 = ORIENTED_EDGE('',*,*,#531,.T.);
#531 = EDGE_CURVE('',#522,#532,#534,.T.);
#532 = VERTEX_POINT('',#533);
#533 = CARTESIAN_POINT('',(40.,-38.,5.5));
#534 = LINE('',#535,#536);
#535 = CARTESIAN_POINT('',(31.,-38.,5.5));
#536 = VECTOR('',#537,1.);
#537 = DIRECTION('',(1.,0.,0.));
#538 = ORIENTED_EDGE('',*,*,#539,.T.);
#539 = EDGE_CURVE('',#532,#540,#542,.T.);
#540 = VERTEX_POINT('',#541);
#541 = CARTESIAN_POINT('',(40.,-38.,-4.5));
#542 = LINE('',#543,#544);
#543 = CARTESIAN_POINT('',(40.,-38.,-6.25));
#544 = VECTOR('',#545,1.);
#545 = DIRECTION('',(0.,0.,-1.));
#546 = ORIENTED_EDGE('',*,*,#547,.F.);
#547 = EDGE_CURVE('',#548,#540,#550,.T.);
#548 = VERTEX_POINT('',#549);
#549 = CARTESIAN_POINT('',(34.,-38.,-4.5));
#550 = LINE('',#551,#552);
#551 = CARTESIAN_POINT('',(31.,-38.,-4.5));
#552 = VECTOR('',#553,1.);
#553 = DIRECTION('',(1.,0.,0.));
#554 = ORIENTED_EDGE('',*,*,#555,.F.);
#555 = EDGE_CURVE('',#556,#548,#558,.T.);
#556 = VERTEX_POINT('',#557);
#557 = CARTESIAN_POINT('',(34.,-38.,-8.));
#558 = LINE('',#559,#560);
#559 = CARTESIAN_POINT('',(34.,-38.,-8.));
#560 = VECTOR('',#561,1.);
#561 = DIRECTION('',(0.,0.,1.));
#562 = ORIENTED_EDGE('',*,*,#563,.T.);
#563 = EDGE_CURVE('',#556,#564,#566,.T.);
#564 = VERTEX_POINT('',#565);
#565 = CARTESIAN_POINT('',(58.,-38.,-8.));
#566 = LINE('',#567,#568);
#567 = CARTESIAN_POINT('',(82.,-38.,-8.));
#568 = VECTOR('',#569,1.);
#569 = DIRECTION('',(1.,0.,0.));
#570 = ORIENTED_EDGE('',*,*,#571,.T.);
#571 = EDGE_CURVE('',#564,#572,#574,.T.);
#572 = VERTEX_POINT('',#573);
#573 = CARTESIAN_POINT('',(58.,-38.,14.));
#574 = LINE('',#575,#576);
#575 = CARTESIAN_POINT('',(58.,-38.,-498.5652173913));
#576 = VECTOR('',#577,1.);
#577 = DIRECTION('',(0.,0.,1.));
#578 = ORIENTED_EDGE('',*,*,#579,.F.);
#579 = EDGE_CURVE('',#524,#572,#580,.T.);
#580 = LINE('',#581,#582);
#581 = CARTESIAN_POINT('',(82.,-38.,14.));
#582 = VECTOR('',#583,1.);
#583 = DIRECTION('',(1.,0.,0.));
#584 = PLANE('',#585);
#585 = AXIS2_PLACEMENT_3D('',#586,#587,#588);
#586 = CARTESIAN_POINT('',(75.647826086957,-38.,2.869565217391));
#587 = DIRECTION('',(-0.,-1.,-0.));
#588 = DIRECTION('',(0.,0.,-1.));
#589 = ADVANCED_FACE('',(#590),#615,.F.);
#590 = FACE_BOUND('',#591,.F.);
#591 = EDGE_LOOP('',(#592,#600,#601,#609));
#592 = ORIENTED_EDGE('',*,*,#593,.F.);
#593 = EDGE_CURVE('',#524,#594,#596,.T.);
#594 = VERTEX_POINT('',#595);
#595 = CARTESIAN_POINT('',(34.,-37.,14.));
#596 = LINE('',#597,#598);
#597 = CARTESIAN_POINT('',(34.,-38.,14.));
#598 = VECTOR('',#599,1.);
#599 = DIRECTION('',(0.,1.,0.));
#600 = ORIENTED_EDGE('',*,*,#521,.F.);
#601 = ORIENTED_EDGE('',*,*,#602,.F.);
#602 = EDGE_CURVE('',#603,#522,#605,.T.);
#603 = VERTEX_POINT('',#604);
#604 = CARTESIAN_POINT('',(34.,-37.,5.5));
#605 = LINE('',#606,#607);
#606 = CARTESIAN_POINT('',(34.,-51.,5.5));
#607 = VECTOR('',#608,1.);
#608 = DIRECTION('',(0.,-1.,0.));
#609 = ORIENTED_EDGE('',*,*,#610,.F.);
#610 = EDGE_CURVE('',#594,#603,#611,.T.);
#611 = LINE('',#612,#613);
#612 = CARTESIAN_POINT('',(34.,-37.,-6.25));
#613 = VECTOR('',#614,1.);
#614 = DIRECTION('',(0.,0.,-1.));
#615 = PLANE('',#616);
#616 = AXIS2_PLACEMENT_3D('',#617,#618,#619);
#617 = CARTESIAN_POINT('',(34.,-38.,-8.));
#618 = DIRECTION('',(1.,0.,0.));
#619 = DIRECTION('',(0.,0.,1.));
#620 = ADVANCED_FACE('',(#621,#719,#730),#741,.T.);
#621 = FACE_BOUND('',#622,.T.);
#622 = EDGE_LOOP('',(#623,#624,#625,#633,#641,#649,#657,#665,#673,#681,
    #689,#697,#705,#713));
#623 = ORIENTED_EDGE('',*,*,#593,.F.);
#624 = ORIENTED_EDGE('',*,*,#579,.T.);
#625 = ORIENTED_EDGE('',*,*,#626,.T.);
#626 = EDGE_CURVE('',#572,#627,#629,.T.);
#627 = VERTEX_POINT('',#628);
#628 = CARTESIAN_POINT('',(58.,-34.,14.));
#629 = LINE('',#630,#631);
#630 = CARTESIAN_POINT('',(58.,-511.3925619834,14.));
#631 = VECTOR('',#632,1.);
#632 = DIRECTION('',(0.,1.,0.));
#633 = ORIENTED_EDGE('',*,*,#634,.T.);
#634 = EDGE_CURVE('',#627,#635,#637,.T.);
#635 = VERTEX_POINT('',#636);
#636 = CARTESIAN_POINT('',(86.,-34.,14.));
#637 = LINE('',#638,#639);
#638 = CARTESIAN_POINT('',(58.,-34.,14.));
#639 = VECTOR('',#640,1.);
#640 = DIRECTION('',(1.,0.,0.));
#641 = ORIENTED_EDGE('',*,*,#642,.T.);
#642 = EDGE_CURVE('',#635,#643,#645,.T.);
#643 = VERTEX_POINT('',#644);
#644 = CARTESIAN_POINT('',(86.,-10.8,14.));
#645 = LINE('',#646,#647);
#646 = CARTESIAN_POINT('',(86.,-34.,14.));
#647 = VECTOR('',#648,1.);
#648 = DIRECTION('',(0.,1.,0.));
#649 = ORIENTED_EDGE('',*,*,#650,.F.);
#650 = EDGE_CURVE('',#651,#643,#653,.T.);
#651 = VERTEX_POINT('',#652);
#652 = CARTESIAN_POINT('',(58.,-10.8,14.));
#653 = LINE('',#654,#655);
#654 = CARTESIAN_POINT('',(58.,-10.8,14.));
#655 = VECTOR('',#656,1.);
#656 = DIRECTION('',(1.,0.,0.));
#657 = ORIENTED_EDGE('',*,*,#658,.T.);
#658 = EDGE_CURVE('',#651,#659,#661,.T.);
#659 = VERTEX_POINT('',#660);
#660 = CARTESIAN_POINT('',(58.,-6.,14.));
#661 = LINE('',#662,#663);
#662 = CARTESIAN_POINT('',(58.,-511.3925619834,14.));
#663 = VECTOR('',#664,1.);
#664 = DIRECTION('',(0.,1.,0.));
#665 = ORIENTED_EDGE('',*,*,#666,.F.);
#666 = EDGE_CURVE('',#667,#659,#669,.T.);
#667 = VERTEX_POINT('',#668);
#668 = CARTESIAN_POINT('',(40.,-6.,14.));
#669 = LINE('',#670,#671);
#670 = CARTESIAN_POINT('',(34.,-6.,14.));
#671 = VECTOR('',#672,1.);
#672 = DIRECTION('',(1.,0.,0.));
#673 = ORIENTED_EDGE('',*,*,#674,.T.);
#674 = EDGE_CURVE('',#667,#675,#677,.T.);
#675 = VERTEX_POINT('',#676);
#676 = CARTESIAN_POINT('',(40.,-16.,14.));
#677 = LINE('',#678,#679);
#678 = CARTESIAN_POINT('',(40.,-37.5,14.));
#679 = VECTOR('',#680,1.);
#680 = DIRECTION('',(0.,-1.,0.));
#681 = ORIENTED_EDGE('',*,*,#682,.F.);
#682 = EDGE_CURVE('',#683,#675,#685,.T.);
#683 = VERTEX_POINT('',#684);
#684 = CARTESIAN_POINT('',(42.,-16.,14.));
#685 = LINE('',#686,#687);
#686 = CARTESIAN_POINT('',(33.25,-16.,14.));
#687 = VECTOR('',#688,1.);
#688 = DIRECTION('',(-1.,0.,0.));
#689 = ORIENTED_EDGE('',*,*,#690,.F.);
#690 = EDGE_CURVE('',#691,#683,#693,.T.);
#691 = VERTEX_POINT('',#692);
#692 = CARTESIAN_POINT('',(42.,-30.,14.));
#693 = LINE('',#694,#695);
#694 = CARTESIAN_POINT('',(42.,-34.,14.));
#695 = VECTOR('',#696,1.);
#696 = DIRECTION('',(0.,1.,0.));
#697 = ORIENTED_EDGE('',*,*,#698,.T.);
#698 = EDGE_CURVE('',#691,#699,#701,.T.);
#699 = VERTEX_POINT('',#700);
#700 = CARTESIAN_POINT('',(40.,-30.,14.));
#701 = LINE('',#702,#703);
#702 = CARTESIAN_POINT('',(33.25,-30.,14.));
#703 = VECTOR('',#704,1.);
#704 = DIRECTION('',(-1.,0.,0.));
#705 = ORIENTED_EDGE('',*,*,#706,.T.);
#706 = EDGE_CURVE('',#699,#707,#709,.T.);
#707 = VERTEX_POINT('',#708);
#708 = CARTESIAN_POINT('',(40.,-37.,14.));
#709 = LINE('',#710,#711);
#710 = CARTESIAN_POINT('',(40.,-37.5,14.));
#711 = VECTOR('',#712,1.);
#712 = DIRECTION('',(0.,-1.,0.));
#713 = ORIENTED_EDGE('',*,*,#714,.F.);
#714 = EDGE_CURVE('',#594,#707,#715,.T.);
#715 = LINE('',#716,#717);
#716 = CARTESIAN_POINT('',(-3.,-37.,14.));
#717 = VECTOR('',#718,1.);
#718 = DIRECTION('',(1.,0.,0.));
#719 = FACE_BOUND('',#720,.T.);
#720 = EDGE_LOOP('',(#721));
#721 = ORIENTED_EDGE('',*,*,#722,.F.);
#722 = EDGE_CURVE('',#723,#723,#725,.T.);
#723 = VERTEX_POINT('',#724);
#724 = CARTESIAN_POINT('',(68.7,-22.,14.));
#725 = CIRCLE('',#726,2.7);
#726 = AXIS2_PLACEMENT_3D('',#727,#728,#729);
#727 = CARTESIAN_POINT('',(66.,-22.,14.));
#728 = DIRECTION('',(0.,0.,1.));
#729 = DIRECTION('',(1.,0.,0.));
#730 = FACE_BOUND('',#731,.T.);
#731 = EDGE_LOOP('',(#732));
#732 = ORIENTED_EDGE('',*,*,#733,.F.);
#733 = EDGE_CURVE('',#734,#734,#736,.T.);
#734 = VERTEX_POINT('',#735);
#735 = CARTESIAN_POINT('',(80.7,-22.,14.));
#736 = CIRCLE('',#737,2.7);
#737 = AXIS2_PLACEMENT_3D('',#738,#739,#740);
#738 = CARTESIAN_POINT('',(78.,-22.,14.));
#739 = DIRECTION('',(0.,0.,1.));
#740 = DIRECTION('',(1.,0.,0.));
#741 = PLANE('',#742);
#742 = AXIS2_PLACEMENT_3D('',#743,#744,#745);
#743 = CARTESIAN_POINT('',(59.36976744186,-23.23488372093,14.));
#744 = DIRECTION('',(0.,0.,1.));
#745 = DIRECTION('',(1.,0.,0.));
#746 = ADVANCED_FACE('',(#747),#788,.T.);
#747 = FACE_BOUND('',#748,.T.);
#748 = EDGE_LOOP('',(#749,#757,#763,#764,#772,#780,#786,#787));
#749 = ORIENTED_EDGE('',*,*,#750,.F.);
#750 = EDGE_CURVE('',#751,#564,#753,.T.);
#751 = VERTEX_POINT('',#752);
#752 = CARTESIAN_POINT('',(58.,-6.,-8.));
#753 = LINE('',#754,#755);
#754 = CARTESIAN_POINT('',(58.,-510.4067164179,-8.));
#755 = VECTOR('',#756,1.);
#756 = DIRECTION('',(0.,-1.,0.));
#757 = ORIENTED_EDGE('',*,*,#758,.F.);
#758 = EDGE_CURVE('',#659,#751,#759,.T.);
#759 = LINE('',#760,#761);
#760 = CARTESIAN_POINT('',(58.,-6.,-498.8049450549));
#761 = VECTOR('',#762,1.);
#762 = DIRECTION('',(0.,0.,-1.));
#763 = ORIENTED_EDGE('',*,*,#658,.F.);
#764 = ORIENTED_EDGE('',*,*,#765,.F.);
#765 = EDGE_CURVE('',#766,#651,#768,.T.);
#766 = VERTEX_POINT('',#767);
#767 = CARTESIAN_POINT('',(58.,-10.8,3.));
#768 = LINE('',#769,#770);
#769 = CARTESIAN_POINT('',(58.,-10.8,3.));
#770 = VECTOR('',#771,1.);
#771 = DIRECTION('',(0.,0.,1.));
#772 = ORIENTED_EDGE('',*,*,#773,.F.);
#773 = EDGE_CURVE('',#774,#766,#776,.T.);
#774 = VERTEX_POINT('',#775);
#775 = CARTESIAN_POINT('',(58.,-34.,3.));
#776 = LINE('',#777,#778);
#777 = CARTESIAN_POINT('',(58.,-34.,3.));
#778 = VECTOR('',#779,1.);
#779 = DIRECTION('',(0.,1.,0.));
#780 = ORIENTED_EDGE('',*,*,#781,.T.);
#781 = EDGE_CURVE('',#774,#627,#782,.T.);
#782 = LINE('',#783,#784);
#783 = CARTESIAN_POINT('',(58.,-34.,3.));
#784 = VECTOR('',#785,1.);
#785 = DIRECTION('',(0.,0.,1.));
#786 = ORIENTED_EDGE('',*,*,#626,.F.);
#787 = ORIENTED_EDGE('',*,*,#571,.F.);
#788 = PLANE('',#789);
#789 = AXIS2_PLACEMENT_3D('',#790,#791,#792);
#790 = CARTESIAN_POINT('',(58.,-1.E+03,-1.E+03));
#791 = DIRECTION('',(1.,0.,0.));
#792 = DIRECTION('',(0.,0.,1.));
#793 = ADVANCED_FACE('',(#794),#844,.T.);
#794 = FACE_BOUND('',#795,.T.);
#795 = EDGE_LOOP('',(#796,#806,#812,#813,#814,#822,#830,#838));
#796 = ORIENTED_EDGE('',*,*,#797,.T.);
#797 = EDGE_CURVE('',#798,#800,#802,.T.);
#798 = VERTEX_POINT('',#799);
#799 = CARTESIAN_POINT('',(34.,-17.,-8.));
#800 = VERTEX_POINT('',#801);
#801 = CARTESIAN_POINT('',(34.,-6.,-8.));
#802 = LINE('',#803,#804);
#803 = CARTESIAN_POINT('',(34.,-38.,-8.));
#804 = VECTOR('',#805,1.);
#805 = DIRECTION('',(0.,1.,0.));
#806 = ORIENTED_EDGE('',*,*,#807,.T.);
#807 = EDGE_CURVE('',#800,#751,#808,.T.);
#808 = LINE('',#809,#810);
#809 = CARTESIAN_POINT('',(34.,-6.,-8.));
#810 = VECTOR('',#811,1.);
#811 = DIRECTION('',(1.,0.,0.));
#812 = ORIENTED_EDGE('',*,*,#750,.T.);
#813 = ORIENTED_EDGE('',*,*,#563,.F.);
#814 = ORIENTED_EDGE('',*,*,#815,.T.);
#815 = EDGE_CURVE('',#556,#816,#818,.T.);
#816 = VERTEX_POINT('',#817);
#817 = CARTESIAN_POINT('',(34.,-29.,-8.));
#818 = LINE('',#819,#820);
#819 = CARTESIAN_POINT('',(34.,-38.,-8.));
#820 = VECTOR('',#821,1.);
#821 = DIRECTION('',(0.,1.,0.));
#822 = ORIENTED_EDGE('',*,*,#823,.T.);
#823 = EDGE_CURVE('',#816,#824,#826,.T.);
#824 = VERTEX_POINT('',#825);
#825 = CARTESIAN_POINT('',(43.,-29.,-8.));
#826 = LINE('',#827,#828);
#827 = CARTESIAN_POINT('',(49.942307692308,-29.,-8.));
#828 = VECTOR('',#829,1.);
#829 = DIRECTION('',(1.,0.,0.));
#830 = ORIENTED_EDGE('',*,*,#831,.F.);
#831 = EDGE_CURVE('',#832,#824,#834,.T.);
#832 = VERTEX_POINT('',#833);
#833 = CARTESIAN_POINT('',(43.,-17.,-8.));
#834 = LINE('',#835,#836);
#835 = CARTESIAN_POINT('',(43.,-24.6923076923,-8.));
#836 = VECTOR('',#837,1.);
#837 = DIRECTION('',(0.,-1.,0.));
#838 = ORIENTED_EDGE('',*,*,#839,.F.);
#839 = EDGE_CURVE('',#798,#832,#840,.T.);
#840 = LINE('',#841,#842);
#841 = CARTESIAN_POINT('',(49.942307692308,-17.,-8.));
#842 = VECTOR('',#843,1.);
#843 = DIRECTION('',(1.,0.,0.));
#844 = PLANE('',#845);
#845 = AXIS2_PLACEMENT_3D('',#846,#847,#848);
#846 = CARTESIAN_POINT('',(76.828358208955,-20.81343283582,-8.));
#847 = DIRECTION('',(-0.,-0.,-1.));
#848 = DIRECTION('',(-1.,0.,0.));
#849 = ADVANCED_FACE('',(#850),#868,.F.);
#850 = FACE_BOUND('',#851,.F.);
#851 = EDGE_LOOP('',(#852,#853,#854,#862));
#852 = ORIENTED_EDGE('',*,*,#555,.F.);
#853 = ORIENTED_EDGE('',*,*,#815,.T.);
#854 = ORIENTED_EDGE('',*,*,#855,.T.);
#855 = EDGE_CURVE('',#816,#856,#858,.T.);
#856 = VERTEX_POINT('',#857);
#857 = CARTESIAN_POINT('',(34.,-29.,-4.5));
#858 = LINE('',#859,#860);
#859 = CARTESIAN_POINT('',(34.,-29.,-9.));
#860 = VECTOR('',#861,1.);
#861 = DIRECTION('',(0.,0.,1.));
#862 = ORIENTED_EDGE('',*,*,#863,.T.);
#863 = EDGE_CURVE('',#856,#548,#864,.T.);
#864 = LINE('',#865,#866);
#865 = CARTESIAN_POINT('',(34.,-51.,-4.5));
#866 = VECTOR('',#867,1.);
#867 = DIRECTION('',(0.,-1.,0.));
#868 = PLANE('',#869);
#869 = AXIS2_PLACEMENT_3D('',#870,#871,#872);
#870 = CARTESIAN_POINT('',(34.,-38.,-8.));
#871 = DIRECTION('',(1.,0.,0.));
#872 = DIRECTION('',(0.,0.,1.));
#873 = ADVANCED_FACE('',(#874),#890,.T.);
#874 = FACE_BOUND('',#875,.T.);
#875 = EDGE_LOOP('',(#876,#882,#883,#889));
#876 = ORIENTED_EDGE('',*,*,#877,.F.);
#877 = EDGE_CURVE('',#473,#532,#878,.T.);
#878 = LINE('',#879,#880);
#879 = CARTESIAN_POINT('',(40.,-64.,5.5));
#880 = VECTOR('',#881,1.);
#881 = DIRECTION('',(0.,1.,0.));
#882 = ORIENTED_EDGE('',*,*,#496,.T.);
#883 = ORIENTED_EDGE('',*,*,#884,.T.);
#884 = EDGE_CURVE('',#489,#540,#885,.T.);
#885 = LINE('',#886,#887);
#886 = CARTESIAN_POINT('',(40.,-64.,-4.5));
#887 = VECTOR('',#888,1.);
#888 = DIRECTION('',(0.,1.,0.));
#889 = ORIENTED_EDGE('',*,*,#539,.F.);
#890 = PLANE('',#891);
#891 = AXIS2_PLACEMENT_3D('',#892,#893,#894);
#892 = CARTESIAN_POINT('',(40.,-64.,-4.5));
#893 = DIRECTION('',(1.,0.,0.));
#894 = DIRECTION('',(0.,0.,1.));
#895 = ADVANCED_FACE('',(#896),#916,.T.);
#896 = FACE_BOUND('',#897,.T.);
#897 = EDGE_LOOP('',(#898,#906,#907,#908,#909,#910));
#898 = ORIENTED_EDGE('',*,*,#899,.F.);
#899 = EDGE_CURVE('',#471,#900,#902,.T.);
#900 = VERTEX_POINT('',#901);
#901 = CARTESIAN_POINT('',(28.,-37.,5.5));
#902 = LINE('',#903,#904);
#903 = CARTESIAN_POINT('',(28.,-64.,5.5));
#904 = VECTOR('',#905,1.);
#905 = DIRECTION('',(0.,1.,0.));
#906 = ORIENTED_EDGE('',*,*,#470,.T.);
#907 = ORIENTED_EDGE('',*,*,#877,.T.);
#908 = ORIENTED_EDGE('',*,*,#531,.F.);
#909 = ORIENTED_EDGE('',*,*,#602,.F.);
#910 = ORIENTED_EDGE('',*,*,#911,.F.);
#911 = EDGE_CURVE('',#900,#603,#912,.T.);
#912 = LINE('',#913,#914);
#913 = CARTESIAN_POINT('',(-6.,-37.,5.5));
#914 = VECTOR('',#915,1.);
#915 = DIRECTION('',(1.,0.,0.));
#916 = PLANE('',#917);
#917 = AXIS2_PLACEMENT_3D('',#918,#919,#920);
#918 = CARTESIAN_POINT('',(28.,-64.,5.5));
#919 = DIRECTION('',(0.,0.,1.));
#920 = DIRECTION('',(1.,0.,0.));
#921 = ADVANCED_FACE('',(#922),#989,.T.);
#922 = FACE_BOUND('',#923,.T.);
#923 = EDGE_LOOP('',(#924,#934,#942,#950,#958,#966,#972,#973,#974,#975,
    #983));
#924 = ORIENTED_EDGE('',*,*,#925,.F.);
#925 = EDGE_CURVE('',#926,#928,#930,.T.);
#926 = VERTEX_POINT('',#927);
#927 = CARTESIAN_POINT('',(18.5,-37.,13.1));
#928 = VERTEX_POINT('',#929);
#929 = CARTESIAN_POINT('',(18.5,-37.,15.5));
#930 = LINE('',#931,#932);
#931 = CARTESIAN_POINT('',(18.5,-37.,11.415740740741));
#932 = VECTOR('',#933,1.);
#933 = DIRECTION('',(0.,0.,1.));
#934 = ORIENTED_EDGE('',*,*,#935,.T.);
#935 = EDGE_CURVE('',#926,#936,#938,.T.);
#936 = VERTEX_POINT('',#937);
#937 = CARTESIAN_POINT('',(18.5,-37.,7.5));
#938 = LINE('',#939,#940);
#939 = CARTESIAN_POINT('',(18.5,-37.,0.125));
#940 = VECTOR('',#941,1.);
#941 = DIRECTION('',(0.,0.,-1.));
#942 = ORIENTED_EDGE('',*,*,#943,.T.);
#943 = EDGE_CURVE('',#936,#944,#946,.T.);
#944 = VERTEX_POINT('',#945);
#945 = CARTESIAN_POINT('',(24.,-37.,7.5));
#946 = LINE('',#947,#948);
#947 = CARTESIAN_POINT('',(-11.5,-37.,7.5));
#948 = VECTOR('',#949,1.);
#949 = DIRECTION('',(1.,0.,0.));
#950 = ORIENTED_EDGE('',*,*,#951,.T.);
#951 = EDGE_CURVE('',#944,#952,#954,.T.);
#952 = VERTEX_POINT('',#953);
#953 = CARTESIAN_POINT('',(24.,-37.,-4.5));
#954 = LINE('',#955,#956);
#955 = CARTESIAN_POINT('',(24.,-37.,-4.5));
#956 = VECTOR('',#957,1.);
#957 = DIRECTION('',(0.,0.,-1.));
#958 = ORIENTED_EDGE('',*,*,#959,.T.);
#959 = EDGE_CURVE('',#952,#960,#962,.T.);
#960 = VERTEX_POINT('',#961);
#961 = CARTESIAN_POINT('',(28.,-37.,-4.5));
#962 = LINE('',#963,#964);
#963 = CARTESIAN_POINT('',(-40.,-37.,-4.5));
#964 = VECTOR('',#965,1.);
#965 = DIRECTION('',(1.,0.,0.));
#966 = ORIENTED_EDGE('',*,*,#967,.F.);
#967 = EDGE_CURVE('',#900,#960,#968,.T.);
#968 = LINE('',#969,#970);
#969 = CARTESIAN_POINT('',(28.,-37.,-4.5));
#970 = VECTOR('',#971,1.);
#971 = DIRECTION('',(0.,0.,-1.));
#972 = ORIENTED_EDGE('',*,*,#911,.T.);
#973 = ORIENTED_EDGE('',*,*,#610,.F.);
#974 = ORIENTED_EDGE('',*,*,#714,.T.);
#975 = ORIENTED_EDGE('',*,*,#976,.T.);
#976 = EDGE_CURVE('',#707,#977,#979,.T.);
#977 = VERTEX_POINT('',#978);
#978 = CARTESIAN_POINT('',(40.,-37.,15.5));
#979 = LINE('',#980,#981);
#980 = CARTESIAN_POINT('',(40.,-37.,-4.5));
#981 = VECTOR('',#982,1.);
#982 = DIRECTION('',(0.,0.,1.));
#983 = ORIENTED_EDGE('',*,*,#984,.F.);
#984 = EDGE_CURVE('',#928,#977,#985,.T.);
#985 = LINE('',#986,#987);
#986 = CARTESIAN_POINT('',(-40.,-37.,15.5));
#987 = VECTOR('',#988,1.);
#988 = DIRECTION('',(1.,0.,0.));
#989 = PLANE('',#990);
#990 = AXIS2_PLACEMENT_3D('',#991,#992,#993);
#991 = CARTESIAN_POINT('',(24.064814814815,-37.,9.731481481481));
#992 = DIRECTION('',(-0.,-1.,-0.));
#993 = DIRECTION('',(0.,0.,-1.));
#994 = ADVANCED_FACE('',(#995),#1013,.F.);
#995 = FACE_BOUND('',#996,.F.);
#996 = EDGE_LOOP('',(#997,#1005,#1006,#1007));
#997 = ORIENTED_EDGE('',*,*,#998,.F.);
#998 = EDGE_CURVE('',#774,#999,#1001,.T.);
#999 = VERTEX_POINT('',#1000);
#1000 = CARTESIAN_POINT('',(86.,-34.,3.));
#1001 = LINE('',#1002,#1003);
#1002 = CARTESIAN_POINT('',(58.,-34.,3.));
#1003 = VECTOR('',#1004,1.);
#1004 = DIRECTION('',(1.,0.,0.));
#1005 = ORIENTED_EDGE('',*,*,#781,.T.);
#1006 = ORIENTED_EDGE('',*,*,#634,.T.);
#1007 = ORIENTED_EDGE('',*,*,#1008,.F.);
#1008 = EDGE_CURVE('',#999,#635,#1009,.T.);
#1009 = LINE('',#1010,#1011);
#1010 = CARTESIAN_POINT('',(86.,-34.,3.));
#1011 = VECTOR('',#1012,1.);
#1012 = DIRECTION('',(0.,0.,1.));
#1013 = PLANE('',#1014);
#1014 = AXIS2_PLACEMENT_3D('',#1015,#1016,#1017);
#1015 = CARTESIAN_POINT('',(58.,-34.,3.));
#1016 = DIRECTION('',(0.,1.,0.));
#1017 = DIRECTION('',(0.,0.,1.));
#1018 = ADVANCED_FACE('',(#1019),#1037,.T.);
#1019 = FACE_BOUND('',#1020,.T.);
#1020 = EDGE_LOOP('',(#1021,#1022,#1030,#1036));
#1021 = ORIENTED_EDGE('',*,*,#1008,.F.);
#1022 = ORIENTED_EDGE('',*,*,#1023,.T.);
#1023 = EDGE_CURVE('',#999,#1024,#1026,.T.);
#1024 = VERTEX_POINT('',#1025);
#1025 = CARTESIAN_POINT('',(86.,-10.8,3.));
#1026 = LINE('',#1027,#1028);
#1027 = CARTESIAN_POINT('',(86.,-34.,3.));
#1028 = VECTOR('',#1029,1.);
#1029 = DIRECTION('',(0.,1.,0.));
#1030 = ORIENTED_EDGE('',*,*,#1031,.T.);
#1031 = EDGE_CURVE('',#1024,#643,#1032,.T.);
#1032 = LINE('',#1033,#1034);
#1033 = CARTESIAN_POINT('',(86.,-10.8,3.));
#1034 = VECTOR('',#1035,1.);
#1035 = DIRECTION('',(0.,0.,1.));
#1036 = ORIENTED_EDGE('',*,*,#642,.F.);
#1037 = PLANE('',#1038);
#1038 = AXIS2_PLACEMENT_3D('',#1039,#1040,#1041);
#1039 = CARTESIAN_POINT('',(86.,-34.,3.));
#1040 = DIRECTION('',(1.,0.,0.));
#1041 = DIRECTION('',(0.,0.,1.));
#1042 = ADVANCED_FACE('',(#1043),#1054,.T.);
#1043 = FACE_BOUND('',#1044,.T.);
#1044 = EDGE_LOOP('',(#1045,#1051,#1052,#1053));
#1045 = ORIENTED_EDGE('',*,*,#1046,.F.);
#1046 = EDGE_CURVE('',#766,#1024,#1047,.T.);
#1047 = LINE('',#1048,#1049);
#1048 = CARTESIAN_POINT('',(58.,-10.8,3.));
#1049 = VECTOR('',#1050,1.);
#1050 = DIRECTION('',(1.,0.,0.));
#1051 = ORIENTED_EDGE('',*,*,#765,.T.);
#1052 = ORIENTED_EDGE('',*,*,#650,.T.);
#1053 = ORIENTED_EDGE('',*,*,#1031,.F.);
#1054 = PLANE('',#1055);
#1055 = AXIS2_PLACEMENT_3D('',#1056,#1057,#1058);
#1056 = CARTESIAN_POINT('',(58.,-10.8,3.));
#1057 = DIRECTION('',(0.,1.,0.));
#1058 = DIRECTION('',(0.,0.,1.));
#1059 = ADVANCED_FACE('',(#1060),#1087,.T.);
#1060 = FACE_BOUND('',#1061,.T.);
#1061 = EDGE_LOOP('',(#1062,#1063,#1071,#1079,#1085,#1086));
#1062 = ORIENTED_EDGE('',*,*,#807,.F.);
#1063 = ORIENTED_EDGE('',*,*,#1064,.T.);
#1064 = EDGE_CURVE('',#800,#1065,#1067,.T.);
#1065 = VERTEX_POINT('',#1066);
#1066 = CARTESIAN_POINT('',(34.,-6.,-4.5));
#1067 = LINE('',#1068,#1069);
#1068 = CARTESIAN_POINT('',(34.,-6.,-8.));
#1069 = VECTOR('',#1070,1.);
#1070 = DIRECTION('',(0.,0.,1.));
#1071 = ORIENTED_EDGE('',*,*,#1072,.F.);
#1072 = EDGE_CURVE('',#1073,#1065,#1075,.T.);
#1073 = VERTEX_POINT('',#1074);
#1074 = CARTESIAN_POINT('',(40.,-6.,-4.5));
#1075 = LINE('',#1076,#1077);
#1076 = CARTESIAN_POINT('',(-3.,-6.,-4.5));
#1077 = VECTOR('',#1078,1.);
#1078 = DIRECTION('',(-1.,0.,0.));
#1079 = ORIENTED_EDGE('',*,*,#1080,.T.);
#1080 = EDGE_CURVE('',#1073,#667,#1081,.T.);
#1081 = LINE('',#1082,#1083);
#1082 = CARTESIAN_POINT('',(40.,-6.,-6.25));
#1083 = VECTOR('',#1084,1.);
#1084 = DIRECTION('',(0.,0.,1.));
#1085 = ORIENTED_EDGE('',*,*,#666,.T.);
#1086 = ORIENTED_EDGE('',*,*,#758,.T.);
#1087 = PLANE('',#1088);
#1088 = AXIS2_PLACEMENT_3D('',#1089,#1090,#1091);
#1089 = CARTESIAN_POINT('',(69.10989010989,-6.,2.39010989011));
#1090 = DIRECTION('',(0.,1.,0.));
#1091 = DIRECTION('',(0.,0.,1.));
#1092 = ADVANCED_FACE('',(#1093),#1127,.T.);
#1093 = FACE_BOUND('',#1094,.T.);
#1094 = EDGE_LOOP('',(#1095,#1103,#1104,#1105,#1113,#1121));
#1095 = ORIENTED_EDGE('',*,*,#1096,.F.);
#1096 = EDGE_CURVE('',#675,#1097,#1099,.T.);
#1097 = VERTEX_POINT('',#1098);
#1098 = CARTESIAN_POINT('',(40.,-16.,15.5));
#1099 = LINE('',#1100,#1101);
#1100 = CARTESIAN_POINT('',(40.,-16.,-4.5));
#1101 = VECTOR('',#1102,1.);
#1102 = DIRECTION('',(0.,0.,1.));
#1103 = ORIENTED_EDGE('',*,*,#674,.F.);
#1104 = ORIENTED_EDGE('',*,*,#1080,.F.);
#1105 = ORIENTED_EDGE('',*,*,#1106,.T.);
#1106 = EDGE_CURVE('',#1073,#1107,#1109,.T.);
#1107 = VERTEX_POINT('',#1108);
#1108 = CARTESIAN_POINT('',(40.,-3.,-4.5));
#1109 = LINE('',#1110,#1111);
#1110 = CARTESIAN_POINT('',(40.,-37.,-4.5));
#1111 = VECTOR('',#1112,1.);
#1112 = DIRECTION('',(0.,1.,0.));
#1113 = ORIENTED_EDGE('',*,*,#1114,.T.);
#1114 = EDGE_CURVE('',#1107,#1115,#1117,.T.);
#1115 = VERTEX_POINT('',#1116);
#1116 = CARTESIAN_POINT('',(40.,-3.,15.5));
#1117 = LINE('',#1118,#1119);
#1118 = CARTESIAN_POINT('',(40.,-3.,-4.5));
#1119 = VECTOR('',#1120,1.);
#1120 = DIRECTION('',(0.,0.,1.));
#1121 = ORIENTED_EDGE('',*,*,#1122,.F.);
#1122 = EDGE_CURVE('',#1097,#1115,#1123,.T.);
#1123 = LINE('',#1124,#1125);
#1124 = CARTESIAN_POINT('',(40.,-37.,15.5));
#1125 = VECTOR('',#1126,1.);
#1126 = DIRECTION('',(0.,1.,0.));
#1127 = PLANE('',#1128);
#1128 = AXIS2_PLACEMENT_3D('',#1129,#1130,#1131);
#1129 = CARTESIAN_POINT('',(40.,-37.,-4.5));
#1130 = DIRECTION('',(1.,0.,0.));
#1131 = DIRECTION('',(0.,0.,1.));
#1132 = ADVANCED_FACE('',(#1133),#1167,.F.);
#1133 = FACE_BOUND('',#1134,.F.);
#1134 = EDGE_LOOP('',(#1135,#1145,#1153,#1159,#1160,#1161));
#1135 = ORIENTED_EDGE('',*,*,#1136,.F.);
#1136 = EDGE_CURVE('',#1137,#1139,#1141,.T.);
#1137 = VERTEX_POINT('',#1138);
#1138 = CARTESIAN_POINT('',(32.5,-16.,10.5));
#1139 = VERTEX_POINT('',#1140);
#1140 = CARTESIAN_POINT('',(42.,-16.,10.5));
#1141 = LINE('',#1142,#1143);
#1142 = CARTESIAN_POINT('',(32.5,-16.,10.5));
#1143 = VECTOR('',#1144,1.);
#1144 = DIRECTION('',(1.,0.,0.));
#1145 = ORIENTED_EDGE('',*,*,#1146,.T.);
#1146 = EDGE_CURVE('',#1137,#1147,#1149,.T.);
#1147 = VERTEX_POINT('',#1148);
#1148 = CARTESIAN_POINT('',(32.5,-16.,15.5));
#1149 = LINE('',#1150,#1151);
#1150 = CARTESIAN_POINT('',(32.5,-16.,-4.5));
#1151 = VECTOR('',#1152,1.);
#1152 = DIRECTION('',(0.,0.,1.));
#1153 = ORIENTED_EDGE('',*,*,#1154,.T.);
#1154 = EDGE_CURVE('',#1147,#1097,#1155,.T.);
#1155 = LINE('',#1156,#1157);
#1156 = CARTESIAN_POINT('',(32.5,-16.,15.5));
#1157 = VECTOR('',#1158,1.);
#1158 = DIRECTION('',(1.,0.,0.));
#1159 = ORIENTED_EDGE('',*,*,#1096,.F.);
#1160 = ORIENTED_EDGE('',*,*,#682,.F.);
#1161 = ORIENTED_EDGE('',*,*,#1162,.F.);
#1162 = EDGE_CURVE('',#1139,#683,#1163,.T.);
#1163 = LINE('',#1164,#1165);
#1164 = CARTESIAN_POINT('',(42.,-16.,10.5));
#1165 = VECTOR('',#1166,1.);
#1166 = DIRECTION('',(0.,0.,1.));
#1167 = PLANE('',#1168);
#1168 = AXIS2_PLACEMENT_3D('',#1169,#1170,#1171);
#1169 = CARTESIAN_POINT('',(32.5,-16.,10.5));
#1170 = DIRECTION('',(0.,1.,0.));
#1171 = DIRECTION('',(0.,0.,1.));
#1172 = ADVANCED_FACE('',(#1173),#1191,.F.);
#1173 = FACE_BOUND('',#1174,.F.);
#1174 = EDGE_LOOP('',(#1175,#1183,#1189,#1190));
#1175 = ORIENTED_EDGE('',*,*,#1176,.F.);
#1176 = EDGE_CURVE('',#1177,#691,#1179,.T.);
#1177 = VERTEX_POINT('',#1178);
#1178 = CARTESIAN_POINT('',(42.,-30.,10.5));
#1179 = LINE('',#1180,#1181);
#1180 = CARTESIAN_POINT('',(42.,-30.,10.5));
#1181 = VECTOR('',#1182,1.);
#1182 = DIRECTION('',(0.,0.,1.));
#1183 = ORIENTED_EDGE('',*,*,#1184,.T.);
#1184 = EDGE_CURVE('',#1177,#1139,#1185,.T.);
#1185 = LINE('',#1186,#1187);
#1186 = CARTESIAN_POINT('',(42.,-30.,10.5));
#1187 = VECTOR('',#1188,1.);
#1188 = DIRECTION('',(0.,1.,0.));
#1189 = ORIENTED_EDGE('',*,*,#1162,.T.);
#1190 = ORIENTED_EDGE('',*,*,#690,.F.);
#1191 = PLANE('',#1192);
#1192 = AXIS2_PLACEMENT_3D('',#1193,#1194,#1195);
#1193 = CARTESIAN_POINT('',(42.,-30.,10.5));
#1194 = DIRECTION('',(1.,0.,0.));
#1195 = DIRECTION('',(0.,0.,1.));
#1196 = ADVANCED_FACE('',(#1197),#1231,.T.);
#1197 = FACE_BOUND('',#1198,.T.);
#1198 = EDGE_LOOP('',(#1199,#1207,#1215,#1223,#1229,#1230));
#1199 = ORIENTED_EDGE('',*,*,#1200,.F.);
#1200 = EDGE_CURVE('',#1201,#1177,#1203,.T.);
#1201 = VERTEX_POINT('',#1202);
#1202 = CARTESIAN_POINT('',(32.5,-30.,10.5));
#1203 = LINE('',#1204,#1205);
#1204 = CARTESIAN_POINT('',(32.5,-30.,10.5));
#1205 = VECTOR('',#1206,1.);
#1206 = DIRECTION('',(1.,0.,0.));
#1207 = ORIENTED_EDGE('',*,*,#1208,.T.);
#1208 = EDGE_CURVE('',#1201,#1209,#1211,.T.);
#1209 = VERTEX_POINT('',#1210);
#1210 = CARTESIAN_POINT('',(32.5,-30.,15.5));
#1211 = LINE('',#1212,#1213);
#1212 = CARTESIAN_POINT('',(32.5,-30.,-4.5));
#1213 = VECTOR('',#1214,1.);
#1214 = DIRECTION('',(0.,0.,1.));
#1215 = ORIENTED_EDGE('',*,*,#1216,.T.);
#1216 = EDGE_CURVE('',#1209,#1217,#1219,.T.);
#1217 = VERTEX_POINT('',#1218);
#1218 = CARTESIAN_POINT('',(40.,-30.,15.5));
#1219 = LINE('',#1220,#1221);
#1220 = CARTESIAN_POINT('',(32.5,-30.,15.5));
#1221 = VECTOR('',#1222,1.);
#1222 = DIRECTION('',(1.,0.,0.));
#1223 = ORIENTED_EDGE('',*,*,#1224,.F.);
#1224 = EDGE_CURVE('',#699,#1217,#1225,.T.);
#1225 = LINE('',#1226,#1227);
#1226 = CARTESIAN_POINT('',(40.,-30.,-4.5));
#1227 = VECTOR('',#1228,1.);
#1228 = DIRECTION('',(0.,0.,1.));
#1229 = ORIENTED_EDGE('',*,*,#698,.F.);
#1230 = ORIENTED_EDGE('',*,*,#1176,.F.);
#1231 = PLANE('',#1232);
#1232 = AXIS2_PLACEMENT_3D('',#1233,#1234,#1235);
#1233 = CARTESIAN_POINT('',(32.5,-30.,10.5));
#1234 = DIRECTION('',(0.,1.,0.));
#1235 = DIRECTION('',(0.,0.,1.));
#1236 = ADVANCED_FACE('',(#1237),#1248,.T.);
#1237 = FACE_BOUND('',#1238,.T.);
#1238 = EDGE_LOOP('',(#1239,#1240,#1241,#1242));
#1239 = ORIENTED_EDGE('',*,*,#976,.F.);
#1240 = ORIENTED_EDGE('',*,*,#706,.F.);
#1241 = ORIENTED_EDGE('',*,*,#1224,.T.);
#1242 = ORIENTED_EDGE('',*,*,#1243,.F.);
#1243 = EDGE_CURVE('',#977,#1217,#1244,.T.);
#1244 = LINE('',#1245,#1246);
#1245 = CARTESIAN_POINT('',(40.,-37.,15.5));
#1246 = VECTOR('',#1247,1.);
#1247 = DIRECTION('',(0.,1.,0.));
#1248 = PLANE('',#1249);
#1249 = AXIS2_PLACEMENT_3D('',#1250,#1251,#1252);
#1250 = CARTESIAN_POINT('',(40.,-37.,-4.5));
#1251 = DIRECTION('',(1.,0.,0.));
#1252 = DIRECTION('',(0.,0.,1.));
#1253 = ADVANCED_FACE('',(#1254),#1273,.F.);
#1254 = FACE_BOUND('',#1255,.F.);
#1255 = EDGE_LOOP('',(#1256,#1257,#1265,#1272));
#1256 = ORIENTED_EDGE('',*,*,#722,.F.);
#1257 = ORIENTED_EDGE('',*,*,#1258,.F.);
#1258 = EDGE_CURVE('',#1259,#723,#1261,.T.);
#1259 = VERTEX_POINT('',#1260);
#1260 = CARTESIAN_POINT('',(68.7,-22.,3.));
#1261 = LINE('',#1262,#1263);
#1262 = CARTESIAN_POINT('',(68.7,-22.,-25.));
#1263 = VECTOR('',#1264,1.);
#1264 = DIRECTION('',(0.,0.,1.));
#1265 = ORIENTED_EDGE('',*,*,#1266,.T.);
#1266 = EDGE_CURVE('',#1259,#1259,#1267,.T.);
#1267 = CIRCLE('',#1268,2.7);
#1268 = AXIS2_PLACEMENT_3D('',#1269,#1270,#1271);
#1269 = CARTESIAN_POINT('',(66.,-22.,3.));
#1270 = DIRECTION('',(0.,0.,1.));
#1271 = DIRECTION('',(1.,0.,0.));
#1272 = ORIENTED_EDGE('',*,*,#1258,.T.);
#1273 = CYLINDRICAL_SURFACE('',#1274,2.7);
#1274 = AXIS2_PLACEMENT_3D('',#1275,#1276,#1277);
#1275 = CARTESIAN_POINT('',(66.,-22.,-25.));
#1276 = DIRECTION('',(0.,0.,1.));
#1277 = DIRECTION('',(1.,0.,0.));
#1278 = ADVANCED_FACE('',(#1279),#1298,.F.);
#1279 = FACE_BOUND('',#1280,.F.);
#1280 = EDGE_LOOP('',(#1281,#1282,#1290,#1297));
#1281 = ORIENTED_EDGE('',*,*,#733,.F.);
#1282 = ORIENTED_EDGE('',*,*,#1283,.F.);
#1283 = EDGE_CURVE('',#1284,#734,#1286,.T.);
#1284 = VERTEX_POINT('',#1285);
#1285 = CARTESIAN_POINT('',(80.7,-22.,3.));
#1286 = LINE('',#1287,#1288);
#1287 = CARTESIAN_POINT('',(80.7,-22.,-25.));
#1288 = VECTOR('',#1289,1.);
#1289 = DIRECTION('',(0.,0.,1.));
#1290 = ORIENTED_EDGE('',*,*,#1291,.T.);
#1291 = EDGE_CURVE('',#1284,#1284,#1292,.T.);
#1292 = CIRCLE('',#1293,2.7);
#1293 = AXIS2_PLACEMENT_3D('',#1294,#1295,#1296);
#1294 = CARTESIAN_POINT('',(78.,-22.,3.));
#1295 = DIRECTION('',(0.,0.,1.));
#1296 = DIRECTION('',(1.,0.,0.));
#1297 = ORIENTED_EDGE('',*,*,#1283,.T.);
#1298 = CYLINDRICAL_SURFACE('',#1299,2.7);
#1299 = AXIS2_PLACEMENT_3D('',#1300,#1301,#1302);
#1300 = CARTESIAN_POINT('',(78.,-22.,-25.));
#1301 = DIRECTION('',(0.,0.,1.));
#1302 = DIRECTION('',(1.,0.,0.));
#1303 = ADVANCED_FACE('',(#1304,#1310,#1313),#1316,.F.);
#1304 = FACE_BOUND('',#1305,.F.);
#1305 = EDGE_LOOP('',(#1306,#1307,#1308,#1309));
#1306 = ORIENTED_EDGE('',*,*,#773,.F.);
#1307 = ORIENTED_EDGE('',*,*,#998,.T.);
#1308 = ORIENTED_EDGE('',*,*,#1023,.T.);
#1309 = ORIENTED_EDGE('',*,*,#1046,.F.);
#1310 = FACE_BOUND('',#1311,.F.);
#1311 = EDGE_LOOP('',(#1312));
#1312 = ORIENTED_EDGE('',*,*,#1266,.F.);
#1313 = FACE_BOUND('',#1314,.F.);
#1314 = EDGE_LOOP('',(#1315));
#1315 = ORIENTED_EDGE('',*,*,#1291,.F.);
#1316 = PLANE('',#1317);
#1317 = AXIS2_PLACEMENT_3D('',#1318,#1319,#1320);
#1318 = CARTESIAN_POINT('',(58.,-34.,3.));
#1319 = DIRECTION('',(0.,0.,1.));
#1320 = DIRECTION('',(1.,0.,0.));
#1321 = ADVANCED_FACE('',(#1322),#1340,.F.);
#1322 = FACE_BOUND('',#1323,.F.);
#1323 = EDGE_LOOP('',(#1324,#1332,#1333,#1334));
#1324 = ORIENTED_EDGE('',*,*,#1325,.F.);
#1325 = EDGE_CURVE('',#798,#1326,#1328,.T.);
#1326 = VERTEX_POINT('',#1327);
#1327 = CARTESIAN_POINT('',(34.,-17.,-4.5));
#1328 = LINE('',#1329,#1330);
#1329 = CARTESIAN_POINT('',(34.,-17.,-9.));
#1330 = VECTOR('',#1331,1.);
#1331 = DIRECTION('',(0.,0.,1.));
#1332 = ORIENTED_EDGE('',*,*,#797,.T.);
#1333 = ORIENTED_EDGE('',*,*,#1064,.T.);
#1334 = ORIENTED_EDGE('',*,*,#1335,.F.);
#1335 = EDGE_CURVE('',#1326,#1065,#1336,.T.);
#1336 = LINE('',#1337,#1338);
#1337 = CARTESIAN_POINT('',(34.,-37.5,-4.5));
#1338 = VECTOR('',#1339,1.);
#1339 = DIRECTION('',(0.,1.,0.));
#1340 = PLANE('',#1341);
#1341 = AXIS2_PLACEMENT_3D('',#1342,#1343,#1344);
#1342 = CARTESIAN_POINT('',(34.,-38.,-8.));
#1343 = DIRECTION('',(1.,0.,0.));
#1344 = DIRECTION('',(0.,0.,1.));
#1345 = ADVANCED_FACE('',(#1346),#1364,.F.);
#1346 = FACE_BOUND('',#1347,.F.);
#1347 = EDGE_LOOP('',(#1348,#1356,#1357,#1358));
#1348 = ORIENTED_EDGE('',*,*,#1349,.F.);
#1349 = EDGE_CURVE('',#832,#1350,#1352,.T.);
#1350 = VERTEX_POINT('',#1351);
#1351 = CARTESIAN_POINT('',(43.,-17.,-4.5));
#1352 = LINE('',#1353,#1354);
#1353 = CARTESIAN_POINT('',(43.,-17.,-10.));
#1354 = VECTOR('',#1355,1.);
#1355 = DIRECTION('',(0.,0.,1.));
#1356 = ORIENTED_EDGE('',*,*,#839,.F.);
#1357 = ORIENTED_EDGE('',*,*,#1325,.T.);
#1358 = ORIENTED_EDGE('',*,*,#1359,.T.);
#1359 = EDGE_CURVE('',#1326,#1350,#1360,.T.);
#1360 = LINE('',#1361,#1362);
#1361 = CARTESIAN_POINT('',(31.5,-17.,-4.5));
#1362 = VECTOR('',#1363,1.);
#1363 = DIRECTION('',(1.,0.,0.));
#1364 = PLANE('',#1365);
#1365 = AXIS2_PLACEMENT_3D('',#1366,#1367,#1368);
#1366 = CARTESIAN_POINT('',(31.5,-17.,-10.));
#1367 = DIRECTION('',(0.,1.,0.));
#1368 = DIRECTION('',(0.,0.,1.));
#1369 = ADVANCED_FACE('',(#1370),#1388,.F.);
#1370 = FACE_BOUND('',#1371,.F.);
#1371 = EDGE_LOOP('',(#1372,#1380,#1381,#1382));
#1372 = ORIENTED_EDGE('',*,*,#1373,.F.);
#1373 = EDGE_CURVE('',#824,#1374,#1376,.T.);
#1374 = VERTEX_POINT('',#1375);
#1375 = CARTESIAN_POINT('',(43.,-29.,-4.5));
#1376 = LINE('',#1377,#1378);
#1377 = CARTESIAN_POINT('',(43.,-29.,-10.));
#1378 = VECTOR('',#1379,1.);
#1379 = DIRECTION('',(0.,0.,1.));
#1380 = ORIENTED_EDGE('',*,*,#831,.F.);
#1381 = ORIENTED_EDGE('',*,*,#1349,.T.);
#1382 = ORIENTED_EDGE('',*,*,#1383,.F.);
#1383 = EDGE_CURVE('',#1374,#1350,#1384,.T.);
#1384 = LINE('',#1385,#1386);
#1385 = CARTESIAN_POINT('',(43.,-29.,-4.5));
#1386 = VECTOR('',#1387,1.);
#1387 = DIRECTION('',(0.,1.,0.));
#1388 = PLANE('',#1389);
#1389 = AXIS2_PLACEMENT_3D('',#1390,#1391,#1392);
#1390 = CARTESIAN_POINT('',(43.,-29.,-10.));
#1391 = DIRECTION('',(1.,0.,0.));
#1392 = DIRECTION('',(0.,0.,1.));
#1393 = ADVANCED_FACE('',(#1394),#1405,.T.);
#1394 = FACE_BOUND('',#1395,.T.);
#1395 = EDGE_LOOP('',(#1396,#1397,#1398,#1399));
#1396 = ORIENTED_EDGE('',*,*,#1373,.F.);
#1397 = ORIENTED_EDGE('',*,*,#823,.F.);
#1398 = ORIENTED_EDGE('',*,*,#855,.T.);
#1399 = ORIENTED_EDGE('',*,*,#1400,.T.);
#1400 = EDGE_CURVE('',#856,#1374,#1401,.T.);
#1401 = LINE('',#1402,#1403);
#1402 = CARTESIAN_POINT('',(31.5,-29.,-4.5));
#1403 = VECTOR('',#1404,1.);
#1404 = DIRECTION('',(1.,0.,0.));
#1405 = PLANE('',#1406);
#1406 = AXIS2_PLACEMENT_3D('',#1407,#1408,#1409);
#1407 = CARTESIAN_POINT('',(31.5,-29.,-10.));
#1408 = DIRECTION('',(0.,1.,0.));
#1409 = DIRECTION('',(0.,0.,1.));
#1410 = ADVANCED_FACE('',(#1411),#1436,.T.);
#1411 = FACE_BOUND('',#1412,.T.);
#1412 = EDGE_LOOP('',(#1413,#1421,#1422,#1430));
#1413 = ORIENTED_EDGE('',*,*,#1414,.F.);
#1414 = EDGE_CURVE('',#401,#1415,#1417,.T.);
#1415 = VERTEX_POINT('',#1416);
#1416 = CARTESIAN_POINT('',(-28.,-37.,5.5));
#1417 = LINE('',#1418,#1419);
#1418 = CARTESIAN_POINT('',(-28.,-64.,5.5));
#1419 = VECTOR('',#1420,1.);
#1420 = DIRECTION('',(0.,1.,0.));
#1421 = ORIENTED_EDGE('',*,*,#417,.T.);
#1422 = ORIENTED_EDGE('',*,*,#1423,.T.);
#1423 = EDGE_CURVE('',#410,#1424,#1426,.T.);
#1424 = VERTEX_POINT('',#1425);
#1425 = CARTESIAN_POINT('',(-28.,-37.,-4.5));
#1426 = LINE('',#1427,#1428);
#1427 = CARTESIAN_POINT('',(-28.,-64.,-4.5));
#1428 = VECTOR('',#1429,1.);
#1429 = DIRECTION('',(0.,1.,0.));
#1430 = ORIENTED_EDGE('',*,*,#1431,.F.);
#1431 = EDGE_CURVE('',#1415,#1424,#1432,.T.);
#1432 = LINE('',#1433,#1434);
#1433 = CARTESIAN_POINT('',(-28.,-37.,-4.5));
#1434 = VECTOR('',#1435,1.);
#1435 = DIRECTION('',(0.,0.,-1.));
#1436 = PLANE('',#1437);
#1437 = AXIS2_PLACEMENT_3D('',#1438,#1439,#1440);
#1438 = CARTESIAN_POINT('',(-28.,-64.,-4.5));
#1439 = DIRECTION('',(1.,0.,0.));
#1440 = DIRECTION('',(0.,0.,1.));
#1441 = ADVANCED_FACE('',(#1442),#1523,.T.);
#1442 = FACE_BOUND('',#1443,.T.);
#1443 = EDGE_LOOP('',(#1444,#1445,#1453,#1461,#1469,#1477,#1485,#1493,
    #1501,#1509,#1517));
#1444 = ORIENTED_EDGE('',*,*,#1431,.T.);
#1445 = ORIENTED_EDGE('',*,*,#1446,.T.);
#1446 = EDGE_CURVE('',#1424,#1447,#1449,.T.);
#1447 = VERTEX_POINT('',#1448);
#1448 = CARTESIAN_POINT('',(-24.,-37.,-4.5));
#1449 = LINE('',#1450,#1451);
#1450 = CARTESIAN_POINT('',(-40.,-37.,-4.5));
#1451 = VECTOR('',#1452,1.);
#1452 = DIRECTION('',(1.,0.,0.));
#1453 = ORIENTED_EDGE('',*,*,#1454,.F.);
#1454 = EDGE_CURVE('',#1455,#1447,#1457,.T.);
#1455 = VERTEX_POINT('',#1456);
#1456 = CARTESIAN_POINT('',(-24.,-37.,7.5));
#1457 = LINE('',#1458,#1459);
#1458 = CARTESIAN_POINT('',(-24.,-37.,-4.5));
#1459 = VECTOR('',#1460,1.);
#1460 = DIRECTION('',(0.,0.,-1.));
#1461 = ORIENTED_EDGE('',*,*,#1462,.T.);
#1462 = EDGE_CURVE('',#1455,#1463,#1465,.T.);
#1463 = VERTEX_POINT('',#1464);
#1464 = CARTESIAN_POINT('',(-18.5,-37.,7.5));
#1465 = LINE('',#1466,#1467);
#1466 = CARTESIAN_POINT('',(-32.,-37.,7.5));
#1467 = VECTOR('',#1468,1.);
#1468 = DIRECTION('',(1.,0.,0.));
#1469 = ORIENTED_EDGE('',*,*,#1470,.F.);
#1470 = EDGE_CURVE('',#1471,#1463,#1473,.T.);
#1471 = VERTEX_POINT('',#1472);
#1472 = CARTESIAN_POINT('',(-18.5,-37.,13.1));
#1473 = LINE('',#1474,#1475);
#1474 = CARTESIAN_POINT('',(-18.5,-37.,0.125));
#1475 = VECTOR('',#1476,1.);
#1476 = DIRECTION('',(0.,0.,-1.));
#1477 = ORIENTED_EDGE('',*,*,#1478,.T.);
#1478 = EDGE_CURVE('',#1471,#1479,#1481,.T.);
#1479 = VERTEX_POINT('',#1480);
#1480 = CARTESIAN_POINT('',(-18.5,-37.,15.5));
#1481 = LINE('',#1482,#1483);
#1482 = CARTESIAN_POINT('',(-18.5,-37.,11.415740740741));
#1483 = VECTOR('',#1484,1.);
#1484 = DIRECTION('',(0.,0.,1.));
#1485 = ORIENTED_EDGE('',*,*,#1486,.F.);
#1486 = EDGE_CURVE('',#1487,#1479,#1489,.T.);
#1487 = VERTEX_POINT('',#1488);
#1488 = CARTESIAN_POINT('',(-40.,-37.,15.5));
#1489 = LINE('',#1490,#1491);
#1490 = CARTESIAN_POINT('',(-40.,-37.,15.5));
#1491 = VECTOR('',#1492,1.);
#1492 = DIRECTION('',(1.,0.,0.));
#1493 = ORIENTED_EDGE('',*,*,#1494,.F.);
#1494 = EDGE_CURVE('',#1495,#1487,#1497,.T.);
#1495 = VERTEX_POINT('',#1496);
#1496 = CARTESIAN_POINT('',(-40.,-37.,14.));
#1497 = LINE('',#1498,#1499);
#1498 = CARTESIAN_POINT('',(-40.,-37.,-4.5));
#1499 = VECTOR('',#1500,1.);
#1500 = DIRECTION('',(0.,0.,1.));
#1501 = ORIENTED_EDGE('',*,*,#1502,.T.);
#1502 = EDGE_CURVE('',#1495,#1503,#1505,.T.);
#1503 = VERTEX_POINT('',#1504);
#1504 = CARTESIAN_POINT('',(-34.,-37.,14.));
#1505 = LINE('',#1506,#1507);
#1506 = CARTESIAN_POINT('',(-70.,-37.,14.));
#1507 = VECTOR('',#1508,1.);
#1508 = DIRECTION('',(1.,0.,0.));
#1509 = ORIENTED_EDGE('',*,*,#1510,.T.);
#1510 = EDGE_CURVE('',#1503,#1511,#1513,.T.);
#1511 = VERTEX_POINT('',#1512);
#1512 = CARTESIAN_POINT('',(-34.,-37.,5.5));
#1513 = LINE('',#1514,#1515);
#1514 = CARTESIAN_POINT('',(-34.,-37.,-6.25));
#1515 = VECTOR('',#1516,1.);
#1516 = DIRECTION('',(0.,0.,-1.));
#1517 = ORIENTED_EDGE('',*,*,#1518,.T.);
#1518 = EDGE_CURVE('',#1511,#1415,#1519,.T.);
#1519 = LINE('',#1520,#1521);
#1520 = CARTESIAN_POINT('',(-40.,-37.,5.5));
#1521 = VECTOR('',#1522,1.);
#1522 = DIRECTION('',(1.,0.,0.));
#1523 = PLANE('',#1524);
#1524 = AXIS2_PLACEMENT_3D('',#1525,#1526,#1527);
#1525 = CARTESIAN_POINT('',(-24.06481481481,-37.,9.731481481481));
#1526 = DIRECTION('',(-0.,-1.,-0.));
#1527 = DIRECTION('',(0.,0.,-1.));
#1528 = ADVANCED_FACE('',(#1529),#1540,.F.);
#1529 = FACE_BOUND('',#1530,.F.);
#1530 = EDGE_LOOP('',(#1531,#1532,#1533,#1539));
#1531 = ORIENTED_EDGE('',*,*,#899,.F.);
#1532 = ORIENTED_EDGE('',*,*,#480,.T.);
#1533 = ORIENTED_EDGE('',*,*,#1534,.T.);
#1534 = EDGE_CURVE('',#481,#960,#1535,.T.);
#1535 = LINE('',#1536,#1537);
#1536 = CARTESIAN_POINT('',(28.,-64.,-4.5));
#1537 = VECTOR('',#1538,1.);
#1538 = DIRECTION('',(0.,1.,0.));
#1539 = ORIENTED_EDGE('',*,*,#967,.F.);
#1540 = PLANE('',#1541);
#1541 = AXIS2_PLACEMENT_3D('',#1542,#1543,#1544);
#1542 = CARTESIAN_POINT('',(28.,-64.,-4.5));
#1543 = DIRECTION('',(1.,0.,0.));
#1544 = DIRECTION('',(0.,0.,1.));
#1545 = ADVANCED_FACE('',(#1546),#1587,.T.);
#1546 = FACE_BOUND('',#1547,.T.);
#1547 = EDGE_LOOP('',(#1548,#1556,#1557,#1565,#1573,#1581));
#1548 = ORIENTED_EDGE('',*,*,#1549,.T.);
#1549 = EDGE_CURVE('',#1550,#1115,#1552,.T.);
#1550 = VERTEX_POINT('',#1551);
#1551 = CARTESIAN_POINT('',(32.5,-3.,15.5));
#1552 = LINE('',#1553,#1554);
#1553 = CARTESIAN_POINT('',(-40.,-3.,15.5));
#1554 = VECTOR('',#1555,1.);
#1555 = DIRECTION('',(1.,0.,0.));
#1556 = ORIENTED_EDGE('',*,*,#1114,.F.);
#1557 = ORIENTED_EDGE('',*,*,#1558,.F.);
#1558 = EDGE_CURVE('',#1559,#1107,#1561,.T.);
#1559 = VERTEX_POINT('',#1560);
#1560 = CARTESIAN_POINT('',(17.748239349299,-3.,-4.5));
#1561 = LINE('',#1562,#1563);
#1562 = CARTESIAN_POINT('',(-40.,-3.,-4.5));
#1563 = VECTOR('',#1564,1.);
#1564 = DIRECTION('',(1.,0.,0.));
#1565 = ORIENTED_EDGE('',*,*,#1566,.T.);
#1566 = EDGE_CURVE('',#1559,#1567,#1569,.T.);
#1567 = VERTEX_POINT('',#1568);
#1568 = CARTESIAN_POINT('',(17.748239349299,-3.,-1.5));
#1569 = LINE('',#1570,#1571);
#1570 = CARTESIAN_POINT('',(17.748239349299,-3.,-7.));
#1571 = VECTOR('',#1572,1.);
#1572 = DIRECTION('',(0.,0.,1.));
#1573 = ORIENTED_EDGE('',*,*,#1574,.T.);
#1574 = EDGE_CURVE('',#1567,#1575,#1577,.T.);
#1575 = VERTEX_POINT('',#1576);
#1576 = CARTESIAN_POINT('',(32.5,-3.,-1.5));
#1577 = LINE('',#1578,#1579);
#1578 = CARTESIAN_POINT('',(-36.25,-3.,-1.5));
#1579 = VECTOR('',#1580,1.);
#1580 = DIRECTION('',(1.,0.,0.));
#1581 = ORIENTED_EDGE('',*,*,#1582,.F.);
#1582 = EDGE_CURVE('',#1550,#1575,#1583,.T.);
#1583 = LINE('',#1584,#1585);
#1584 = CARTESIAN_POINT('',(32.5,-3.,-3.));
#1585 = VECTOR('',#1586,1.);
#1586 = DIRECTION('',(0.,0.,-1.));
#1587 = PLANE('',#1588);
#1588 = AXIS2_PLACEMENT_3D('',#1589,#1590,#1591);
#1589 = CARTESIAN_POINT('',(-40.,-3.,-4.5));
#1590 = DIRECTION('',(0.,1.,0.));
#1591 = DIRECTION('',(0.,0.,1.));
#1592 = ADVANCED_FACE('',(#1593),#1654,.F.);
#1593 = FACE_BOUND('',#1594,.F.);
#1594 = EDGE_LOOP('',(#1595,#1605,#1612,#1613,#1622,#1630,#1639,#1647));
#1595 = ORIENTED_EDGE('',*,*,#1596,.F.);
#1596 = EDGE_CURVE('',#1597,#1599,#1601,.T.);
#1597 = VERTEX_POINT('',#1598);
#1598 = CARTESIAN_POINT('',(-17.74823934929,-3.,-4.5));
#1599 = VERTEX_POINT('',#1600);
#1600 = CARTESIAN_POINT('',(-17.74823934929,-3.,-1.5));
#1601 = LINE('',#1602,#1603);
#1602 = CARTESIAN_POINT('',(-17.74823934929,-3.,-7.));
#1603 = VECTOR('',#1604,1.);
#1604 = DIRECTION('',(0.,0.,1.));
#1605 = ORIENTED_EDGE('',*,*,#1606,.T.);
#1606 = EDGE_CURVE('',#1597,#1559,#1607,.T.);
#1607 = CIRCLE('',#1608,18.);
#1608 = AXIS2_PLACEMENT_3D('',#1609,#1610,#1611);
#1609 = CARTESIAN_POINT('',(0.,0.,-4.5));
#1610 = DIRECTION('',(0.,0.,1.));
#1611 = DIRECTION('',(1.,0.,0.));
#1612 = ORIENTED_EDGE('',*,*,#1566,.T.);
#1613 = ORIENTED_EDGE('',*,*,#1614,.F.);
#1614 = EDGE_CURVE('',#1615,#1567,#1617,.T.);
#1615 = VERTEX_POINT('',#1616);
#1616 = CARTESIAN_POINT('',(5.9160797831,-17.,-1.5));
#1617 = CIRCLE('',#1618,18.);
#1618 = AXIS2_PLACEMENT_3D('',#1619,#1620,#1621);
#1619 = CARTESIAN_POINT('',(0.,0.,-1.5));
#1620 = DIRECTION('',(0.,0.,1.));
#1621 = DIRECTION('',(1.,0.,0.));
#1622 = ORIENTED_EDGE('',*,*,#1623,.F.);
#1623 = EDGE_CURVE('',#1624,#1615,#1626,.T.);
#1624 = VERTEX_POINT('',#1625);
#1625 = CARTESIAN_POINT('',(5.9160797831,-17.,-2.));
#1626 = LINE('',#1627,#1628);
#1627 = CARTESIAN_POINT('',(5.9160797831,-17.,-7.));
#1628 = VECTOR('',#1629,1.);
#1629 = DIRECTION('',(0.,0.,1.));
#1630 = ORIENTED_EDGE('',*,*,#1631,.F.);
#1631 = EDGE_CURVE('',#1632,#1624,#1634,.T.);
#1632 = VERTEX_POINT('',#1633);
#1633 = CARTESIAN_POINT('',(-5.9160797831,-17.,-2.));
#1634 = CIRCLE('',#1635,18.);
#1635 = AXIS2_PLACEMENT_3D('',#1636,#1637,#1638);
#1636 = CARTESIAN_POINT('',(0.,0.,-2.));
#1637 = DIRECTION('',(0.,0.,1.));
#1638 = DIRECTION('',(1.,0.,0.));
#1639 = ORIENTED_EDGE('',*,*,#1640,.T.);
#1640 = EDGE_CURVE('',#1632,#1641,#1643,.T.);
#1641 = VERTEX_POINT('',#1642);
#1642 = CARTESIAN_POINT('',(-5.9160797831,-17.,-1.5));
#1643 = LINE('',#1644,#1645);
#1644 = CARTESIAN_POINT('',(-5.9160797831,-17.,-7.));
#1645 = VECTOR('',#1646,1.);
#1646 = DIRECTION('',(0.,0.,1.));
#1647 = ORIENTED_EDGE('',*,*,#1648,.F.);
#1648 = EDGE_CURVE('',#1599,#1641,#1649,.T.);
#1649 = CIRCLE('',#1650,18.);
#1650 = AXIS2_PLACEMENT_3D('',#1651,#1652,#1653);
#1651 = CARTESIAN_POINT('',(0.,0.,-1.5));
#1652 = DIRECTION('',(0.,0.,1.));
#1653 = DIRECTION('',(1.,0.,0.));
#1654 = CYLINDRICAL_SURFACE('',#1655,18.);
#1655 = AXIS2_PLACEMENT_3D('',#1656,#1657,#1658);
#1656 = CARTESIAN_POINT('',(0.,0.,-7.));
#1657 = DIRECTION('',(0.,0.,1.));
#1658 = DIRECTION('',(1.,0.,0.));
#1659 = ADVANCED_FACE('',(#1660),#1701,.T.);
#1660 = FACE_BOUND('',#1661,.T.);
#1661 = EDGE_LOOP('',(#1662,#1663,#1671,#1679,#1687,#1695));
#1662 = ORIENTED_EDGE('',*,*,#1596,.F.);
#1663 = ORIENTED_EDGE('',*,*,#1664,.F.);
#1664 = EDGE_CURVE('',#1665,#1597,#1667,.T.);
#1665 = VERTEX_POINT('',#1666);
#1666 = CARTESIAN_POINT('',(-40.,-3.,-4.5));
#1667 = LINE('',#1668,#1669);
#1668 = CARTESIAN_POINT('',(-40.,-3.,-4.5));
#1669 = VECTOR('',#1670,1.);
#1670 = DIRECTION('',(1.,0.,0.));
#1671 = ORIENTED_EDGE('',*,*,#1672,.T.);
#1672 = EDGE_CURVE('',#1665,#1673,#1675,.T.);
#1673 = VERTEX_POINT('',#1674);
#1674 = CARTESIAN_POINT('',(-40.,-3.,15.5));
#1675 = LINE('',#1676,#1677);
#1676 = CARTESIAN_POINT('',(-40.,-3.,-4.5));
#1677 = VECTOR('',#1678,1.);
#1678 = DIRECTION('',(0.,0.,1.));
#1679 = ORIENTED_EDGE('',*,*,#1680,.T.);
#1680 = EDGE_CURVE('',#1673,#1681,#1683,.T.);
#1681 = VERTEX_POINT('',#1682);
#1682 = CARTESIAN_POINT('',(-32.5,-3.,15.5));
#1683 = LINE('',#1684,#1685);
#1684 = CARTESIAN_POINT('',(-40.,-3.,15.5));
#1685 = VECTOR('',#1686,1.);
#1686 = DIRECTION('',(1.,0.,0.));
#1687 = ORIENTED_EDGE('',*,*,#1688,.T.);
#1688 = EDGE_CURVE('',#1681,#1689,#1691,.T.);
#1689 = VERTEX_POINT('',#1690);
#1690 = CARTESIAN_POINT('',(-32.5,-3.,-1.5));
#1691 = LINE('',#1692,#1693);
#1692 = CARTESIAN_POINT('',(-32.5,-3.,-3.));
#1693 = VECTOR('',#1694,1.);
#1694 = DIRECTION('',(0.,0.,-1.));
#1695 = ORIENTED_EDGE('',*,*,#1696,.T.);
#1696 = EDGE_CURVE('',#1689,#1599,#1697,.T.);
#1697 = LINE('',#1698,#1699);
#1698 = CARTESIAN_POINT('',(-36.25,-3.,-1.5));
#1699 = VECTOR('',#1700,1.);
#1700 = DIRECTION('',(1.,0.,0.));
#1701 = PLANE('',#1702);
#1702 = AXIS2_PLACEMENT_3D('',#1703,#1704,#1705);
#1703 = CARTESIAN_POINT('',(-40.,-3.,-4.5));
#1704 = DIRECTION('',(0.,1.,0.));
#1705 = DIRECTION('',(0.,0.,1.));
#1706 = ADVANCED_FACE('',(#1707),#1748,.F.);
#1707 = FACE_BOUND('',#1708,.F.);
#1708 = EDGE_LOOP('',(#1709,#1719,#1727,#1735,#1741,#1742));
#1709 = ORIENTED_EDGE('',*,*,#1710,.F.);
#1710 = EDGE_CURVE('',#1711,#1713,#1715,.T.);
#1711 = VERTEX_POINT('',#1712);
#1712 = CARTESIAN_POINT('',(-40.,-16.,14.));
#1713 = VERTEX_POINT('',#1714);
#1714 = CARTESIAN_POINT('',(-40.,-16.,15.5));
#1715 = LINE('',#1716,#1717);
#1716 = CARTESIAN_POINT('',(-40.,-16.,-4.5));
#1717 = VECTOR('',#1718,1.);
#1718 = DIRECTION('',(0.,0.,1.));
#1719 = ORIENTED_EDGE('',*,*,#1720,.F.);
#1720 = EDGE_CURVE('',#1721,#1711,#1723,.T.);
#1721 = VERTEX_POINT('',#1722);
#1722 = CARTESIAN_POINT('',(-40.,-6.,14.));
#1723 = LINE('',#1724,#1725);
#1724 = CARTESIAN_POINT('',(-40.,-37.5,14.));
#1725 = VECTOR('',#1726,1.);
#1726 = DIRECTION('',(0.,-1.,0.));
#1727 = ORIENTED_EDGE('',*,*,#1728,.F.);
#1728 = EDGE_CURVE('',#1729,#1721,#1731,.T.);
#1729 = VERTEX_POINT('',#1730);
#1730 = CARTESIAN_POINT('',(-40.,-6.,-4.5));
#1731 = LINE('',#1732,#1733);
#1732 = CARTESIAN_POINT('',(-40.,-6.,-6.25));
#1733 = VECTOR('',#1734,1.);
#1734 = DIRECTION('',(0.,0.,1.));
#1735 = ORIENTED_EDGE('',*,*,#1736,.T.);
#1736 = EDGE_CURVE('',#1729,#1665,#1737,.T.);
#1737 = LINE('',#1738,#1739);
#1738 = CARTESIAN_POINT('',(-40.,-37.,-4.5));
#1739 = VECTOR('',#1740,1.);
#1740 = DIRECTION('',(0.,1.,0.));
#1741 = ORIENTED_EDGE('',*,*,#1672,.T.);
#1742 = ORIENTED_EDGE('',*,*,#1743,.F.);
#1743 = EDGE_CURVE('',#1713,#1673,#1744,.T.);
#1744 = LINE('',#1745,#1746);
#1745 = CARTESIAN_POINT('',(-40.,-37.,15.5));
#1746 = VECTOR('',#1747,1.);
#1747 = DIRECTION('',(0.,1.,0.));
#1748 = PLANE('',#1749);
#1749 = AXIS2_PLACEMENT_3D('',#1750,#1751,#1752);
#1750 = CARTESIAN_POINT('',(-40.,-37.,-4.5));
#1751 = DIRECTION('',(1.,0.,0.));
#1752 = DIRECTION('',(0.,0.,1.));
#1753 = ADVANCED_FACE('',(#1754),#1795,.T.);
#1754 = FACE_BOUND('',#1755,.T.);
#1755 = EDGE_LOOP('',(#1756,#1766,#1774,#1780,#1781,#1789));
#1756 = ORIENTED_EDGE('',*,*,#1757,.F.);
#1757 = EDGE_CURVE('',#1758,#1760,#1762,.T.);
#1758 = VERTEX_POINT('',#1759);
#1759 = CARTESIAN_POINT('',(-58.,-6.,-8.));
#1760 = VERTEX_POINT('',#1761);
#1761 = CARTESIAN_POINT('',(-34.,-6.,-8.));
#1762 = LINE('',#1763,#1764);
#1763 = CARTESIAN_POINT('',(-121.,-6.,-8.));
#1764 = VECTOR('',#1765,1.);
#1765 = DIRECTION('',(1.,0.,0.));
#1766 = ORIENTED_EDGE('',*,*,#1767,.F.);
#1767 = EDGE_CURVE('',#1768,#1758,#1770,.T.);
#1768 = VERTEX_POINT('',#1769);
#1769 = CARTESIAN_POINT('',(-58.,-6.,14.));
#1770 = LINE('',#1771,#1772);
#1771 = CARTESIAN_POINT('',(-58.,-6.,-498.8049450549));
#1772 = VECTOR('',#1773,1.);
#1773 = DIRECTION('',(0.,0.,-1.));
#1774 = ORIENTED_EDGE('',*,*,#1775,.T.);
#1775 = EDGE_CURVE('',#1768,#1721,#1776,.T.);
#1776 = LINE('',#1777,#1778);
#1777 = CARTESIAN_POINT('',(-121.,-6.,14.));
#1778 = VECTOR('',#1779,1.);
#1779 = DIRECTION('',(1.,0.,0.));
#1780 = ORIENTED_EDGE('',*,*,#1728,.F.);
#1781 = ORIENTED_EDGE('',*,*,#1782,.F.);
#1782 = EDGE_CURVE('',#1783,#1729,#1785,.T.);
#1783 = VERTEX_POINT('',#1784);
#1784 = CARTESIAN_POINT('',(-34.,-6.,-4.5));
#1785 = LINE('',#1786,#1787);
#1786 = CARTESIAN_POINT('',(-70.,-6.,-4.5));
#1787 = VECTOR('',#1788,1.);
#1788 = DIRECTION('',(-1.,0.,0.));
#1789 = ORIENTED_EDGE('',*,*,#1790,.F.);
#1790 = EDGE_CURVE('',#1760,#1783,#1791,.T.);
#1791 = LINE('',#1792,#1793);
#1792 = CARTESIAN_POINT('',(-34.,-6.,-8.));
#1793 = VECTOR('',#1794,1.);
#1794 = DIRECTION('',(0.,0.,1.));
#1795 = PLANE('',#1796);
#1796 = AXIS2_PLACEMENT_3D('',#1797,#1798,#1799);
#1797 = CARTESIAN_POINT('',(-69.10989010989,-6.,2.39010989011));
#1798 = DIRECTION('',(0.,1.,0.));
#1799 = DIRECTION('',(0.,0.,1.));
#1800 = ADVANCED_FACE('',(#1801),#1826,.T.);
#1801 = FACE_BOUND('',#1802,.T.);
#1802 = EDGE_LOOP('',(#1803,#1813,#1819,#1820));
#1803 = ORIENTED_EDGE('',*,*,#1804,.F.);
#1804 = EDGE_CURVE('',#1805,#1807,#1809,.T.);
#1805 = VERTEX_POINT('',#1806);
#1806 = CARTESIAN_POINT('',(-34.,-17.,-8.));
#1807 = VERTEX_POINT('',#1808);
#1808 = CARTESIAN_POINT('',(-34.,-17.,-4.5));
#1809 = LINE('',#1810,#1811);
#1810 = CARTESIAN_POINT('',(-34.,-17.,-9.));
#1811 = VECTOR('',#1812,1.);
#1812 = DIRECTION('',(0.,0.,1.));
#1813 = ORIENTED_EDGE('',*,*,#1814,.T.);
#1814 = EDGE_CURVE('',#1805,#1760,#1815,.T.);
#1815 = LINE('',#1816,#1817);
#1816 = CARTESIAN_POINT('',(-34.,-38.,-8.));
#1817 = VECTOR('',#1818,1.);
#1818 = DIRECTION('',(0.,1.,0.));
#1819 = ORIENTED_EDGE('',*,*,#1790,.T.);
#1820 = ORIENTED_EDGE('',*,*,#1821,.F.);
#1821 = EDGE_CURVE('',#1807,#1783,#1822,.T.);
#1822 = LINE('',#1823,#1824);
#1823 = CARTESIAN_POINT('',(-34.,-37.5,-4.5));
#1824 = VECTOR('',#1825,1.);
#1825 = DIRECTION('',(0.,1.,0.));
#1826 = PLANE('',#1827);
#1827 = AXIS2_PLACEMENT_3D('',#1828,#1829,#1830);
#1828 = CARTESIAN_POINT('',(-34.,-38.,-8.));
#1829 = DIRECTION('',(1.,0.,0.));
#1830 = DIRECTION('',(0.,0.,1.));
#1831 = ADVANCED_FACE('',(#1832),#1857,.F.);
#1832 = FACE_BOUND('',#1833,.F.);
#1833 = EDGE_LOOP('',(#1834,#1842,#1850,#1856));
#1834 = ORIENTED_EDGE('',*,*,#1835,.F.);
#1835 = EDGE_CURVE('',#1836,#1805,#1838,.T.);
#1836 = VERTEX_POINT('',#1837);
#1837 = CARTESIAN_POINT('',(-43.,-17.,-8.));
#1838 = LINE('',#1839,#1840);
#1839 = CARTESIAN_POINT('',(-55.6923076923,-17.,-8.));
#1840 = VECTOR('',#1841,1.);
#1841 = DIRECTION('',(1.,0.,0.));
#1842 = ORIENTED_EDGE('',*,*,#1843,.T.);
#1843 = EDGE_CURVE('',#1836,#1844,#1846,.T.);
#1844 = VERTEX_POINT('',#1845);
#1845 = CARTESIAN_POINT('',(-43.,-17.,-4.5));
#1846 = LINE('',#1847,#1848);
#1847 = CARTESIAN_POINT('',(-43.,-17.,-10.));
#1848 = VECTOR('',#1849,1.);
#1849 = DIRECTION('',(0.,0.,1.));
#1850 = ORIENTED_EDGE('',*,*,#1851,.T.);
#1851 = EDGE_CURVE('',#1844,#1807,#1852,.T.);
#1852 = LINE('',#1853,#1854);
#1853 = CARTESIAN_POINT('',(-43.,-17.,-4.5));
#1854 = VECTOR('',#1855,1.);
#1855 = DIRECTION('',(1.,0.,0.));
#1856 = ORIENTED_EDGE('',*,*,#1804,.F.);
#1857 = PLANE('',#1858);
#1858 = AXIS2_PLACEMENT_3D('',#1859,#1860,#1861);
#1859 = CARTESIAN_POINT('',(-43.,-17.,-10.));
#1860 = DIRECTION('',(0.,1.,0.));
#1861 = DIRECTION('',(0.,0.,1.));
#1862 = ADVANCED_FACE('',(#1863),#1888,.T.);
#1863 = FACE_BOUND('',#1864,.T.);
#1864 = EDGE_LOOP('',(#1865,#1875,#1881,#1882));
#1865 = ORIENTED_EDGE('',*,*,#1866,.F.);
#1866 = EDGE_CURVE('',#1867,#1869,#1871,.T.);
#1867 = VERTEX_POINT('',#1868);
#1868 = CARTESIAN_POINT('',(-43.,-29.,-8.));
#1869 = VERTEX_POINT('',#1870);
#1870 = CARTESIAN_POINT('',(-43.,-29.,-4.5));
#1871 = LINE('',#1872,#1873);
#1872 = CARTESIAN_POINT('',(-43.,-29.,-10.));
#1873 = VECTOR('',#1874,1.);
#1874 = DIRECTION('',(0.,0.,1.));
#1875 = ORIENTED_EDGE('',*,*,#1876,.F.);
#1876 = EDGE_CURVE('',#1836,#1867,#1877,.T.);
#1877 = LINE('',#1878,#1879);
#1878 = CARTESIAN_POINT('',(-43.,-24.6923076923,-8.));
#1879 = VECTOR('',#1880,1.);
#1880 = DIRECTION('',(0.,-1.,0.));
#1881 = ORIENTED_EDGE('',*,*,#1843,.T.);
#1882 = ORIENTED_EDGE('',*,*,#1883,.F.);
#1883 = EDGE_CURVE('',#1869,#1844,#1884,.T.);
#1884 = LINE('',#1885,#1886);
#1885 = CARTESIAN_POINT('',(-43.,-29.,-4.5));
#1886 = VECTOR('',#1887,1.);
#1887 = DIRECTION('',(0.,1.,0.));
#1888 = PLANE('',#1889);
#1889 = AXIS2_PLACEMENT_3D('',#1890,#1891,#1892);
#1890 = CARTESIAN_POINT('',(-43.,-29.,-10.));
#1891 = DIRECTION('',(1.,0.,0.));
#1892 = DIRECTION('',(0.,0.,1.));
#1893 = ADVANCED_FACE('',(#1894),#1919,.T.);
#1894 = FACE_BOUND('',#1895,.T.);
#1895 = EDGE_LOOP('',(#1896,#1904,#1905,#1913));
#1896 = ORIENTED_EDGE('',*,*,#1897,.F.);
#1897 = EDGE_CURVE('',#1867,#1898,#1900,.T.);
#1898 = VERTEX_POINT('',#1899);
#1899 = CARTESIAN_POINT('',(-34.,-29.,-8.));
#1900 = LINE('',#1901,#1902);
#1901 = CARTESIAN_POINT('',(-55.6923076923,-29.,-8.));
#1902 = VECTOR('',#1903,1.);
#1903 = DIRECTION('',(1.,0.,0.));
#1904 = ORIENTED_EDGE('',*,*,#1866,.T.);
#1905 = ORIENTED_EDGE('',*,*,#1906,.T.);
#1906 = EDGE_CURVE('',#1869,#1907,#1909,.T.);
#1907 = VERTEX_POINT('',#1908);
#1908 = CARTESIAN_POINT('',(-34.,-29.,-4.5));
#1909 = LINE('',#1910,#1911);
#1910 = CARTESIAN_POINT('',(-43.,-29.,-4.5));
#1911 = VECTOR('',#1912,1.);
#1912 = DIRECTION('',(1.,0.,0.));
#1913 = ORIENTED_EDGE('',*,*,#1914,.F.);
#1914 = EDGE_CURVE('',#1898,#1907,#1915,.T.);
#1915 = LINE('',#1916,#1917);
#1916 = CARTESIAN_POINT('',(-34.,-29.,-9.));
#1917 = VECTOR('',#1918,1.);
#1918 = DIRECTION('',(0.,0.,1.));
#1919 = PLANE('',#1920);
#1920 = AXIS2_PLACEMENT_3D('',#1921,#1922,#1923);
#1921 = CARTESIAN_POINT('',(-43.,-29.,-10.));
#1922 = DIRECTION('',(0.,1.,0.));
#1923 = DIRECTION('',(0.,0.,1.));
#1924 = ADVANCED_FACE('',(#1925),#1941,.T.);
#1925 = FACE_BOUND('',#1926,.T.);
#1926 = EDGE_LOOP('',(#1927,#1933,#1934,#1940));
#1927 = ORIENTED_EDGE('',*,*,#1928,.F.);
#1928 = EDGE_CURVE('',#274,#1907,#1929,.T.);
#1929 = LINE('',#1930,#1931);
#1930 = CARTESIAN_POINT('',(-34.,-37.5,-4.5));
#1931 = VECTOR('',#1932,1.);
#1932 = DIRECTION('',(0.,1.,0.));
#1933 = ORIENTED_EDGE('',*,*,#273,.F.);
#1934 = ORIENTED_EDGE('',*,*,#1935,.T.);
#1935 = EDGE_CURVE('',#266,#1898,#1936,.T.);
#1936 = LINE('',#1937,#1938);
#1937 = CARTESIAN_POINT('',(-34.,-38.,-8.));
#1938 = VECTOR('',#1939,1.);
#1939 = DIRECTION('',(0.,1.,0.));
#1940 = ORIENTED_EDGE('',*,*,#1914,.T.);
#1941 = PLANE('',#1942);
#1942 = AXIS2_PLACEMENT_3D('',#1943,#1944,#1945);
#1943 = CARTESIAN_POINT('',(-34.,-38.,-8.));
#1944 = DIRECTION('',(1.,0.,0.));
#1945 = DIRECTION('',(0.,0.,1.));
#1946 = ADVANCED_FACE('',(#1947),#1972,.T.);
#1947 = FACE_BOUND('',#1948,.T.);
#1948 = EDGE_LOOP('',(#1949,#1957,#1965,#1971));
#1949 = ORIENTED_EDGE('',*,*,#1950,.F.);
#1950 = EDGE_CURVE('',#1951,#928,#1953,.T.);
#1951 = VERTEX_POINT('',#1952);
#1952 = CARTESIAN_POINT('',(18.5,-38.1,15.5));
#1953 = LINE('',#1954,#1955);
#1954 = CARTESIAN_POINT('',(18.5,-38.1,15.5));
#1955 = VECTOR('',#1956,1.);
#1956 = DIRECTION('',(0.,1.,0.));
#1957 = ORIENTED_EDGE('',*,*,#1958,.F.);
#1958 = EDGE_CURVE('',#1959,#1951,#1961,.T.);
#1959 = VERTEX_POINT('',#1960);
#1960 = CARTESIAN_POINT('',(18.5,-38.1,13.1));
#1961 = LINE('',#1962,#1963);
#1962 = CARTESIAN_POINT('',(18.5,-38.1,13.1));
#1963 = VECTOR('',#1964,1.);
#1964 = DIRECTION('',(0.,0.,1.));
#1965 = ORIENTED_EDGE('',*,*,#1966,.T.);
#1966 = EDGE_CURVE('',#1959,#926,#1967,.T.);
#1967 = LINE('',#1968,#1969);
#1968 = CARTESIAN_POINT('',(18.5,-38.1,13.1));
#1969 = VECTOR('',#1970,1.);
#1970 = DIRECTION('',(0.,1.,0.));
#1971 = ORIENTED_EDGE('',*,*,#925,.T.);
#1972 = PLANE('',#1973);
#1973 = AXIS2_PLACEMENT_3D('',#1974,#1975,#1976);
#1974 = CARTESIAN_POINT('',(18.5,-38.1,13.1));
#1975 = DIRECTION('',(1.,0.,0.));
#1976 = DIRECTION('',(0.,0.,1.));
#1977 = ADVANCED_FACE('',(#1978),#2014,.T.);
#1978 = FACE_BOUND('',#1979,.T.);
#1979 = EDGE_LOOP('',(#1980,#1988,#1996,#2004,#2010,#2011,#2012,#2013));
#1980 = ORIENTED_EDGE('',*,*,#1981,.F.);
#1981 = EDGE_CURVE('',#1982,#1209,#1984,.T.);
#1982 = VERTEX_POINT('',#1983);
#1983 = CARTESIAN_POINT('',(32.5,-32.,15.5));
#1984 = LINE('',#1985,#1986);
#1985 = CARTESIAN_POINT('',(32.5,-34.5,15.5));
#1986 = VECTOR('',#1987,1.);
#1987 = DIRECTION('',(0.,1.,0.));
#1988 = ORIENTED_EDGE('',*,*,#1989,.T.);
#1989 = EDGE_CURVE('',#1982,#1990,#1992,.T.);
#1990 = VERTEX_POINT('',#1991);
#1991 = CARTESIAN_POINT('',(6.,-32.,15.5));
#1992 = LINE('',#1993,#1994);
#1993 = CARTESIAN_POINT('',(-36.25,-32.,15.5));
#1994 = VECTOR('',#1995,1.);
#1995 = DIRECTION('',(-1.,0.,0.));
#1996 = ORIENTED_EDGE('',*,*,#1997,.F.);
#1997 = EDGE_CURVE('',#1998,#1990,#2000,.T.);
#1998 = VERTEX_POINT('',#1999);
#1999 = CARTESIAN_POINT('',(6.,-38.1,15.5));
#2000 = LINE('',#2001,#2002);
#2001 = CARTESIAN_POINT('',(6.,-38.5,15.5));
#2002 = VECTOR('',#2003,1.);
#2003 = DIRECTION('',(0.,1.,0.));
#2004 = ORIENTED_EDGE('',*,*,#2005,.T.);
#2005 = EDGE_CURVE('',#1998,#1951,#2006,.T.);
#2006 = LINE('',#2007,#2008);
#2007 = CARTESIAN_POINT('',(6.,-38.1,15.5));
#2008 = VECTOR('',#2009,1.);
#2009 = DIRECTION('',(1.,0.,0.));
#2010 = ORIENTED_EDGE('',*,*,#1950,.T.);
#2011 = ORIENTED_EDGE('',*,*,#984,.T.);
#2012 = ORIENTED_EDGE('',*,*,#1243,.T.);
#2013 = ORIENTED_EDGE('',*,*,#1216,.F.);
#2014 = PLANE('',#2015);
#2015 = AXIS2_PLACEMENT_3D('',#2016,#2017,#2018);
#2016 = CARTESIAN_POINT('',(23.348574821853,-34.39857482185,15.5));
#2017 = DIRECTION('',(0.,0.,1.));
#2018 = DIRECTION('',(1.,0.,0.));
#2019 = ADVANCED_FACE('',(#2020),#2031,.T.);
#2020 = FACE_BOUND('',#2021,.T.);
#2021 = EDGE_LOOP('',(#2022,#2023,#2024,#2025));
#2022 = ORIENTED_EDGE('',*,*,#1154,.T.);
#2023 = ORIENTED_EDGE('',*,*,#1122,.T.);
#2024 = ORIENTED_EDGE('',*,*,#1549,.F.);
#2025 = ORIENTED_EDGE('',*,*,#2026,.F.);
#2026 = EDGE_CURVE('',#1147,#1550,#2027,.T.);
#2027 = LINE('',#2028,#2029);
#2028 = CARTESIAN_POINT('',(32.5,-34.5,15.5));
#2029 = VECTOR('',#2030,1.);
#2030 = DIRECTION('',(0.,1.,0.));
#2031 = PLANE('',#2032);
#2032 = AXIS2_PLACEMENT_3D('',#2033,#2034,#2035);
#2033 = CARTESIAN_POINT('',(-40.,-37.,15.5));
#2034 = DIRECTION('',(0.,0.,1.));
#2035 = DIRECTION('',(1.,0.,0.));
#2036 = ADVANCED_FACE('',(#2037,#2048),#2059,.T.);
#2037 = FACE_BOUND('',#2038,.T.);
#2038 = EDGE_LOOP('',(#2039,#2045,#2046,#2047));
#2039 = ORIENTED_EDGE('',*,*,#2040,.F.);
#2040 = EDGE_CURVE('',#1201,#1137,#2041,.T.);
#2041 = LINE('',#2042,#2043);
#2042 = CARTESIAN_POINT('',(32.5,-30.,10.5));
#2043 = VECTOR('',#2044,1.);
#2044 = DIRECTION('',(0.,1.,0.));
#2045 = ORIENTED_EDGE('',*,*,#1200,.T.);
#2046 = ORIENTED_EDGE('',*,*,#1184,.T.);
#2047 = ORIENTED_EDGE('',*,*,#1136,.F.);
#2048 = FACE_BOUND('',#2049,.T.);
#2049 = EDGE_LOOP('',(#2050));
#2050 = ORIENTED_EDGE('',*,*,#2051,.F.);
#2051 = EDGE_CURVE('',#2052,#2052,#2054,.T.);
#2052 = VERTEX_POINT('',#2053);
#2053 = CARTESIAN_POINT('',(39.1,-23.,10.5));
#2054 = CIRCLE('',#2055,2.1);
#2055 = AXIS2_PLACEMENT_3D('',#2056,#2057,#2058);
#2056 = CARTESIAN_POINT('',(37.,-23.,10.5));
#2057 = DIRECTION('',(0.,0.,1.));
#2058 = DIRECTION('',(1.,0.,0.));
#2059 = PLANE('',#2060);
#2060 = AXIS2_PLACEMENT_3D('',#2061,#2062,#2063);
#2061 = CARTESIAN_POINT('',(32.5,-30.,10.5));
#2062 = DIRECTION('',(0.,0.,1.));
#2063 = DIRECTION('',(1.,0.,0.));
#2064 = ADVANCED_FACE('',(#2065),#2102,.F.);
#2065 = FACE_BOUND('',#2066,.F.);
#2066 = EDGE_LOOP('',(#2067,#2068,#2076,#2085,#2094,#2101));
#2067 = ORIENTED_EDGE('',*,*,#2051,.F.);
#2068 = ORIENTED_EDGE('',*,*,#2069,.F.);
#2069 = EDGE_CURVE('',#2070,#2052,#2072,.T.);
#2070 = VERTEX_POINT('',#2071);
#2071 = CARTESIAN_POINT('',(39.1,-23.,-4.5));
#2072 = LINE('',#2073,#2074);
#2073 = CARTESIAN_POINT('',(39.1,-23.,-12.));
#2074 = VECTOR('',#2075,1.);
#2075 = DIRECTION('',(0.,0.,1.));
#2076 = ORIENTED_EDGE('',*,*,#2077,.T.);
#2077 = EDGE_CURVE('',#2070,#2078,#2080,.T.);
#2078 = VERTEX_POINT('',#2079);
#2079 = CARTESIAN_POINT('',(36.5,-20.96039219456,-4.5));
#2080 = CIRCLE('',#2081,2.1);
#2081 = AXIS2_PLACEMENT_3D('',#2082,#2083,#2084);
#2082 = CARTESIAN_POINT('',(37.,-23.,-4.5));
#2083 = DIRECTION('',(0.,0.,1.));
#2084 = DIRECTION('',(1.,0.,0.));
#2085 = ORIENTED_EDGE('',*,*,#2086,.T.);
#2086 = EDGE_CURVE('',#2078,#2087,#2089,.T.);
#2087 = VERTEX_POINT('',#2088);
#2088 = CARTESIAN_POINT('',(36.5,-25.03960780543,-4.5));
#2089 = CIRCLE('',#2090,2.1);
#2090 = AXIS2_PLACEMENT_3D('',#2091,#2092,#2093);
#2091 = CARTESIAN_POINT('',(37.,-23.,-4.5));
#2092 = DIRECTION('',(0.,0.,1.));
#2093 = DIRECTION('',(1.,0.,0.));
#2094 = ORIENTED_EDGE('',*,*,#2095,.T.);
#2095 = EDGE_CURVE('',#2087,#2070,#2096,.T.);
#2096 = CIRCLE('',#2097,2.1);
#2097 = AXIS2_PLACEMENT_3D('',#2098,#2099,#2100);
#2098 = CARTESIAN_POINT('',(37.,-23.,-4.5));
#2099 = DIRECTION('',(0.,0.,1.));
#2100 = DIRECTION('',(1.,0.,0.));
#2101 = ORIENTED_EDGE('',*,*,#2069,.T.);
#2102 = CYLINDRICAL_SURFACE('',#2103,2.1);
#2103 = AXIS2_PLACEMENT_3D('',#2104,#2105,#2106);
#2104 = CARTESIAN_POINT('',(37.,-23.,-12.));
#2105 = DIRECTION('',(0.,0.,1.));
#2106 = DIRECTION('',(1.,0.,0.));
#2107 = ADVANCED_FACE('',(#2108),#2130,.T.);
#2108 = FACE_BOUND('',#2109,.T.);
#2109 = EDGE_LOOP('',(#2110,#2111,#2112,#2113,#2121,#2127,#2128,#2129));
#2110 = ORIENTED_EDGE('',*,*,#1146,.T.);
#2111 = ORIENTED_EDGE('',*,*,#2026,.T.);
#2112 = ORIENTED_EDGE('',*,*,#1582,.T.);
#2113 = ORIENTED_EDGE('',*,*,#2114,.F.);
#2114 = EDGE_CURVE('',#2115,#1575,#2117,.T.);
#2115 = VERTEX_POINT('',#2116);
#2116 = CARTESIAN_POINT('',(32.5,-32.,-1.5));
#2117 = LINE('',#2118,#2119);
#2118 = CARTESIAN_POINT('',(32.5,-32.,-1.5));
#2119 = VECTOR('',#2120,1.);
#2120 = DIRECTION('',(0.,1.,0.));
#2121 = ORIENTED_EDGE('',*,*,#2122,.T.);
#2122 = EDGE_CURVE('',#2115,#1982,#2123,.T.);
#2123 = LINE('',#2124,#2125);
#2124 = CARTESIAN_POINT('',(32.5,-32.,-1.5));
#2125 = VECTOR('',#2126,1.);
#2126 = DIRECTION('',(0.,0.,1.));
#2127 = ORIENTED_EDGE('',*,*,#1981,.T.);
#2128 = ORIENTED_EDGE('',*,*,#1208,.F.);
#2129 = ORIENTED_EDGE('',*,*,#2040,.T.);
#2130 = PLANE('',#2131);
#2131 = AXIS2_PLACEMENT_3D('',#2132,#2133,#2134);
#2132 = CARTESIAN_POINT('',(32.5,-18.03921568627,6.901960784314));
#2133 = DIRECTION('',(-1.,-0.,-0.));
#2134 = DIRECTION('',(0.,0.,-1.));
#2135 = ADVANCED_FACE('',(#2136),#2151,.T.);
#2136 = FACE_BOUND('',#2137,.T.);
#2137 = EDGE_LOOP('',(#2138,#2139,#2140,#2146,#2147,#2148,#2149,#2150));
#2138 = ORIENTED_EDGE('',*,*,#1935,.F.);
#2139 = ORIENTED_EDGE('',*,*,#263,.F.);
#2140 = ORIENTED_EDGE('',*,*,#2141,.F.);
#2141 = EDGE_CURVE('',#1758,#264,#2142,.T.);
#2142 = LINE('',#2143,#2144);
#2143 = CARTESIAN_POINT('',(-58.,-510.8346153846,-8.));
#2144 = VECTOR('',#2145,1.);
#2145 = DIRECTION('',(0.,-1.,0.));
#2146 = ORIENTED_EDGE('',*,*,#1757,.T.);
#2147 = ORIENTED_EDGE('',*,*,#1814,.F.);
#2148 = ORIENTED_EDGE('',*,*,#1835,.F.);
#2149 = ORIENTED_EDGE('',*,*,#1876,.T.);
#2150 = ORIENTED_EDGE('',*,*,#1897,.T.);
#2151 = PLANE('',#2152);
#2152 = AXIS2_PLACEMENT_3D('',#2153,#2154,#2155);
#2153 = CARTESIAN_POINT('',(-75.74615384615,-21.66923076923,-8.));
#2154 = DIRECTION('',(-0.,-0.,-1.));
#2155 = DIRECTION('',(-1.,0.,0.));
#2156 = ADVANCED_FACE('',(#2157),#2197,.F.);
#2157 = FACE_BOUND('',#2158,.F.);
#2158 = EDGE_LOOP('',(#2159,#2160,#2161,#2169,#2176,#2183,#2190,#2196));
#2159 = ORIENTED_EDGE('',*,*,#2141,.F.);
#2160 = ORIENTED_EDGE('',*,*,#1767,.F.);
#2161 = ORIENTED_EDGE('',*,*,#2162,.F.);
#2162 = EDGE_CURVE('',#2163,#1768,#2165,.T.);
#2163 = VERTEX_POINT('',#2164);
#2164 = CARTESIAN_POINT('',(-58.,-10.8,14.));
#2165 = LINE('',#2166,#2167);
#2166 = CARTESIAN_POINT('',(-58.,-511.3925619834,14.));
#2167 = VECTOR('',#2168,1.);
#2168 = DIRECTION('',(0.,1.,0.));
#2169 = ORIENTED_EDGE('',*,*,#2170,.F.);
#2170 = EDGE_CURVE('',#2171,#2163,#2173,.T.);
#2171 = VERTEX_POINT('',#2172);
#2172 = CARTESIAN_POINT('',(-58.,-10.8,3.));
#2173 = B_SPLINE_CURVE_WITH_KNOTS('',1,(#2174,#2175),.UNSPECIFIED.,.F.,
  .F.,(2,2),(0.,11.),.PIECEWISE_BEZIER_KNOTS.);
#2174 = CARTESIAN_POINT('',(-58.,-10.8,3.));
#2175 = CARTESIAN_POINT('',(-58.,-10.8,14.));
#2176 = ORIENTED_EDGE('',*,*,#2177,.F.);
#2177 = EDGE_CURVE('',#2178,#2171,#2180,.T.);
#2178 = VERTEX_POINT('',#2179);
#2179 = CARTESIAN_POINT('',(-58.,-34.,3.));
#2180 = B_SPLINE_CURVE_WITH_KNOTS('',1,(#2181,#2182),.UNSPECIFIED.,.F.,
  .F.,(2,2),(0.,23.2),.PIECEWISE_BEZIER_KNOTS.);
#2181 = CARTESIAN_POINT('',(-58.,-34.,3.));
#2182 = CARTESIAN_POINT('',(-58.,-10.8,3.));
#2183 = ORIENTED_EDGE('',*,*,#2184,.T.);
#2184 = EDGE_CURVE('',#2178,#2185,#2187,.T.);
#2185 = VERTEX_POINT('',#2186);
#2186 = CARTESIAN_POINT('',(-58.,-34.,14.));
#2187 = B_SPLINE_CURVE_WITH_KNOTS('',1,(#2188,#2189),.UNSPECIFIED.,.F.,
  .F.,(2,2),(0.,11.),.PIECEWISE_BEZIER_KNOTS.);
#2188 = CARTESIAN_POINT('',(-58.,-34.,3.));
#2189 = CARTESIAN_POINT('',(-58.,-34.,14.));
#2190 = ORIENTED_EDGE('',*,*,#2191,.F.);
#2191 = EDGE_CURVE('',#314,#2185,#2192,.T.);
#2192 = LINE('',#2193,#2194);
#2193 = CARTESIAN_POINT('',(-58.,-511.3925619834,14.));
#2194 = VECTOR('',#2195,1.);
#2195 = DIRECTION('',(0.,1.,0.));
#2196 = ORIENTED_EDGE('',*,*,#321,.F.);
#2197 = PLANE('',#2198);
#2198 = AXIS2_PLACEMENT_3D('',#2199,#2200,#2201);
#2199 = CARTESIAN_POINT('',(-58.,-1.E+03,-1.E+03));
#2200 = DIRECTION('',(1.,0.,0.));
#2201 = DIRECTION('',(0.,0.,1.));
#2202 = ADVANCED_FACE('',(#2203),#2253,.T.);
#2203 = FACE_BOUND('',#2204,.T.);
#2204 = EDGE_LOOP('',(#2205,#2206,#2207,#2213,#2214,#2215,#2221,#2222,
    #2230,#2238,#2246,#2252));
#2205 = ORIENTED_EDGE('',*,*,#1775,.F.);
#2206 = ORIENTED_EDGE('',*,*,#2162,.F.);
#2207 = ORIENTED_EDGE('',*,*,#2208,.F.);
#2208 = EDGE_CURVE('',#2185,#2163,#2209,.T.);
#2209 = LINE('',#2210,#2211);
#2210 = CARTESIAN_POINT('',(-58.,-511.3925619834,14.));
#2211 = VECTOR('',#2212,1.);
#2212 = DIRECTION('',(0.,1.,0.));
#2213 = ORIENTED_EDGE('',*,*,#2191,.F.);
#2214 = ORIENTED_EDGE('',*,*,#313,.T.);
#2215 = ORIENTED_EDGE('',*,*,#2216,.T.);
#2216 = EDGE_CURVE('',#306,#1503,#2217,.T.);
#2217 = LINE('',#2218,#2219);
#2218 = CARTESIAN_POINT('',(-34.,-38.,14.));
#2219 = VECTOR('',#2220,1.);
#2220 = DIRECTION('',(0.,1.,0.));
#2221 = ORIENTED_EDGE('',*,*,#1502,.F.);
#2222 = ORIENTED_EDGE('',*,*,#2223,.F.);
#2223 = EDGE_CURVE('',#2224,#1495,#2226,.T.);
#2224 = VERTEX_POINT('',#2225);
#2225 = CARTESIAN_POINT('',(-40.,-30.,14.));
#2226 = LINE('',#2227,#2228);
#2227 = CARTESIAN_POINT('',(-40.,-37.5,14.));
#2228 = VECTOR('',#2229,1.);
#2229 = DIRECTION('',(0.,-1.,0.));
#2230 = ORIENTED_EDGE('',*,*,#2231,.T.);
#2231 = EDGE_CURVE('',#2224,#2232,#2234,.T.);
#2232 = VERTEX_POINT('',#2233);
#2233 = CARTESIAN_POINT('',(-42.,-30.,14.));
#2234 = LINE('',#2235,#2236);
#2235 = CARTESIAN_POINT('',(-71.,-30.,14.));
#2236 = VECTOR('',#2237,1.);
#2237 = DIRECTION('',(-1.,0.,0.));
#2238 = ORIENTED_EDGE('',*,*,#2239,.T.);
#2239 = EDGE_CURVE('',#2232,#2240,#2242,.T.);
#2240 = VERTEX_POINT('',#2241);
#2241 = CARTESIAN_POINT('',(-42.,-16.,14.));
#2242 = LINE('',#2243,#2244);
#2243 = CARTESIAN_POINT('',(-42.,-34.,14.));
#2244 = VECTOR('',#2245,1.);
#2245 = DIRECTION('',(0.,1.,0.));
#2246 = ORIENTED_EDGE('',*,*,#2247,.F.);
#2247 = EDGE_CURVE('',#1711,#2240,#2248,.T.);
#2248 = LINE('',#2249,#2250);
#2249 = CARTESIAN_POINT('',(-71.,-16.,14.));
#2250 = VECTOR('',#2251,1.);
#2251 = DIRECTION('',(-1.,0.,0.));
#2252 = ORIENTED_EDGE('',*,*,#1720,.F.);
#2253 = PLANE('',#2254);
#2254 = AXIS2_PLACEMENT_3D('',#2255,#2256,#2257);
#2255 = CARTESIAN_POINT('',(-77.78099173553,-22.78512396694,14.));
#2256 = DIRECTION('',(0.,0.,1.));
#2257 = DIRECTION('',(1.,0.,0.));
#2258 = ADVANCED_FACE('',(#2259),#2270,.T.);
#2259 = FACE_BOUND('',#2260,.T.);
#2260 = EDGE_LOOP('',(#2261,#2262,#2263,#2269));
#2261 = ORIENTED_EDGE('',*,*,#2216,.F.);
#2262 = ORIENTED_EDGE('',*,*,#305,.F.);
#2263 = ORIENTED_EDGE('',*,*,#2264,.F.);
#2264 = EDGE_CURVE('',#1511,#298,#2265,.T.);
#2265 = LINE('',#2266,#2267);
#2266 = CARTESIAN_POINT('',(-34.,-51.,5.5));
#2267 = VECTOR('',#2268,1.);
#2268 = DIRECTION('',(0.,-1.,0.));
#2269 = ORIENTED_EDGE('',*,*,#1510,.F.);
#2270 = PLANE('',#2271);
#2271 = AXIS2_PLACEMENT_3D('',#2272,#2273,#2274);
#2272 = CARTESIAN_POINT('',(-34.,-38.,-8.));
#2273 = DIRECTION('',(1.,0.,0.));
#2274 = DIRECTION('',(0.,0.,1.));
#2275 = ADVANCED_FACE('',(#2276),#2284,.T.);
#2276 = FACE_BOUND('',#2277,.T.);
#2277 = EDGE_LOOP('',(#2278,#2279,#2280,#2281,#2282,#2283));
#2278 = ORIENTED_EDGE('',*,*,#335,.F.);
#2279 = ORIENTED_EDGE('',*,*,#400,.T.);
#2280 = ORIENTED_EDGE('',*,*,#1414,.T.);
#2281 = ORIENTED_EDGE('',*,*,#1518,.F.);
#2282 = ORIENTED_EDGE('',*,*,#2264,.T.);
#2283 = ORIENTED_EDGE('',*,*,#297,.F.);
#2284 = PLANE('',#2285);
#2285 = AXIS2_PLACEMENT_3D('',#2286,#2287,#2288);
#2286 = CARTESIAN_POINT('',(-40.,-64.,5.5));
#2287 = DIRECTION('',(0.,0.,1.));
#2288 = DIRECTION('',(1.,0.,0.));
#2289 = ADVANCED_FACE('',(#2290),#2315,.F.);
#2290 = FACE_BOUND('',#2291,.F.);
#2291 = EDGE_LOOP('',(#2292,#2300,#2308,#2314));
#2292 = ORIENTED_EDGE('',*,*,#2293,.F.);
#2293 = EDGE_CURVE('',#2294,#367,#2296,.T.);
#2294 = VERTEX_POINT('',#2295);
#2295 = CARTESIAN_POINT('',(-58.,-72.,-12.));
#2296 = LINE('',#2297,#2298);
#2297 = CARTESIAN_POINT('',(-58.,-72.,-12.));
#2298 = VECTOR('',#2299,1.);
#2299 = DIRECTION('',(0.,1.,0.));
#2300 = ORIENTED_EDGE('',*,*,#2301,.T.);
#2301 = EDGE_CURVE('',#2294,#2302,#2304,.T.);
#2302 = VERTEX_POINT('',#2303);
#2303 = CARTESIAN_POINT('',(58.,-72.,-12.));
#2304 = LINE('',#2305,#2306);
#2305 = CARTESIAN_POINT('',(-58.,-72.,-12.));
#2306 = VECTOR('',#2307,1.);
#2307 = DIRECTION('',(1.,0.,0.));
#2308 = ORIENTED_EDGE('',*,*,#2309,.T.);
#2309 = EDGE_CURVE('',#2302,#369,#2310,.T.);
#2310 = LINE('',#2311,#2312);
#2311 = CARTESIAN_POINT('',(58.,-72.,-12.));
#2312 = VECTOR('',#2313,1.);
#2313 = DIRECTION('',(0.,1.,0.));
#2314 = ORIENTED_EDGE('',*,*,#366,.F.);
#2315 = PLANE('',#2316);
#2316 = AXIS2_PLACEMENT_3D('',#2317,#2318,#2319);
#2317 = CARTESIAN_POINT('',(-58.,-72.,-12.));
#2318 = DIRECTION('',(0.,0.,1.));
#2319 = DIRECTION('',(1.,0.,0.));
#2320 = ADVANCED_FACE('',(#2321),#2339,.T.);
#2321 = FACE_BOUND('',#2322,.T.);
#2322 = EDGE_LOOP('',(#2323,#2331,#2332,#2333));
#2323 = ORIENTED_EDGE('',*,*,#2324,.F.);
#2324 = EDGE_CURVE('',#2302,#2325,#2327,.T.);
#2325 = VERTEX_POINT('',#2326);
#2326 = CARTESIAN_POINT('',(58.,-72.,90.));
#2327 = LINE('',#2328,#2329);
#2328 = CARTESIAN_POINT('',(58.,-72.,-12.));
#2329 = VECTOR('',#2330,1.);
#2330 = DIRECTION('',(0.,0.,1.));
#2331 = ORIENTED_EDGE('',*,*,#2309,.T.);
#2332 = ORIENTED_EDGE('',*,*,#392,.T.);
#2333 = ORIENTED_EDGE('',*,*,#2334,.F.);
#2334 = EDGE_CURVE('',#2325,#385,#2335,.T.);
#2335 = LINE('',#2336,#2337);
#2336 = CARTESIAN_POINT('',(58.,-72.,90.));
#2337 = VECTOR('',#2338,1.);
#2338 = DIRECTION('',(0.,1.,0.));
#2339 = PLANE('',#2340);
#2340 = AXIS2_PLACEMENT_3D('',#2341,#2342,#2343);
#2341 = CARTESIAN_POINT('',(58.,-72.,-12.));
#2342 = DIRECTION('',(1.,0.,0.));
#2343 = DIRECTION('',(0.,0.,1.));
#2344 = ADVANCED_FACE('',(#2345),#2363,.F.);
#2345 = FACE_BOUND('',#2346,.F.);
#2346 = EDGE_LOOP('',(#2347,#2355,#2356,#2357));
#2347 = ORIENTED_EDGE('',*,*,#2348,.F.);
#2348 = EDGE_CURVE('',#2294,#2349,#2351,.T.);
#2349 = VERTEX_POINT('',#2350);
#2350 = CARTESIAN_POINT('',(-58.,-72.,90.));
#2351 = LINE('',#2352,#2353);
#2352 = CARTESIAN_POINT('',(-58.,-72.,-12.));
#2353 = VECTOR('',#2354,1.);
#2354 = DIRECTION('',(0.,0.,1.));
#2355 = ORIENTED_EDGE('',*,*,#2293,.T.);
#2356 = ORIENTED_EDGE('',*,*,#376,.T.);
#2357 = ORIENTED_EDGE('',*,*,#2358,.F.);
#2358 = EDGE_CURVE('',#2349,#377,#2359,.T.);
#2359 = LINE('',#2360,#2361);
#2360 = CARTESIAN_POINT('',(-58.,-72.,90.));
#2361 = VECTOR('',#2362,1.);
#2362 = DIRECTION('',(0.,1.,0.));
#2363 = PLANE('',#2364);
#2364 = AXIS2_PLACEMENT_3D('',#2365,#2366,#2367);
#2365 = CARTESIAN_POINT('',(-58.,-72.,-12.));
#2366 = DIRECTION('',(1.,0.,0.));
#2367 = DIRECTION('',(0.,0.,1.));
#2368 = ADVANCED_FACE('',(#2369),#2380,.T.);
#2369 = FACE_BOUND('',#2370,.T.);
#2370 = EDGE_LOOP('',(#2371,#2372,#2378,#2379));
#2371 = ORIENTED_EDGE('',*,*,#2358,.F.);
#2372 = ORIENTED_EDGE('',*,*,#2373,.T.);
#2373 = EDGE_CURVE('',#2349,#2325,#2374,.T.);
#2374 = LINE('',#2375,#2376);
#2375 = CARTESIAN_POINT('',(-58.,-72.,90.));
#2376 = VECTOR('',#2377,1.);
#2377 = DIRECTION('',(1.,0.,0.));
#2378 = ORIENTED_EDGE('',*,*,#2334,.T.);
#2379 = ORIENTED_EDGE('',*,*,#384,.F.);
#2380 = PLANE('',#2381);
#2381 = AXIS2_PLACEMENT_3D('',#2382,#2383,#2384);
#2382 = CARTESIAN_POINT('',(-58.,-72.,90.));
#2383 = DIRECTION('',(0.,0.,1.));
#2384 = DIRECTION('',(1.,0.,0.));
#2385 = ADVANCED_FACE('',(#2386),#2405,.F.);
#2386 = FACE_BOUND('',#2387,.F.);
#2387 = EDGE_LOOP('',(#2388,#2389,#2397,#2404));
#2388 = ORIENTED_EDGE('',*,*,#425,.F.);
#2389 = ORIENTED_EDGE('',*,*,#2390,.F.);
#2390 = EDGE_CURVE('',#2391,#426,#2393,.T.);
#2391 = VERTEX_POINT('',#2392);
#2392 = CARTESIAN_POINT('',(-48.,-72.,77.6));
#2393 = LINE('',#2394,#2395);
#2394 = CARTESIAN_POINT('',(-48.,-78.,77.6));
#2395 = VECTOR('',#2396,1.);
#2396 = DIRECTION('',(0.,1.,0.));
#2397 = ORIENTED_EDGE('',*,*,#2398,.T.);
#2398 = EDGE_CURVE('',#2391,#2391,#2399,.T.);
#2399 = CIRCLE('',#2400,2.6);
#2400 = AXIS2_PLACEMENT_3D('',#2401,#2402,#2403);
#2401 = CARTESIAN_POINT('',(-48.,-72.,75.));
#2402 = DIRECTION('',(0.,1.,0.));
#2403 = DIRECTION('',(0.,0.,1.));
#2404 = ORIENTED_EDGE('',*,*,#2390,.T.);
#2405 = CYLINDRICAL_SURFACE('',#2406,2.6);
#2406 = AXIS2_PLACEMENT_3D('',#2407,#2408,#2409);
#2407 = CARTESIAN_POINT('',(-48.,-78.,75.));
#2408 = DIRECTION('',(0.,1.,0.));
#2409 = DIRECTION('',(0.,0.,1.));
#2410 = ADVANCED_FACE('',(#2411),#2436,.F.);
#2411 = FACE_BOUND('',#2412,.F.);
#2412 = EDGE_LOOP('',(#2413,#2421,#2429,#2435));
#2413 = ORIENTED_EDGE('',*,*,#2414,.F.);
#2414 = EDGE_CURVE('',#2415,#437,#2417,.T.);
#2415 = VERTEX_POINT('',#2416);
#2416 = CARTESIAN_POINT('',(-26.,-67.,26.));
#2417 = LINE('',#2418,#2419);
#2418 = CARTESIAN_POINT('',(-26.,-67.,26.));
#2419 = VECTOR('',#2420,1.);
#2420 = DIRECTION('',(0.,1.,0.));
#2421 = ORIENTED_EDGE('',*,*,#2422,.T.);
#2422 = EDGE_CURVE('',#2415,#2423,#2425,.T.);
#2423 = VERTEX_POINT('',#2424);
#2424 = CARTESIAN_POINT('',(26.,-67.,26.));
#2425 = LINE('',#2426,#2427);
#2426 = CARTESIAN_POINT('',(-26.,-67.,26.));
#2427 = VECTOR('',#2428,1.);
#2428 = DIRECTION('',(1.,0.,0.));
#2429 = ORIENTED_EDGE('',*,*,#2430,.T.);
#2430 = EDGE_CURVE('',#2423,#439,#2431,.T.);
#2431 = LINE('',#2432,#2433);
#2432 = CARTESIAN_POINT('',(26.,-67.,26.));
#2433 = VECTOR('',#2434,1.);
#2434 = DIRECTION('',(0.,1.,0.));
#2435 = ORIENTED_EDGE('',*,*,#436,.F.);
#2436 = PLANE('',#2437);
#2437 = AXIS2_PLACEMENT_3D('',#2438,#2439,#2440);
#2438 = CARTESIAN_POINT('',(-26.,-67.,26.));
#2439 = DIRECTION('',(0.,0.,1.));
#2440 = DIRECTION('',(1.,0.,0.));
#2441 = ADVANCED_FACE('',(#2442),#2460,.T.);
#2442 = FACE_BOUND('',#2443,.T.);
#2443 = EDGE_LOOP('',(#2444,#2445,#2453,#2459));
#2444 = ORIENTED_EDGE('',*,*,#2414,.F.);
#2445 = ORIENTED_EDGE('',*,*,#2446,.F.);
#2446 = EDGE_CURVE('',#2447,#2415,#2449,.T.);
#2447 = VERTEX_POINT('',#2448);
#2448 = CARTESIAN_POINT('',(-26.,-67.,-8.));
#2449 = LINE('',#2450,#2451);
#2450 = CARTESIAN_POINT('',(-26.,-67.,-8.));
#2451 = VECTOR('',#2452,1.);
#2452 = DIRECTION('',(0.,0.,1.));
#2453 = ORIENTED_EDGE('',*,*,#2454,.T.);
#2454 = EDGE_CURVE('',#2447,#447,#2455,.T.);
#2455 = LINE('',#2456,#2457);
#2456 = CARTESIAN_POINT('',(-26.,-67.,-8.));
#2457 = VECTOR('',#2458,1.);
#2458 = DIRECTION('',(0.,1.,0.));
#2459 = ORIENTED_EDGE('',*,*,#446,.F.);
#2460 = PLANE('',#2461);
#2461 = AXIS2_PLACEMENT_3D('',#2462,#2463,#2464);
#2462 = CARTESIAN_POINT('',(-26.,-67.,-8.));
#2463 = DIRECTION('',(1.,0.,0.));
#2464 = DIRECTION('',(0.,0.,1.));
#2465 = ADVANCED_FACE('',(#2466),#2484,.F.);
#2466 = FACE_BOUND('',#2467,.F.);
#2467 = EDGE_LOOP('',(#2468,#2469,#2477,#2483));
#2468 = ORIENTED_EDGE('',*,*,#2430,.F.);
#2469 = ORIENTED_EDGE('',*,*,#2470,.F.);
#2470 = EDGE_CURVE('',#2471,#2423,#2473,.T.);
#2471 = VERTEX_POINT('',#2472);
#2472 = CARTESIAN_POINT('',(26.,-67.,-8.));
#2473 = LINE('',#2474,#2475);
#2474 = CARTESIAN_POINT('',(26.,-67.,-8.));
#2475 = VECTOR('',#2476,1.);
#2476 = DIRECTION('',(0.,0.,1.));
#2477 = ORIENTED_EDGE('',*,*,#2478,.T.);
#2478 = EDGE_CURVE('',#2471,#455,#2479,.T.);
#2479 = LINE('',#2480,#2481);
#2480 = CARTESIAN_POINT('',(26.,-67.,-8.));
#2481 = VECTOR('',#2482,1.);
#2482 = DIRECTION('',(0.,1.,0.));
#2483 = ORIENTED_EDGE('',*,*,#462,.F.);
#2484 = PLANE('',#2485);
#2485 = AXIS2_PLACEMENT_3D('',#2486,#2487,#2488);
#2486 = CARTESIAN_POINT('',(26.,-67.,-8.));
#2487 = DIRECTION('',(1.,0.,0.));
#2488 = DIRECTION('',(0.,0.,1.));
#2489 = ADVANCED_FACE('',(#2490),#2533,.T.);
#2490 = FACE_BOUND('',#2491,.T.);
#2491 = EDGE_LOOP('',(#2492,#2493,#2501,#2509,#2517,#2525,#2531,#2532));
#2492 = ORIENTED_EDGE('',*,*,#2454,.F.);
#2493 = ORIENTED_EDGE('',*,*,#2494,.T.);
#2494 = EDGE_CURVE('',#2447,#2495,#2497,.T.);
#2495 = VERTEX_POINT('',#2496);
#2496 = CARTESIAN_POINT('',(-24.,-67.,-8.));
#2497 = LINE('',#2498,#2499);
#2498 = CARTESIAN_POINT('',(-26.,-67.,-8.));
#2499 = VECTOR('',#2500,1.);
#2500 = DIRECTION('',(1.,0.,0.));
#2501 = ORIENTED_EDGE('',*,*,#2502,.T.);
#2502 = EDGE_CURVE('',#2495,#2503,#2505,.T.);
#2503 = VERTEX_POINT('',#2504);
#2504 = CARTESIAN_POINT('',(-24.,-65.,-8.));
#2505 = LINE('',#2506,#2507);
#2506 = CARTESIAN_POINT('',(-24.,-70.,-8.));
#2507 = VECTOR('',#2508,1.);
#2508 = DIRECTION('',(-0.,1.,0.));
#2509 = ORIENTED_EDGE('',*,*,#2510,.T.);
#2510 = EDGE_CURVE('',#2503,#2511,#2513,.T.);
#2511 = VERTEX_POINT('',#2512);
#2512 = CARTESIAN_POINT('',(24.,-65.,-8.));
#2513 = LINE('',#2514,#2515);
#2514 = CARTESIAN_POINT('',(-24.,-65.,-8.));
#2515 = VECTOR('',#2516,1.);
#2516 = DIRECTION('',(1.,0.,-0.));
#2517 = ORIENTED_EDGE('',*,*,#2518,.F.);
#2518 = EDGE_CURVE('',#2519,#2511,#2521,.T.);
#2519 = VERTEX_POINT('',#2520);
#2520 = CARTESIAN_POINT('',(24.,-67.,-8.));
#2521 = LINE('',#2522,#2523);
#2522 = CARTESIAN_POINT('',(24.,-70.,-8.));
#2523 = VECTOR('',#2524,1.);
#2524 = DIRECTION('',(-0.,1.,0.));
#2525 = ORIENTED_EDGE('',*,*,#2526,.T.);
#2526 = EDGE_CURVE('',#2519,#2471,#2527,.T.);
#2527 = LINE('',#2528,#2529);
#2528 = CARTESIAN_POINT('',(-26.,-67.,-8.));
#2529 = VECTOR('',#2530,1.);
#2530 = DIRECTION('',(1.,0.,0.));
#2531 = ORIENTED_EDGE('',*,*,#2478,.T.);
#2532 = ORIENTED_EDGE('',*,*,#454,.F.);
#2533 = PLANE('',#2534);
#2534 = AXIS2_PLACEMENT_3D('',#2535,#2536,#2537);
#2535 = CARTESIAN_POINT('',(-26.,-67.,-8.));
#2536 = DIRECTION('',(0.,0.,1.));
#2537 = DIRECTION('',(1.,0.,0.));
#2538 = ADVANCED_FACE('',(#2539),#2564,.T.);
#2539 = FACE_BOUND('',#2540,.T.);
#2540 = EDGE_LOOP('',(#2541,#2542,#2550,#2558));
#2541 = ORIENTED_EDGE('',*,*,#2510,.F.);
#2542 = ORIENTED_EDGE('',*,*,#2543,.T.);
#2543 = EDGE_CURVE('',#2503,#2544,#2546,.T.);
#2544 = VERTEX_POINT('',#2545);
#2545 = CARTESIAN_POINT('',(-24.,-65.,-4.5));
#2546 = LINE('',#2547,#2548);
#2547 = CARTESIAN_POINT('',(-24.,-65.,-8.));
#2548 = VECTOR('',#2549,1.);
#2549 = DIRECTION('',(0.,0.,1.));
#2550 = ORIENTED_EDGE('',*,*,#2551,.T.);
#2551 = EDGE_CURVE('',#2544,#2552,#2554,.T.);
#2552 = VERTEX_POINT('',#2553);
#2553 = CARTESIAN_POINT('',(24.,-65.,-4.5));
#2554 = LINE('',#2555,#2556);
#2555 = CARTESIAN_POINT('',(-24.,-65.,-4.5));
#2556 = VECTOR('',#2557,1.);
#2557 = DIRECTION('',(1.,0.,-0.));
#2558 = ORIENTED_EDGE('',*,*,#2559,.F.);
#2559 = EDGE_CURVE('',#2511,#2552,#2560,.T.);
#2560 = LINE('',#2561,#2562);
#2561 = CARTESIAN_POINT('',(24.,-65.,-8.));
#2562 = VECTOR('',#2563,1.);
#2563 = DIRECTION('',(0.,0.,1.));
#2564 = PLANE('',#2565);
#2565 = AXIS2_PLACEMENT_3D('',#2566,#2567,#2568);
#2566 = CARTESIAN_POINT('',(-24.,-65.,-8.));
#2567 = DIRECTION('',(-0.,1.,0.));
#2568 = DIRECTION('',(0.,0.,1.));
#2569 = ADVANCED_FACE('',(#2570),#2589,.F.);
#2570 = FACE_BOUND('',#2571,.F.);
#2571 = EDGE_LOOP('',(#2572,#2573,#2581,#2588));
#2572 = ORIENTED_EDGE('',*,*,#504,.F.);
#2573 = ORIENTED_EDGE('',*,*,#2574,.F.);
#2574 = EDGE_CURVE('',#2575,#505,#2577,.T.);
#2575 = VERTEX_POINT('',#2576);
#2576 = CARTESIAN_POINT('',(48.,-72.,77.6));
#2577 = LINE('',#2578,#2579);
#2578 = CARTESIAN_POINT('',(48.,-78.,77.6));
#2579 = VECTOR('',#2580,1.);
#2580 = DIRECTION('',(0.,1.,0.));
#2581 = ORIENTED_EDGE('',*,*,#2582,.T.);
#2582 = EDGE_CURVE('',#2575,#2575,#2583,.T.);
#2583 = CIRCLE('',#2584,2.6);
#2584 = AXIS2_PLACEMENT_3D('',#2585,#2586,#2587);
#2585 = CARTESIAN_POINT('',(48.,-72.,75.));
#2586 = DIRECTION('',(0.,1.,0.));
#2587 = DIRECTION('',(0.,0.,1.));
#2588 = ORIENTED_EDGE('',*,*,#2574,.T.);
#2589 = CYLINDRICAL_SURFACE('',#2590,2.6);
#2590 = AXIS2_PLACEMENT_3D('',#2591,#2592,#2593);
#2591 = CARTESIAN_POINT('',(48.,-78.,75.));
#2592 = DIRECTION('',(0.,1.,0.));
#2593 = DIRECTION('',(0.,0.,1.));
#2594 = ADVANCED_FACE('',(#2595),#2613,.F.);
#2595 = FACE_BOUND('',#2596,.F.);
#2596 = EDGE_LOOP('',(#2597,#2598,#2599,#2607));
#2597 = ORIENTED_EDGE('',*,*,#1494,.F.);
#2598 = ORIENTED_EDGE('',*,*,#2223,.F.);
#2599 = ORIENTED_EDGE('',*,*,#2600,.T.);
#2600 = EDGE_CURVE('',#2224,#2601,#2603,.T.);
#2601 = VERTEX_POINT('',#2602);
#2602 = CARTESIAN_POINT('',(-40.,-30.,15.5));
#2603 = LINE('',#2604,#2605);
#2604 = CARTESIAN_POINT('',(-40.,-30.,-4.5));
#2605 = VECTOR('',#2606,1.);
#2606 = DIRECTION('',(0.,0.,1.));
#2607 = ORIENTED_EDGE('',*,*,#2608,.F.);
#2608 = EDGE_CURVE('',#1487,#2601,#2609,.T.);
#2609 = LINE('',#2610,#2611);
#2610 = CARTESIAN_POINT('',(-40.,-37.,15.5));
#2611 = VECTOR('',#2612,1.);
#2612 = DIRECTION('',(0.,1.,0.));
#2613 = PLANE('',#2614);
#2614 = AXIS2_PLACEMENT_3D('',#2615,#2616,#2617);
#2615 = CARTESIAN_POINT('',(-40.,-37.,-4.5));
#2616 = DIRECTION('',(1.,0.,0.));
#2617 = DIRECTION('',(0.,0.,1.));
#2618 = ADVANCED_FACE('',(#2619),#2669,.T.);
#2619 = FACE_BOUND('',#2620,.T.);
#2620 = EDGE_LOOP('',(#2621,#2629,#2630,#2631,#2639,#2647,#2655,#2663));
#2621 = ORIENTED_EDGE('',*,*,#2622,.F.);
#2622 = EDGE_CURVE('',#2601,#2623,#2625,.T.);
#2623 = VERTEX_POINT('',#2624);
#2624 = CARTESIAN_POINT('',(-32.5,-30.,15.5));
#2625 = LINE('',#2626,#2627);
#2626 = CARTESIAN_POINT('',(-42.,-30.,15.5));
#2627 = VECTOR('',#2628,1.);
#2628 = DIRECTION('',(1.,0.,0.));
#2629 = ORIENTED_EDGE('',*,*,#2608,.F.);
#2630 = ORIENTED_EDGE('',*,*,#1486,.T.);
#2631 = ORIENTED_EDGE('',*,*,#2632,.F.);
#2632 = EDGE_CURVE('',#2633,#1479,#2635,.T.);
#2633 = VERTEX_POINT('',#2634);
#2634 = CARTESIAN_POINT('',(-18.5,-38.1,15.5));
#2635 = LINE('',#2636,#2637);
#2636 = CARTESIAN_POINT('',(-18.5,-38.1,15.5));
#2637 = VECTOR('',#2638,1.);
#2638 = DIRECTION('',(0.,1.,0.));
#2639 = ORIENTED_EDGE('',*,*,#2640,.T.);
#2640 = EDGE_CURVE('',#2633,#2641,#2643,.T.);
#2641 = VERTEX_POINT('',#2642);
#2642 = CARTESIAN_POINT('',(-6.,-38.1,15.5));
#2643 = LINE('',#2644,#2645);
#2644 = CARTESIAN_POINT('',(-18.5,-38.1,15.5));
#2645 = VECTOR('',#2646,1.);
#2646 = DIRECTION('',(1.,0.,0.));
#2647 = ORIENTED_EDGE('',*,*,#2648,.T.);
#2648 = EDGE_CURVE('',#2641,#2649,#2651,.T.);
#2649 = VERTEX_POINT('',#2650);
#2650 = CARTESIAN_POINT('',(-6.,-32.,15.5));
#2651 = LINE('',#2652,#2653);
#2652 = CARTESIAN_POINT('',(-6.,-38.1,15.5));
#2653 = VECTOR('',#2654,1.);
#2654 = DIRECTION('',(0.,1.,0.));
#2655 = ORIENTED_EDGE('',*,*,#2656,.T.);
#2656 = EDGE_CURVE('',#2649,#2657,#2659,.T.);
#2657 = VERTEX_POINT('',#2658);
#2658 = CARTESIAN_POINT('',(-32.5,-32.,15.5));
#2659 = LINE('',#2660,#2661);
#2660 = CARTESIAN_POINT('',(-36.25,-32.,15.5));
#2661 = VECTOR('',#2662,1.);
#2662 = DIRECTION('',(-1.,0.,0.));
#2663 = ORIENTED_EDGE('',*,*,#2664,.T.);
#2664 = EDGE_CURVE('',#2657,#2623,#2665,.T.);
#2665 = LINE('',#2666,#2667);
#2666 = CARTESIAN_POINT('',(-32.5,-34.5,15.5));
#2667 = VECTOR('',#2668,1.);
#2668 = DIRECTION('',(0.,1.,0.));
#2669 = PLANE('',#2670);
#2670 = AXIS2_PLACEMENT_3D('',#2671,#2672,#2673);
#2671 = CARTESIAN_POINT('',(-23.34857482185,-34.39857482185,15.5));
#2672 = DIRECTION('',(0.,0.,1.));
#2673 = DIRECTION('',(1.,0.,0.));
#2674 = ADVANCED_FACE('',(#2675),#2693,.F.);
#2675 = FACE_BOUND('',#2676,.F.);
#2676 = EDGE_LOOP('',(#2677,#2678,#2686,#2692));
#2677 = ORIENTED_EDGE('',*,*,#2632,.F.);
#2678 = ORIENTED_EDGE('',*,*,#2679,.F.);
#2679 = EDGE_CURVE('',#2680,#2633,#2682,.T.);
#2680 = VERTEX_POINT('',#2681);
#2681 = CARTESIAN_POINT('',(-18.5,-38.1,13.1));
#2682 = LINE('',#2683,#2684);
#2683 = CARTESIAN_POINT('',(-18.5,-38.1,13.1));
#2684 = VECTOR('',#2685,1.);
#2685 = DIRECTION('',(0.,0.,1.));
#2686 = ORIENTED_EDGE('',*,*,#2687,.T.);
#2687 = EDGE_CURVE('',#2680,#1471,#2688,.T.);
#2688 = LINE('',#2689,#2690);
#2689 = CARTESIAN_POINT('',(-18.5,-38.1,13.1));
#2690 = VECTOR('',#2691,1.);
#2691 = DIRECTION('',(0.,1.,0.));
#2692 = ORIENTED_EDGE('',*,*,#1478,.T.);
#2693 = PLANE('',#2694);
#2694 = AXIS2_PLACEMENT_3D('',#2695,#2696,#2697);
#2695 = CARTESIAN_POINT('',(-18.5,-38.1,13.1));
#2696 = DIRECTION('',(1.,0.,0.));
#2697 = DIRECTION('',(0.,0.,1.));
#2698 = ADVANCED_FACE('',(#2699,#2726),#2760,.T.);
#2699 = FACE_BOUND('',#2700,.T.);
#2700 = EDGE_LOOP('',(#2701,#2702,#2710,#2718,#2724,#2725));
#2701 = ORIENTED_EDGE('',*,*,#1614,.F.);
#2702 = ORIENTED_EDGE('',*,*,#2703,.F.);
#2703 = EDGE_CURVE('',#2704,#1615,#2706,.T.);
#2704 = VERTEX_POINT('',#2705);
#2705 = CARTESIAN_POINT('',(6.,-17.,-1.5));
#2706 = LINE('',#2707,#2708);
#2707 = CARTESIAN_POINT('',(-19.25,-17.,-1.5));
#2708 = VECTOR('',#2709,1.);
#2709 = DIRECTION('',(-1.,0.,0.));
#2710 = ORIENTED_EDGE('',*,*,#2711,.F.);
#2711 = EDGE_CURVE('',#2712,#2704,#2714,.T.);
#2712 = VERTEX_POINT('',#2713);
#2713 = CARTESIAN_POINT('',(6.,-32.,-1.5));
#2714 = LINE('',#2715,#2716);
#2715 = CARTESIAN_POINT('',(6.,-33.,-1.5));
#2716 = VECTOR('',#2717,1.);
#2717 = DIRECTION('',(0.,1.,0.));
#2718 = ORIENTED_EDGE('',*,*,#2719,.T.);
#2719 = EDGE_CURVE('',#2712,#2115,#2720,.T.);
#2720 = LINE('',#2721,#2722);
#2721 = CARTESIAN_POINT('',(-32.5,-32.,-1.5));
#2722 = VECTOR('',#2723,1.);
#2723 = DIRECTION('',(1.,0.,0.));
#2724 = ORIENTED_EDGE('',*,*,#2114,.T.);
#2725 = ORIENTED_EDGE('',*,*,#1574,.F.);
#2726 = FACE_BOUND('',#2727,.T.);
#2727 = EDGE_LOOP('',(#2728,#2738,#2746,#2754));
#2728 = ORIENTED_EDGE('',*,*,#2729,.F.);
#2729 = EDGE_CURVE('',#2730,#2732,#2734,.T.);
#2730 = VERTEX_POINT('',#2731);
#2731 = CARTESIAN_POINT('',(21.,-15.,-1.5));
#2732 = VERTEX_POINT('',#2733);
#2733 = CARTESIAN_POINT('',(29.5,-15.,-1.5));
#2734 = LINE('',#2735,#2736);
#2735 = CARTESIAN_POINT('',(21.,-15.,-1.5));
#2736 = VECTOR('',#2737,1.);
#2737 = DIRECTION('',(1.,0.,0.));
#2738 = ORIENTED_EDGE('',*,*,#2739,.T.);
#2739 = EDGE_CURVE('',#2730,#2740,#2742,.T.);
#2740 = VERTEX_POINT('',#2741);
#2741 = CARTESIAN_POINT('',(21.,-7.,-1.5));
#2742 = LINE('',#2743,#2744);
#2743 = CARTESIAN_POINT('',(21.,-15.,-1.5));
#2744 = VECTOR('',#2745,1.);
#2745 = DIRECTION('',(0.,1.,0.));
#2746 = ORIENTED_EDGE('',*,*,#2747,.T.);
#2747 = EDGE_CURVE('',#2740,#2748,#2750,.T.);
#2748 = VERTEX_POINT('',#2749);
#2749 = CARTESIAN_POINT('',(29.5,-7.,-1.5));
#2750 = LINE('',#2751,#2752);
#2751 = CARTESIAN_POINT('',(21.,-7.,-1.5));
#2752 = VECTOR('',#2753,1.);
#2753 = DIRECTION('',(1.,0.,0.));
#2754 = ORIENTED_EDGE('',*,*,#2755,.F.);
#2755 = EDGE_CURVE('',#2732,#2748,#2756,.T.);
#2756 = LINE('',#2757,#2758);
#2757 = CARTESIAN_POINT('',(29.5,-15.,-1.5));
#2758 = VECTOR('',#2759,1.);
#2759 = DIRECTION('',(0.,1.,0.));
#2760 = PLANE('',#2761);
#2761 = AXIS2_PLACEMENT_3D('',#2762,#2763,#2764);
#2762 = CARTESIAN_POINT('',(-32.5,-32.,-1.5));
#2763 = DIRECTION('',(0.,0.,1.));
#2764 = DIRECTION('',(1.,0.,0.));
#2765 = ADVANCED_FACE('',(#2766,#2800),#2834,.T.);
#2766 = FACE_BOUND('',#2767,.T.);
#2767 = EDGE_LOOP('',(#2768,#2776,#2784,#2792,#2798,#2799));
#2768 = ORIENTED_EDGE('',*,*,#2769,.F.);
#2769 = EDGE_CURVE('',#2770,#1689,#2772,.T.);
#2770 = VERTEX_POINT('',#2771);
#2771 = CARTESIAN_POINT('',(-32.5,-32.,-1.5));
#2772 = LINE('',#2773,#2774);
#2773 = CARTESIAN_POINT('',(-32.5,-32.,-1.5));
#2774 = VECTOR('',#2775,1.);
#2775 = DIRECTION('',(0.,1.,0.));
#2776 = ORIENTED_EDGE('',*,*,#2777,.T.);
#2777 = EDGE_CURVE('',#2770,#2778,#2780,.T.);
#2778 = VERTEX_POINT('',#2779);
#2779 = CARTESIAN_POINT('',(-6.,-32.,-1.5));
#2780 = LINE('',#2781,#2782);
#2781 = CARTESIAN_POINT('',(-32.5,-32.,-1.5));
#2782 = VECTOR('',#2783,1.);
#2783 = DIRECTION('',(1.,0.,0.));
#2784 = ORIENTED_EDGE('',*,*,#2785,.T.);
#2785 = EDGE_CURVE('',#2778,#2786,#2788,.T.);
#2786 = VERTEX_POINT('',#2787);
#2787 = CARTESIAN_POINT('',(-6.,-17.,-1.5));
#2788 = LINE('',#2789,#2790);
#2789 = CARTESIAN_POINT('',(-6.,-33.,-1.5));
#2790 = VECTOR('',#2791,1.);
#2791 = DIRECTION('',(0.,1.,0.));
#2792 = ORIENTED_EDGE('',*,*,#2793,.F.);
#2793 = EDGE_CURVE('',#1641,#2786,#2794,.T.);
#2794 = LINE('',#2795,#2796);
#2795 = CARTESIAN_POINT('',(-19.25,-17.,-1.5));
#2796 = VECTOR('',#2797,1.);
#2797 = DIRECTION('',(-1.,0.,0.));
#2798 = ORIENTED_EDGE('',*,*,#1648,.F.);
#2799 = ORIENTED_EDGE('',*,*,#1696,.F.);
#2800 = FACE_BOUND('',#2801,.T.);
#2801 = EDGE_LOOP('',(#2802,#2812,#2820,#2828));
#2802 = ORIENTED_EDGE('',*,*,#2803,.F.);
#2803 = EDGE_CURVE('',#2804,#2806,#2808,.T.);
#2804 = VERTEX_POINT('',#2805);
#2805 = CARTESIAN_POINT('',(-29.5,-15.,-1.5));
#2806 = VERTEX_POINT('',#2807);
#2807 = CARTESIAN_POINT('',(-21.,-15.,-1.5));
#2808 = LINE('',#2809,#2810);
#2809 = CARTESIAN_POINT('',(-29.5,-15.,-1.5));
#2810 = VECTOR('',#2811,1.);
#2811 = DIRECTION('',(1.,0.,0.));
#2812 = ORIENTED_EDGE('',*,*,#2813,.T.);
#2813 = EDGE_CURVE('',#2804,#2814,#2816,.T.);
#2814 = VERTEX_POINT('',#2815);
#2815 = CARTESIAN_POINT('',(-29.5,-7.,-1.5));
#2816 = LINE('',#2817,#2818);
#2817 = CARTESIAN_POINT('',(-29.5,-15.,-1.5));
#2818 = VECTOR('',#2819,1.);
#2819 = DIRECTION('',(0.,1.,0.));
#2820 = ORIENTED_EDGE('',*,*,#2821,.T.);
#2821 = EDGE_CURVE('',#2814,#2822,#2824,.T.);
#2822 = VERTEX_POINT('',#2823);
#2823 = CARTESIAN_POINT('',(-21.,-7.,-1.5));
#2824 = LINE('',#2825,#2826);
#2825 = CARTESIAN_POINT('',(-29.5,-7.,-1.5));
#2826 = VECTOR('',#2827,1.);
#2827 = DIRECTION('',(1.,0.,0.));
#2828 = ORIENTED_EDGE('',*,*,#2829,.F.);
#2829 = EDGE_CURVE('',#2806,#2822,#2830,.T.);
#2830 = LINE('',#2831,#2832);
#2831 = CARTESIAN_POINT('',(-21.,-15.,-1.5));
#2832 = VECTOR('',#2833,1.);
#2833 = DIRECTION('',(0.,1.,0.));
#2834 = PLANE('',#2835);
#2835 = AXIS2_PLACEMENT_3D('',#2836,#2837,#2838);
#2836 = CARTESIAN_POINT('',(-32.5,-32.,-1.5));
#2837 = DIRECTION('',(0.,0.,1.));
#2838 = DIRECTION('',(1.,0.,0.));
#2839 = ADVANCED_FACE('',(#2840),#2858,.F.);
#2840 = FACE_BOUND('',#2841,.F.);
#2841 = EDGE_LOOP('',(#2842,#2850,#2856,#2857));
#2842 = ORIENTED_EDGE('',*,*,#2843,.F.);
#2843 = EDGE_CURVE('',#2844,#1632,#2846,.T.);
#2844 = VERTEX_POINT('',#2845);
#2845 = CARTESIAN_POINT('',(-6.,-17.,-2.));
#2846 = LINE('',#2847,#2848);
#2847 = CARTESIAN_POINT('',(-6.,-17.,-2.));
#2848 = VECTOR('',#2849,1.);
#2849 = DIRECTION('',(1.,0.,0.));
#2850 = ORIENTED_EDGE('',*,*,#2851,.T.);
#2851 = EDGE_CURVE('',#2844,#2786,#2852,.T.);
#2852 = LINE('',#2853,#2854);
#2853 = CARTESIAN_POINT('',(-6.,-17.,-2.));
#2854 = VECTOR('',#2855,1.);
#2855 = DIRECTION('',(0.,0.,1.));
#2856 = ORIENTED_EDGE('',*,*,#2793,.F.);
#2857 = ORIENTED_EDGE('',*,*,#1640,.F.);
#2858 = PLANE('',#2859);
#2859 = AXIS2_PLACEMENT_3D('',#2860,#2861,#2862);
#2860 = CARTESIAN_POINT('',(-6.,-17.,-2.));
#2861 = DIRECTION('',(0.,1.,0.));
#2862 = DIRECTION('',(0.,0.,1.));
#2863 = ADVANCED_FACE('',(#2864),#2898,.T.);
#2864 = FACE_BOUND('',#2865,.T.);
#2865 = EDGE_LOOP('',(#2866,#2867,#2875,#2883,#2891,#2897));
#2866 = ORIENTED_EDGE('',*,*,#2843,.F.);
#2867 = ORIENTED_EDGE('',*,*,#2868,.F.);
#2868 = EDGE_CURVE('',#2869,#2844,#2871,.T.);
#2869 = VERTEX_POINT('',#2870);
#2870 = CARTESIAN_POINT('',(-6.,-40.,-2.));
#2871 = LINE('',#2872,#2873);
#2872 = CARTESIAN_POINT('',(-6.,-34.,-2.));
#2873 = VECTOR('',#2874,1.);
#2874 = DIRECTION('',(0.,1.,0.));
#2875 = ORIENTED_EDGE('',*,*,#2876,.T.);
#2876 = EDGE_CURVE('',#2869,#2877,#2879,.T.);
#2877 = VERTEX_POINT('',#2878);
#2878 = CARTESIAN_POINT('',(6.,-40.,-2.));
#2879 = LINE('',#2880,#2881);
#2880 = CARTESIAN_POINT('',(-6.,-40.,-2.));
#2881 = VECTOR('',#2882,1.);
#2882 = DIRECTION('',(1.,0.,0.));
#2883 = ORIENTED_EDGE('',*,*,#2884,.T.);
#2884 = EDGE_CURVE('',#2877,#2885,#2887,.T.);
#2885 = VERTEX_POINT('',#2886);
#2886 = CARTESIAN_POINT('',(6.,-17.,-2.));
#2887 = LINE('',#2888,#2889);
#2888 = CARTESIAN_POINT('',(6.,-40.,-2.));
#2889 = VECTOR('',#2890,1.);
#2890 = DIRECTION('',(0.,1.,0.));
#2891 = ORIENTED_EDGE('',*,*,#2892,.F.);
#2892 = EDGE_CURVE('',#1624,#2885,#2893,.T.);
#2893 = LINE('',#2894,#2895);
#2894 = CARTESIAN_POINT('',(-6.,-17.,-2.));
#2895 = VECTOR('',#2896,1.);
#2896 = DIRECTION('',(1.,0.,0.));
#2897 = ORIENTED_EDGE('',*,*,#1631,.F.);
#2898 = PLANE('',#2899);
#2899 = AXIS2_PLACEMENT_3D('',#2900,#2901,#2902);
#2900 = CARTESIAN_POINT('',(2.38E-15,-28.56884404844,-2.));
#2901 = DIRECTION('',(0.,0.,1.));
#2902 = DIRECTION('',(1.,0.,0.));
#2903 = ADVANCED_FACE('',(#2904),#2915,.F.);
#2904 = FACE_BOUND('',#2905,.F.);
#2905 = EDGE_LOOP('',(#2906,#2907,#2908,#2909));
#2906 = ORIENTED_EDGE('',*,*,#2892,.F.);
#2907 = ORIENTED_EDGE('',*,*,#1623,.T.);
#2908 = ORIENTED_EDGE('',*,*,#2703,.F.);
#2909 = ORIENTED_EDGE('',*,*,#2910,.F.);
#2910 = EDGE_CURVE('',#2885,#2704,#2911,.T.);
#2911 = LINE('',#2912,#2913);
#2912 = CARTESIAN_POINT('',(6.,-17.,-2.));
#2913 = VECTOR('',#2914,1.);
#2914 = DIRECTION('',(0.,0.,1.));
#2915 = PLANE('',#2916);
#2916 = AXIS2_PLACEMENT_3D('',#2917,#2918,#2919);
#2917 = CARTESIAN_POINT('',(-6.,-17.,-2.));
#2918 = DIRECTION('',(0.,1.,0.));
#2919 = DIRECTION('',(0.,0.,1.));
#2920 = ADVANCED_FACE('',(#2921),#2962,.T.);
#2921 = FACE_BOUND('',#2922,.T.);
#2922 = EDGE_LOOP('',(#2923,#2933,#2941,#2947,#2948,#2954,#2955,#2956));
#2923 = ORIENTED_EDGE('',*,*,#2924,.F.);
#2924 = EDGE_CURVE('',#2925,#2927,#2929,.T.);
#2925 = VERTEX_POINT('',#2926);
#2926 = CARTESIAN_POINT('',(-32.5,-16.,10.5));
#2927 = VERTEX_POINT('',#2928);
#2928 = CARTESIAN_POINT('',(-32.5,-16.,15.5));
#2929 = LINE('',#2930,#2931);
#2930 = CARTESIAN_POINT('',(-32.5,-16.,-4.5));
#2931 = VECTOR('',#2932,1.);
#2932 = DIRECTION('',(0.,0.,1.));
#2933 = ORIENTED_EDGE('',*,*,#2934,.F.);
#2934 = EDGE_CURVE('',#2935,#2925,#2937,.T.);
#2935 = VERTEX_POINT('',#2936);
#2936 = CARTESIAN_POINT('',(-32.5,-30.,10.5));
#2937 = LINE('',#2938,#2939);
#2938 = CARTESIAN_POINT('',(-32.5,-30.,10.5));
#2939 = VECTOR('',#2940,1.);
#2940 = DIRECTION('',(0.,1.,0.));
#2941 = ORIENTED_EDGE('',*,*,#2942,.T.);
#2942 = EDGE_CURVE('',#2935,#2623,#2943,.T.);
#2943 = LINE('',#2944,#2945);
#2944 = CARTESIAN_POINT('',(-32.5,-30.,-4.5));
#2945 = VECTOR('',#2946,1.);
#2946 = DIRECTION('',(0.,0.,1.));
#2947 = ORIENTED_EDGE('',*,*,#2664,.F.);
#2948 = ORIENTED_EDGE('',*,*,#2949,.F.);
#2949 = EDGE_CURVE('',#2770,#2657,#2950,.T.);
#2950 = LINE('',#2951,#2952);
#2951 = CARTESIAN_POINT('',(-32.5,-32.,-1.5));
#2952 = VECTOR('',#2953,1.);
#2953 = DIRECTION('',(0.,0.,1.));
#2954 = ORIENTED_EDGE('',*,*,#2769,.T.);
#2955 = ORIENTED_EDGE('',*,*,#1688,.F.);
#2956 = ORIENTED_EDGE('',*,*,#2957,.F.);
#2957 = EDGE_CURVE('',#2927,#1681,#2958,.T.);
#2958 = LINE('',#2959,#2960);
#2959 = CARTESIAN_POINT('',(-32.5,-34.5,15.5));
#2960 = VECTOR('',#2961,1.);
#2961 = DIRECTION('',(0.,1.,0.));
#2962 = PLANE('',#2963);
#2963 = AXIS2_PLACEMENT_3D('',#2964,#2965,#2966);
#2964 = CARTESIAN_POINT('',(-32.5,-18.03921568627,6.901960784314));
#2965 = DIRECTION('',(1.,0.,0.));
#2966 = DIRECTION('',(0.,0.,1.));
#2967 = ADVANCED_FACE('',(#2968),#2979,.T.);
#2968 = FACE_BOUND('',#2969,.T.);
#2969 = EDGE_LOOP('',(#2970,#2971,#2972,#2978));
#2970 = ORIENTED_EDGE('',*,*,#1680,.F.);
#2971 = ORIENTED_EDGE('',*,*,#1743,.F.);
#2972 = ORIENTED_EDGE('',*,*,#2973,.T.);
#2973 = EDGE_CURVE('',#1713,#2927,#2974,.T.);
#2974 = LINE('',#2975,#2976);
#2975 = CARTESIAN_POINT('',(-42.,-16.,15.5));
#2976 = VECTOR('',#2977,1.);
#2977 = DIRECTION('',(1.,0.,0.));
#2978 = ORIENTED_EDGE('',*,*,#2957,.T.);
#2979 = PLANE('',#2980);
#2980 = AXIS2_PLACEMENT_3D('',#2981,#2982,#2983);
#2981 = CARTESIAN_POINT('',(-40.,-37.,15.5));
#2982 = DIRECTION('',(0.,0.,1.));
#2983 = DIRECTION('',(1.,0.,0.));
#2984 = ADVANCED_FACE('',(#2985),#3005,.F.);
#2985 = FACE_BOUND('',#2986,.F.);
#2986 = EDGE_LOOP('',(#2987,#2995,#3001,#3002,#3003,#3004));
#2987 = ORIENTED_EDGE('',*,*,#2988,.F.);
#2988 = EDGE_CURVE('',#2989,#2925,#2991,.T.);
#2989 = VERTEX_POINT('',#2990);
#2990 = CARTESIAN_POINT('',(-42.,-16.,10.5));
#2991 = LINE('',#2992,#2993);
#2992 = CARTESIAN_POINT('',(-42.,-16.,10.5));
#2993 = VECTOR('',#2994,1.);
#2994 = DIRECTION('',(1.,0.,0.));
#2995 = ORIENTED_EDGE('',*,*,#2996,.T.);
#2996 = EDGE_CURVE('',#2989,#2240,#2997,.T.);
#2997 = LINE('',#2998,#2999);
#2998 = CARTESIAN_POINT('',(-42.,-16.,10.5));
#2999 = VECTOR('',#3000,1.);
#3000 = DIRECTION('',(0.,0.,1.));
#3001 = ORIENTED_EDGE('',*,*,#2247,.F.);
#3002 = ORIENTED_EDGE('',*,*,#1710,.T.);
#3003 = ORIENTED_EDGE('',*,*,#2973,.T.);
#3004 = ORIENTED_EDGE('',*,*,#2924,.F.);
#3005 = PLANE('',#3006);
#3006 = AXIS2_PLACEMENT_3D('',#3007,#3008,#3009);
#3007 = CARTESIAN_POINT('',(-42.,-16.,10.5));
#3008 = DIRECTION('',(0.,1.,0.));
#3009 = DIRECTION('',(0.,0.,1.));
#3010 = ADVANCED_FACE('',(#3011,#3029),#3040,.T.);
#3011 = FACE_BOUND('',#3012,.T.);
#3012 = EDGE_LOOP('',(#3013,#3021,#3027,#3028));
#3013 = ORIENTED_EDGE('',*,*,#3014,.F.);
#3014 = EDGE_CURVE('',#3015,#2989,#3017,.T.);
#3015 = VERTEX_POINT('',#3016);
#3016 = CARTESIAN_POINT('',(-42.,-30.,10.5));
#3017 = LINE('',#3018,#3019);
#3018 = CARTESIAN_POINT('',(-42.,-30.,10.5));
#3019 = VECTOR('',#3020,1.);
#3020 = DIRECTION('',(0.,1.,0.));
#3021 = ORIENTED_EDGE('',*,*,#3022,.T.);
#3022 = EDGE_CURVE('',#3015,#2935,#3023,.T.);
#3023 = LINE('',#3024,#3025);
#3024 = CARTESIAN_POINT('',(-42.,-30.,10.5));
#3025 = VECTOR('',#3026,1.);
#3026 = DIRECTION('',(1.,0.,0.));
#3027 = ORIENTED_EDGE('',*,*,#2934,.T.);
#3028 = ORIENTED_EDGE('',*,*,#2988,.F.);
#3029 = FACE_BOUND('',#3030,.T.);
#3030 = EDGE_LOOP('',(#3031));
#3031 = ORIENTED_EDGE('',*,*,#3032,.F.);
#3032 = EDGE_CURVE('',#3033,#3033,#3035,.T.);
#3033 = VERTEX_POINT('',#3034);
#3034 = CARTESIAN_POINT('',(-34.9,-23.,10.5));
#3035 = CIRCLE('',#3036,2.1);
#3036 = AXIS2_PLACEMENT_3D('',#3037,#3038,#3039);
#3037 = CARTESIAN_POINT('',(-37.,-23.,10.5));
#3038 = DIRECTION('',(0.,0.,1.));
#3039 = DIRECTION('',(1.,0.,0.));
#3040 = PLANE('',#3041);
#3041 = AXIS2_PLACEMENT_3D('',#3042,#3043,#3044);
#3042 = CARTESIAN_POINT('',(-42.,-30.,10.5));
#3043 = DIRECTION('',(0.,0.,1.));
#3044 = DIRECTION('',(1.,0.,0.));
#3045 = ADVANCED_FACE('',(#3046),#3083,.F.);
#3046 = FACE_BOUND('',#3047,.F.);
#3047 = EDGE_LOOP('',(#3048,#3049,#3057,#3066,#3075,#3082));
#3048 = ORIENTED_EDGE('',*,*,#3032,.F.);
#3049 = ORIENTED_EDGE('',*,*,#3050,.F.);
#3050 = EDGE_CURVE('',#3051,#3033,#3053,.T.);
#3051 = VERTEX_POINT('',#3052);
#3052 = CARTESIAN_POINT('',(-34.9,-23.,-4.5));
#3053 = LINE('',#3054,#3055);
#3054 = CARTESIAN_POINT('',(-34.9,-23.,-12.));
#3055 = VECTOR('',#3056,1.);
#3056 = DIRECTION('',(0.,0.,1.));
#3057 = ORIENTED_EDGE('',*,*,#3058,.T.);
#3058 = EDGE_CURVE('',#3051,#3059,#3061,.T.);
#3059 = VERTEX_POINT('',#3060);
#3060 = CARTESIAN_POINT('',(-36.5,-20.96039219456,-4.5));
#3061 = CIRCLE('',#3062,2.1);
#3062 = AXIS2_PLACEMENT_3D('',#3063,#3064,#3065);
#3063 = CARTESIAN_POINT('',(-37.,-23.,-4.5));
#3064 = DIRECTION('',(0.,0.,1.));
#3065 = DIRECTION('',(1.,0.,0.));
#3066 = ORIENTED_EDGE('',*,*,#3067,.T.);
#3067 = EDGE_CURVE('',#3059,#3068,#3070,.T.);
#3068 = VERTEX_POINT('',#3069);
#3069 = CARTESIAN_POINT('',(-36.5,-25.03960780543,-4.5));
#3070 = CIRCLE('',#3071,2.1);
#3071 = AXIS2_PLACEMENT_3D('',#3072,#3073,#3074);
#3072 = CARTESIAN_POINT('',(-37.,-23.,-4.5));
#3073 = DIRECTION('',(0.,0.,1.));
#3074 = DIRECTION('',(1.,0.,0.));
#3075 = ORIENTED_EDGE('',*,*,#3076,.T.);
#3076 = EDGE_CURVE('',#3068,#3051,#3077,.T.);
#3077 = CIRCLE('',#3078,2.1);
#3078 = AXIS2_PLACEMENT_3D('',#3079,#3080,#3081);
#3079 = CARTESIAN_POINT('',(-37.,-23.,-4.5));
#3080 = DIRECTION('',(0.,0.,1.));
#3081 = DIRECTION('',(1.,0.,0.));
#3082 = ORIENTED_EDGE('',*,*,#3050,.T.);
#3083 = CYLINDRICAL_SURFACE('',#3084,2.1);
#3084 = AXIS2_PLACEMENT_3D('',#3085,#3086,#3087);
#3085 = CARTESIAN_POINT('',(-37.,-23.,-12.));
#3086 = DIRECTION('',(0.,0.,1.));
#3087 = DIRECTION('',(1.,0.,0.));
#3088 = ADVANCED_FACE('',(#3089),#3122,.T.);
#3089 = FACE_BOUND('',#3090,.T.);
#3090 = EDGE_LOOP('',(#3091,#3101,#3109,#3115,#3116));
#3091 = ORIENTED_EDGE('',*,*,#3092,.T.);
#3092 = EDGE_CURVE('',#3093,#3095,#3097,.T.);
#3093 = VERTEX_POINT('',#3094);
#3094 = CARTESIAN_POINT('',(6.,-38.1,13.1));
#3095 = VERTEX_POINT('',#3096);
#3096 = CARTESIAN_POINT('',(6.,-35.,13.1));
#3097 = LINE('',#3098,#3099);
#3098 = CARTESIAN_POINT('',(6.,-38.1,13.1));
#3099 = VECTOR('',#3100,1.);
#3100 = DIRECTION('',(0.,1.,0.));
#3101 = ORIENTED_EDGE('',*,*,#3102,.T.);
#3102 = EDGE_CURVE('',#3095,#3103,#3105,.T.);
#3103 = VERTEX_POINT('',#3104);
#3104 = CARTESIAN_POINT('',(18.5,-35.,13.1));
#3105 = LINE('',#3106,#3107);
#3106 = CARTESIAN_POINT('',(-18.5,-35.,13.1));
#3107 = VECTOR('',#3108,1.);
#3108 = DIRECTION('',(1.,0.,0.));
#3109 = ORIENTED_EDGE('',*,*,#3110,.F.);
#3110 = EDGE_CURVE('',#926,#3103,#3111,.T.);
#3111 = LINE('',#3112,#3113);
#3112 = CARTESIAN_POINT('',(18.5,-37.,13.1));
#3113 = VECTOR('',#3114,1.);
#3114 = DIRECTION('',(0.,1.,0.));
#3115 = ORIENTED_EDGE('',*,*,#1966,.F.);
#3116 = ORIENTED_EDGE('',*,*,#3117,.F.);
#3117 = EDGE_CURVE('',#3093,#1959,#3118,.T.);
#3118 = LINE('',#3119,#3120);
#3119 = CARTESIAN_POINT('',(6.,-38.1,13.1));
#3120 = VECTOR('',#3121,1.);
#3121 = DIRECTION('',(1.,0.,0.));
#3122 = PLANE('',#3123);
#3123 = AXIS2_PLACEMENT_3D('',#3124,#3125,#3126);
#3124 = CARTESIAN_POINT('',(12.25,-36.55,13.1));
#3125 = DIRECTION('',(-0.,-0.,-1.));
#3126 = DIRECTION('',(-1.,0.,0.));
#3127 = ADVANCED_FACE('',(#3128),#3139,.F.);
#3128 = FACE_BOUND('',#3129,.F.);
#3129 = EDGE_LOOP('',(#3130,#3131,#3137,#3138));
#3130 = ORIENTED_EDGE('',*,*,#3117,.F.);
#3131 = ORIENTED_EDGE('',*,*,#3132,.T.);
#3132 = EDGE_CURVE('',#3093,#1998,#3133,.T.);
#3133 = LINE('',#3134,#3135);
#3134 = CARTESIAN_POINT('',(6.,-38.1,13.1));
#3135 = VECTOR('',#3136,1.);
#3136 = DIRECTION('',(0.,0.,1.));
#3137 = ORIENTED_EDGE('',*,*,#2005,.T.);
#3138 = ORIENTED_EDGE('',*,*,#1958,.F.);
#3139 = PLANE('',#3140);
#3140 = AXIS2_PLACEMENT_3D('',#3141,#3142,#3143);
#3141 = CARTESIAN_POINT('',(6.,-38.1,13.1));
#3142 = DIRECTION('',(0.,1.,0.));
#3143 = DIRECTION('',(0.,0.,1.));
#3144 = ADVANCED_FACE('',(#3145),#3188,.T.);
#3145 = FACE_BOUND('',#3146,.T.);
#3146 = EDGE_LOOP('',(#3147,#3148,#3149,#3157,#3165,#3173,#3181,#3187));
#3147 = ORIENTED_EDGE('',*,*,#2122,.F.);
#3148 = ORIENTED_EDGE('',*,*,#2719,.F.);
#3149 = ORIENTED_EDGE('',*,*,#3150,.F.);
#3150 = EDGE_CURVE('',#3151,#2712,#3153,.T.);
#3151 = VERTEX_POINT('',#3152);
#3152 = CARTESIAN_POINT('',(6.,-32.,2.));
#3153 = LINE('',#3154,#3155);
#3154 = CARTESIAN_POINT('',(6.,-32.,-1.75));
#3155 = VECTOR('',#3156,1.);
#3156 = DIRECTION('',(0.,0.,-1.));
#3157 = ORIENTED_EDGE('',*,*,#3158,.T.);
#3158 = EDGE_CURVE('',#3151,#3159,#3161,.T.);
#3159 = VERTEX_POINT('',#3160);
#3160 = CARTESIAN_POINT('',(12.,-32.,2.));
#3161 = LINE('',#3162,#3163);
#3162 = CARTESIAN_POINT('',(6.,-32.,2.));
#3163 = VECTOR('',#3164,1.);
#3164 = DIRECTION('',(1.,0.,0.));
#3165 = ORIENTED_EDGE('',*,*,#3166,.T.);
#3166 = EDGE_CURVE('',#3159,#3167,#3169,.T.);
#3167 = VERTEX_POINT('',#3168);
#3168 = CARTESIAN_POINT('',(12.,-32.,10.));
#3169 = LINE('',#3170,#3171);
#3170 = CARTESIAN_POINT('',(12.,-32.,2.));
#3171 = VECTOR('',#3172,1.);
#3172 = DIRECTION('',(0.,0.,1.));
#3173 = ORIENTED_EDGE('',*,*,#3174,.F.);
#3174 = EDGE_CURVE('',#3175,#3167,#3177,.T.);
#3175 = VERTEX_POINT('',#3176);
#3176 = CARTESIAN_POINT('',(6.,-32.,10.));
#3177 = LINE('',#3178,#3179);
#3178 = CARTESIAN_POINT('',(6.,-32.,10.));
#3179 = VECTOR('',#3180,1.);
#3180 = DIRECTION('',(1.,0.,0.));
#3181 = ORIENTED_EDGE('',*,*,#3182,.F.);
#3182 = EDGE_CURVE('',#1990,#3175,#3183,.T.);
#3183 = LINE('',#3184,#3185);
#3184 = CARTESIAN_POINT('',(6.,-32.,-1.75));
#3185 = VECTOR('',#3186,1.);
#3186 = DIRECTION('',(0.,0.,-1.));
#3187 = ORIENTED_EDGE('',*,*,#1989,.F.);
#3188 = PLANE('',#3189);
#3189 = AXIS2_PLACEMENT_3D('',#3190,#3191,#3192);
#3190 = CARTESIAN_POINT('',(-32.5,-32.,-1.5));
#3191 = DIRECTION('',(0.,1.,0.));
#3192 = DIRECTION('',(0.,0.,1.));
#3193 = ADVANCED_FACE('',(#3194),#3264,.T.);
#3194 = FACE_BOUND('',#3195,.T.);
#3195 = EDGE_LOOP('',(#3196,#3204,#3205,#3206,#3207,#3208,#3216,#3224,
    #3230,#3231,#3232,#3233,#3234,#3242,#3250,#3258));
#3196 = ORIENTED_EDGE('',*,*,#3197,.F.);
#3197 = EDGE_CURVE('',#3095,#3198,#3200,.T.);
#3198 = VERTEX_POINT('',#3199);
#3199 = CARTESIAN_POINT('',(6.,-35.,4.75));
#3200 = LINE('',#3201,#3202);
#3201 = CARTESIAN_POINT('',(6.,-35.,1.375));
#3202 = VECTOR('',#3203,1.);
#3203 = DIRECTION('',(0.,0.,-1.));
#3204 = ORIENTED_EDGE('',*,*,#3092,.F.);
#3205 = ORIENTED_EDGE('',*,*,#3132,.T.);
#3206 = ORIENTED_EDGE('',*,*,#1997,.T.);
#3207 = ORIENTED_EDGE('',*,*,#3182,.T.);
#3208 = ORIENTED_EDGE('',*,*,#3209,.T.);
#3209 = EDGE_CURVE('',#3175,#3210,#3212,.T.);
#3210 = VERTEX_POINT('',#3211);
#3211 = CARTESIAN_POINT('',(6.,-29.6418,10.));
#3212 = LINE('',#3213,#3214);
#3213 = CARTESIAN_POINT('',(6.,-32.,10.));
#3214 = VECTOR('',#3215,1.);
#3215 = DIRECTION('',(0.,1.,0.));
#3216 = ORIENTED_EDGE('',*,*,#3217,.F.);
#3217 = EDGE_CURVE('',#3218,#3210,#3220,.T.);
#3218 = VERTEX_POINT('',#3219);
#3219 = CARTESIAN_POINT('',(6.,-29.6418,2.));
#3220 = LINE('',#3221,#3222);
#3221 = CARTESIAN_POINT('',(6.,-29.6418,2.));
#3222 = VECTOR('',#3223,1.);
#3223 = DIRECTION('',(0.,0.,1.));
#3224 = ORIENTED_EDGE('',*,*,#3225,.F.);
#3225 = EDGE_CURVE('',#3151,#3218,#3226,.T.);
#3226 = LINE('',#3227,#3228);
#3227 = CARTESIAN_POINT('',(6.,-32.,2.));
#3228 = VECTOR('',#3229,1.);
#3229 = DIRECTION('',(0.,1.,0.));
#3230 = ORIENTED_EDGE('',*,*,#3150,.T.);
#3231 = ORIENTED_EDGE('',*,*,#2711,.T.);
#3232 = ORIENTED_EDGE('',*,*,#2910,.F.);
#3233 = ORIENTED_EDGE('',*,*,#2884,.F.);
#3234 = ORIENTED_EDGE('',*,*,#3235,.T.);
#3235 = EDGE_CURVE('',#2877,#3236,#3238,.T.);
#3236 = VERTEX_POINT('',#3237);
#3237 = CARTESIAN_POINT('',(6.,-40.,0.));
#3238 = LINE('',#3239,#3240);
#3239 = CARTESIAN_POINT('',(6.,-40.,-2.));
#3240 = VECTOR('',#3241,1.);
#3241 = DIRECTION('',(0.,0.,1.));
#3242 = ORIENTED_EDGE('',*,*,#3243,.T.);
#3243 = EDGE_CURVE('',#3236,#3244,#3246,.T.);
#3244 = VERTEX_POINT('',#3245);
#3245 = CARTESIAN_POINT('',(6.,-37.,0.));
#3246 = LINE('',#3247,#3248);
#3247 = CARTESIAN_POINT('',(6.,-52.5,0.));
#3248 = VECTOR('',#3249,1.);
#3249 = DIRECTION('',(0.,1.,0.));
#3250 = ORIENTED_EDGE('',*,*,#3251,.F.);
#3251 = EDGE_CURVE('',#3252,#3244,#3254,.T.);
#3252 = VERTEX_POINT('',#3253);
#3253 = CARTESIAN_POINT('',(6.,-37.,4.75));
#3254 = LINE('',#3255,#3256);
#3255 = CARTESIAN_POINT('',(6.,-37.,-3.25));
#3256 = VECTOR('',#3257,1.);
#3257 = DIRECTION('',(0.,0.,-1.));
#3258 = ORIENTED_EDGE('',*,*,#3259,.T.);
#3259 = EDGE_CURVE('',#3252,#3198,#3260,.T.);
#3260 = LINE('',#3261,#3262);
#3261 = CARTESIAN_POINT('',(6.,-52.5,4.75));
#3262 = VECTOR('',#3263,1.);
#3263 = DIRECTION('',(0.,1.,0.));
#3264 = PLANE('',#3265);
#3265 = AXIS2_PLACEMENT_3D('',#3266,#3267,#3268);
#3266 = CARTESIAN_POINT('',(6.,-31.07223621421,3.706720454674));
#3267 = DIRECTION('',(-1.,-0.,-0.));
#3268 = DIRECTION('',(0.,0.,-1.));
#3269 = ADVANCED_FACE('',(#3270),#3288,.F.);
#3270 = FACE_BOUND('',#3271,.F.);
#3271 = EDGE_LOOP('',(#3272,#3280,#3286,#3287));
#3272 = ORIENTED_EDGE('',*,*,#3273,.F.);
#3273 = EDGE_CURVE('',#3274,#3103,#3276,.T.);
#3274 = VERTEX_POINT('',#3275);
#3275 = CARTESIAN_POINT('',(18.5,-35.,4.75));
#3276 = LINE('',#3277,#3278);
#3277 = CARTESIAN_POINT('',(18.5,-35.,4.75));
#3278 = VECTOR('',#3279,1.);
#3279 = DIRECTION('',(0.,0.,1.));
#3280 = ORIENTED_EDGE('',*,*,#3281,.F.);
#3281 = EDGE_CURVE('',#3198,#3274,#3282,.T.);
#3282 = LINE('',#3283,#3284);
#3283 = CARTESIAN_POINT('',(-18.5,-35.,4.75));
#3284 = VECTOR('',#3285,1.);
#3285 = DIRECTION('',(1.,0.,0.));
#3286 = ORIENTED_EDGE('',*,*,#3197,.F.);
#3287 = ORIENTED_EDGE('',*,*,#3102,.T.);
#3288 = PLANE('',#3289);
#3289 = AXIS2_PLACEMENT_3D('',#3290,#3291,#3292);
#3290 = CARTESIAN_POINT('',(-18.5,-35.,4.75));
#3291 = DIRECTION('',(0.,1.,0.));
#3292 = DIRECTION('',(0.,0.,1.));
#3293 = ADVANCED_FACE('',(#3294),#3316,.T.);
#3294 = FACE_BOUND('',#3295,.T.);
#3295 = EDGE_LOOP('',(#3296,#3303,#3304,#3311));
#3296 = ORIENTED_EDGE('',*,*,#3297,.F.);
#3297 = EDGE_CURVE('',#2178,#3298,#3300,.T.);
#3298 = VERTEX_POINT('',#3299);
#3299 = CARTESIAN_POINT('',(-86.,-34.,3.));
#3300 = B_SPLINE_CURVE_WITH_KNOTS('',1,(#3301,#3302),.UNSPECIFIED.,.F.,
  .F.,(2,2),(0.,28.),.PIECEWISE_BEZIER_KNOTS.);
#3301 = CARTESIAN_POINT('',(-58.,-34.,3.));
#3302 = CARTESIAN_POINT('',(-86.,-34.,3.));
#3303 = ORIENTED_EDGE('',*,*,#2184,.T.);
#3304 = ORIENTED_EDGE('',*,*,#3305,.T.);
#3305 = EDGE_CURVE('',#2185,#3306,#3308,.T.);
#3306 = VERTEX_POINT('',#3307);
#3307 = CARTESIAN_POINT('',(-86.,-34.,14.));
#3308 = B_SPLINE_CURVE_WITH_KNOTS('',1,(#3309,#3310),.UNSPECIFIED.,.F.,
  .F.,(2,2),(0.,28.),.PIECEWISE_BEZIER_KNOTS.);
#3309 = CARTESIAN_POINT('',(-58.,-34.,14.));
#3310 = CARTESIAN_POINT('',(-86.,-34.,14.));
#3311 = ORIENTED_EDGE('',*,*,#3312,.F.);
#3312 = EDGE_CURVE('',#3298,#3306,#3313,.T.);
#3313 = B_SPLINE_CURVE_WITH_KNOTS('',1,(#3314,#3315),.UNSPECIFIED.,.F.,
  .F.,(2,2),(0.,11.),.PIECEWISE_BEZIER_KNOTS.);
#3314 = CARTESIAN_POINT('',(-86.,-34.,3.));
#3315 = CARTESIAN_POINT('',(-86.,-34.,14.));
#3316 = B_SPLINE_SURFACE_WITH_KNOTS('',1,1,(
    (#3317,#3318)
    ,(#3319,#3320
    )),.UNSPECIFIED.,.F.,.F.,.F.,(2,2),(2,2),(0.,11.),(0.,28.),
  .PIECEWISE_BEZIER_KNOTS.);
#3317 = CARTESIAN_POINT('',(-58.,-34.,3.));
#3318 = CARTESIAN_POINT('',(-86.,-34.,3.));
#3319 = CARTESIAN_POINT('',(-58.,-34.,14.));
#3320 = CARTESIAN_POINT('',(-86.,-34.,14.));
#3321 = ADVANCED_FACE('',(#3322,#3338,#3450),#3550,.T.);
#3322 = FACE_BOUND('',#3323,.T.);
#3323 = EDGE_LOOP('',(#3324,#3325,#3326,#3333));
#3324 = ORIENTED_EDGE('',*,*,#2177,.F.);
#3325 = ORIENTED_EDGE('',*,*,#3297,.T.);
#3326 = ORIENTED_EDGE('',*,*,#3327,.T.);
#3327 = EDGE_CURVE('',#3298,#3328,#3330,.T.);
#3328 = VERTEX_POINT('',#3329);
#3329 = CARTESIAN_POINT('',(-86.,-10.8,3.));
#3330 = B_SPLINE_CURVE_WITH_KNOTS('',1,(#3331,#3332),.UNSPECIFIED.,.F.,
  .F.,(2,2),(0.,23.2),.PIECEWISE_BEZIER_KNOTS.);
#3331 = CARTESIAN_POINT('',(-86.,-34.,3.));
#3332 = CARTESIAN_POINT('',(-86.,-10.8,3.));
#3333 = ORIENTED_EDGE('',*,*,#3334,.F.);
#3334 = EDGE_CURVE('',#2171,#3328,#3335,.T.);
#3335 = B_SPLINE_CURVE_WITH_KNOTS('',1,(#3336,#3337),.UNSPECIFIED.,.F.,
  .F.,(2,2),(0.,28.),.PIECEWISE_BEZIER_KNOTS.);
#3336 = CARTESIAN_POINT('',(-58.,-10.8,3.));
#3337 = CARTESIAN_POINT('',(-86.,-10.8,3.));
#3338 = FACE_BOUND('',#3339,.T.);
#3339 = EDGE_LOOP('',(#3340,#3439));
#3340 = ORIENTED_EDGE('',*,*,#3341,.T.);
#3341 = EDGE_CURVE('',#3342,#3344,#3346,.T.);
#3342 = VERTEX_POINT('',#3343);
#3343 = CARTESIAN_POINT('',(-63.3,-22.,3.));
#3344 = VERTEX_POINT('',#3345);
#3345 = CARTESIAN_POINT('',(-64.12860646612,-23.94624927523,3.));
#3346 = B_SPLINE_CURVE_WITH_KNOTS('',6,(#3347,#3348,#3349,#3350,#3351,
    #3352,#3353,#3354,#3355,#3356,#3357,#3358,#3359,#3360,#3361,#3362,
    #3363,#3364,#3365,#3366,#3367,#3368,#3369,#3370,#3371,#3372,#3373,
    #3374,#3375,#3376,#3377,#3378,#3379,#3380,#3381,#3382,#3383,#3384,
    #3385,#3386,#3387,#3388,#3389,#3390,#3391,#3392,#3393,#3394,#3395,
    #3396,#3397,#3398,#3399,#3400,#3401,#3402,#3403,#3404,#3405,#3406,
    #3407,#3408,#3409,#3410,#3411,#3412,#3413,#3414,#3415,#3416,#3417,
    #3418,#3419,#3420,#3421,#3422,#3423,#3424,#3425,#3426,#3427,#3428,
    #3429,#3430,#3431,#3432,#3433,#3434,#3435,#3436,#3437,#3438),
  .UNSPECIFIED.,.F.,.F.,(7,5,5,5,5,5,5,5,5,5,5,5,5,5,5,5,5,5,7),(0.,
    9.18930011961E-02,0.125953280171,0.161337464757,0.220839586256,
    0.286686218302,0.353582771786,0.412816272739,0.446427278878,
    0.475404785802,0.572710984274,0.653467246608,0.708149859986,
    0.774013544391,0.812690594925,0.862475902952,0.908186227473,
    0.948856028552,1.),.UNSPECIFIED.);
#3347 = CARTESIAN_POINT('',(-63.3,-22.,3.));
#3348 = CARTESIAN_POINT('',(-63.3,-21.77347059262,3.));
#3349 = CARTESIAN_POINT('',(-63.32280698673,-21.54690816797,3.));
#3350 = CARTESIAN_POINT('',(-63.36843281953,-21.3232570762,3.));
#3351 = CARTESIAN_POINT('',(-63.4363617794,-21.10534132602,3.));
#3352 = CARTESIAN_POINT('',(-63.52568343943,-20.89588356455,3.));
#3353 = CARTESIAN_POINT('',(-63.67547231169,-20.62391101813,3.));
#3354 = CARTESIAN_POINT('',(-63.71872289791,-20.55187555815,3.));
#3355 = CARTESIAN_POINT('',(-63.76464738255,-20.48147992816,3.));
#3356 = CARTESIAN_POINT('',(-63.81316745178,-20.41284750803,3.));
#3357 = CARTESIAN_POINT('',(-63.86419726729,-20.34609656832,3.));
#3358 = CARTESIAN_POINT('',(-63.97316709172,-20.21406692804,3.));
#3359 = CARTESIAN_POINT('',(-64.03129896184,-20.14894586512,3.));
#3360 = CARTESIAN_POINT('',(-64.09193433143,-20.08610395339,3.));
#3361 = CARTESIAN_POINT('',(-64.15496097417,-20.02566056439,3.));
#3362 = CARTESIAN_POINT('',(-64.22025918268,-19.9677275694,3.));
#3363 = CARTESIAN_POINT('',(-64.40111336701,-19.81938608378,3.));
#3364 = CARTESIAN_POINT('',(-64.52059228115,-19.73375429806,3.));
#3365 = CARTESIAN_POINT('',(-64.6455295623,-19.65601277168,3.));
#3366 = CARTESIAN_POINT('',(-64.77527237878,-19.58658769275,3.));
#3367 = CARTESIAN_POINT('',(-64.90912550844,-19.52583180084,3.));
#3368 = CARTESIAN_POINT('',(-65.19821224057,-19.41669113861,3.));
#3369 = CARTESIAN_POINT('',(-65.35421352063,-19.37031271302,3.));
#3370 = CARTESIAN_POINT('',(-65.5133563122,-19.33526495391,3.));
#3371 = CARTESIAN_POINT('',(-65.67461434616,-19.31179994086,3.));
#3372 = CARTESIAN_POINT('',(-65.83693852317,-19.30004458991,3.));
#3373 = CARTESIAN_POINT('',(-66.16416967167,-19.29995490353,3.));
#3374 = CARTESIAN_POINT('',(-66.32908959653,-19.31199646583,3.));
#3375 = CARTESIAN_POINT('',(-66.492897246,-19.33612695358,3.));
#3376 = CARTESIAN_POINT('',(-66.65449403429,-19.37220614424,3.));
#3377 = CARTESIAN_POINT('',(-66.8128039789,-19.4199719092,3.));
#3378 = CARTESIAN_POINT('',(-67.10311729628,-19.53130523048,3.));
#3379 = CARTESIAN_POINT('',(-67.23606499772,-19.59243934705,3.));
#3380 = CARTESIAN_POINT('',(-67.36489805817,-19.66214451925,3.));
#3381 = CARTESIAN_POINT('',(-67.48893228011,-19.74006953476,3.));
#3382 = CARTESIAN_POINT('',(-67.60752541874,-19.82579123788,3.));
#3383 = CARTESIAN_POINT('',(-67.78394496835,-19.97160026019,3.));
#3384 = CARTESIAN_POINT('',(-67.84586763792,-20.0267371639,3.));
#3385 = CARTESIAN_POINT('',(-67.90573800496,-20.08413624944,3.));
#3386 = CARTESIAN_POINT('',(-67.96345351825,-20.14370158231,3.));
#3387 = CARTESIAN_POINT('',(-68.01891771054,-20.20533111623,3.));
#3388 = CARTESIAN_POINT('',(-68.11783940079,-20.32373657823,3.));
#3389 = CARTESIAN_POINT('',(-68.16189821815,-20.38001058703,3.));
#3390 = CARTESIAN_POINT('',(-68.20415879857,-20.43766945574,3.));
#3391 = CARTESIAN_POINT('',(-68.2445671771,-20.49664116614,3.));
#3392 = CARTESIAN_POINT('',(-68.28307327593,-20.55685094558,3.));
#3393 = CARTESIAN_POINT('',(-68.44239108069,-20.82430223478,3.));
#3394 = CARTESIAN_POINT('',(-68.54320363802,-21.04350920824,3.));
#3395 = CARTESIAN_POINT('',(-68.62025873428,-21.27283692379,3.));
#3396 = CARTESIAN_POINT('',(-68.67240582817,-21.50907665667,3.));
#3397 = CARTESIAN_POINT('',(-68.69897780609,-21.74888581143,3.));
#3398 = CARTESIAN_POINT('',(-68.70080550812,-22.18783198595,3.));
#3399 = CARTESIAN_POINT('',(-68.68402074043,-22.38699667767,3.));
#3400 = CARTESIAN_POINT('',(-68.64960852428,-22.58426546973,3.));
#3401 = CARTESIAN_POINT('',(-68.5978640452,-22.77771250326,3.));
#3402 = CARTESIAN_POINT('',(-68.52932907578,-22.9654665092,3.));
#3403 = CARTESIAN_POINT('',(-68.38765058382,-23.26779172449,3.));
#3404 = CARTESIAN_POINT('',(-68.32313469831,-23.38642872634,3.));
#3405 = CARTESIAN_POINT('',(-68.25156385655,-23.50108859162,3.));
#3406 = CARTESIAN_POINT('',(-68.17324807607,-23.61125177543,3.));
#3407 = CARTESIAN_POINT('',(-68.08854770989,-23.71643225413,3.));
#3408 = CARTESIAN_POINT('',(-67.88865755963,-23.93631985379,3.));
#3409 = CARTESIAN_POINT('',(-67.77076800902,-24.0485844684,3.));
#3410 = CARTESIAN_POINT('',(-67.64492461375,-24.15218100043,3.));
#3411 = CARTESIAN_POINT('',(-67.51192758291,-24.24641770818,3.));
#3412 = CARTESIAN_POINT('',(-67.37265440171,-24.33070415849,3.));
#3413 = CARTESIAN_POINT('',(-67.1431457061,-24.44791921796,3.));
#3414 = CARTESIAN_POINT('',(-67.05639604852,-24.48768742175,3.));
#3415 = CARTESIAN_POINT('',(-66.96799985602,-24.52375988136,3.));
#3416 = CARTESIAN_POINT('',(-66.87815408162,-24.55605295682,3.));
#3417 = CARTESIAN_POINT('',(-66.78706109291,-24.5844971319,3.));
#3418 = CARTESIAN_POINT('',(-66.57633532295,-24.64062488275,3.));
#3419 = CARTESIAN_POINT('',(-66.45601750638,-24.66574427071,3.));
#3420 = CARTESIAN_POINT('',(-66.33441950153,-24.68427703074,3.));
#3421 = CARTESIAN_POINT('',(-66.21199132238,-24.69614616725,3.));
#3422 = CARTESIAN_POINT('',(-66.08918811533,-24.70131591037,3.));
#3423 = CARTESIAN_POINT('',(-65.85379565054,-24.6983924206,3.));
#3424 = CARTESIAN_POINT('',(-65.74119077159,-24.69135013732,3.));
#3425 = CARTESIAN_POINT('',(-65.62901038047,-24.67866945209,3.));
#3426 = CARTESIAN_POINT('',(-65.51760622416,-24.66038418464,3.));
#3427 = CARTESIAN_POINT('',(-65.40732597046,-24.63655739199,3.));
#3428 = CARTESIAN_POINT('',(-65.20169864706,-24.58123350854,3.));
#3429 = CARTESIAN_POINT('',(-65.10604452627,-24.55087161318,3.));
#3430 = CARTESIAN_POINT('',(-65.01179201931,-24.51626066444,3.));
#3431 = CARTESIAN_POINT('',(-64.91917590816,-24.47748293034,3.));
#3432 = CARTESIAN_POINT('',(-64.82842421731,-24.4346378945,3.));
#3433 = CARTESIAN_POINT('',(-64.62825701555,-24.32899478879,3.));
#3434 = CARTESIAN_POINT('',(-64.52005192385,-24.26389855106,3.));
#3435 = CARTESIAN_POINT('',(-64.41558355333,-24.19278634613,3.));
#3436 = CARTESIAN_POINT('',(-64.31526621504,-24.11592892157,3.));
#3437 = CARTESIAN_POINT('',(-64.21948726723,-24.03363466091,3.));
#3438 = CARTESIAN_POINT('',(-64.12860646612,-23.94624927523,3.));
#3439 = ORIENTED_EDGE('',*,*,#3440,.T.);
#3440 = EDGE_CURVE('',#3344,#3342,#3441,.T.);
#3441 = B_SPLINE_CURVE_WITH_KNOTS('',7,(#3442,#3443,#3444,#3445,#3446,
    #3447,#3448,#3449),.UNSPECIFIED.,.F.,.F.,(8,8),(0.,1.),
  .PIECEWISE_BEZIER_KNOTS.);
#3442 = CARTESIAN_POINT('',(-64.12860646612,-23.94624927523,3.));
#3443 = CARTESIAN_POINT('',(-63.9048451622,-23.73109417532,3.));
#3444 = CARTESIAN_POINT('',(-63.70976487945,-23.48575220764,3.));
#3445 = CARTESIAN_POINT('',(-63.54860088355,-23.21510458661,3.));
#3446 = CARTESIAN_POINT('',(-63.42502487276,-22.92484351426,3.));
#3447 = CARTESIAN_POINT('',(-63.3416401795,-22.62108762258,3.));
#3448 = CARTESIAN_POINT('',(-63.3,-22.310426153,3.));
#3449 = CARTESIAN_POINT('',(-63.3,-22.,3.));
#3450 = FACE_BOUND('',#3451,.T.);
#3451 = EDGE_LOOP('',(#3452,#3539));
#3452 = ORIENTED_EDGE('',*,*,#3453,.T.);
#3453 = EDGE_CURVE('',#3454,#3456,#3458,.T.);
#3454 = VERTEX_POINT('',#3455);
#3455 = CARTESIAN_POINT('',(-75.3,-22.,3.));
#3456 = VERTEX_POINT('',#3457);
#3457 = CARTESIAN_POINT('',(-75.87104377375,-23.66058585647,3.));
#3458 = B_SPLINE_CURVE_WITH_KNOTS('',7,(#3459,#3460,#3461,#3462,#3463,
    #3464,#3465,#3466,#3467,#3468,#3469,#3470,#3471,#3472,#3473,#3474,
    #3475,#3476,#3477,#3478,#3479,#3480,#3481,#3482,#3483,#3484,#3485,
    #3486,#3487,#3488,#3489,#3490,#3491,#3492,#3493,#3494,#3495,#3496,
    #3497,#3498,#3499,#3500,#3501,#3502,#3503,#3504,#3505,#3506,#3507,
    #3508,#3509,#3510,#3511,#3512,#3513,#3514,#3515,#3516,#3517,#3518,
    #3519,#3520,#3521,#3522,#3523,#3524,#3525,#3526,#3527,#3528,#3529,
    #3530,#3531,#3532,#3533,#3534,#3535,#3536,#3537,#3538),
  .UNSPECIFIED.,.F.,.F.,(8,6,6,6,6,6,6,6,6,6,6,6,6,8),(0.,
    8.014711057157E-02,0.158482450309,0.27851577027,0.367536544937,
    0.403090596038,0.435727308635,0.463903863798,0.558666590523,
    0.662364944869,0.718076121631,0.837959027968,0.932423202885,1.),
  .UNSPECIFIED.);
#3459 = CARTESIAN_POINT('',(-75.3,-22.,3.));
#3460 = CARTESIAN_POINT('',(-75.3,-21.82625091494,3.));
#3461 = CARTESIAN_POINT('',(-75.31304453558,-21.65248821588,3.));
#3462 = CARTESIAN_POINT('',(-75.33913715958,-21.47991132368,3.));
#3463 = CARTESIAN_POINT('',(-75.37813878884,-21.30969050129,3.));
#3464 = CARTESIAN_POINT('',(-75.42978753794,-21.14296896429,3.));
#3465 = CARTESIAN_POINT('',(-75.49369913503,-20.98086078841,3.));
#3466 = CARTESIAN_POINT('',(-75.64328662121,-20.67156431567,3.));
#3467 = CARTESIAN_POINT('',(-75.72844882622,-20.52409888672,3.));
#3468 = CARTESIAN_POINT('',(-75.82435022037,-20.38305669475,3.));
#3469 = CARTESIAN_POINT('',(-75.93040105347,-20.24936638102,3.));
#3470 = CARTESIAN_POINT('',(-76.04592080847,-20.12388598877,3.));
#3471 = CARTESIAN_POINT('',(-76.17013930001,-20.00740139042,3.));
#3472 = CARTESIAN_POINT('',(-76.50451674079,-19.73698360883,3.));
#3473 = CARTESIAN_POINT('',(-76.72532811169,-19.59603900106,3.));
#3474 = CARTESIAN_POINT('',(-76.96142852379,-19.48041001087,3.));
#3475 = CARTESIAN_POINT('',(-77.20931533524,-19.39197759324,3.));
#3476 = CARTESIAN_POINT('',(-77.46528900149,-19.33206102097,3.));
#3477 = CARTESIAN_POINT('',(-77.72544835799,-19.30141973387,3.));
#3478 = CARTESIAN_POINT('',(-78.17864862278,-19.29901336391,3.));
#3479 = CARTESIAN_POINT('',(-78.37174105458,-19.31408150023,3.));
#3480 = CARTESIAN_POINT('',(-78.56329045708,-19.3452576708,3.));
#3481 = CARTESIAN_POINT('',(-78.75169437718,-19.39233645777,3.));
#3482 = CARTESIAN_POINT('',(-78.93539418847,-19.45492865553,3.));
#3483 = CARTESIAN_POINT('',(-79.11287885075,-19.53246183782,3.));
#3484 = CARTESIAN_POINT('',(-79.35052064982,-19.66076190719,3.));
#3485 = CARTESIAN_POINT('',(-79.41712506472,-19.69963815464,3.));
#3486 = CARTESIAN_POINT('',(-79.48241951643,-19.74072443897,3.));
#3487 = CARTESIAN_POINT('',(-79.5463162249,-19.78396754917,3.));
#3488 = CARTESIAN_POINT('',(-79.60873028353,-19.82931002634,3.));
#3489 = CARTESIAN_POINT('',(-79.66957965919,-19.87669016365,3.));
#3490 = CARTESIAN_POINT('',(-79.78313269705,-19.97134435192,3.));
#3491 = CARTESIAN_POINT('',(-79.83609530403,-20.01830830764,3.));
#3492 = CARTESIAN_POINT('',(-79.88761184891,-20.06688286844,3.));
#3493 = CARTESIAN_POINT('',(-79.93762374532,-20.11701445849,3.));
#3494 = CARTESIAN_POINT('',(-79.98607498475,-20.16864693123,3.));
#3495 = CARTESIAN_POINT('',(-80.03291213656,-20.22172156936,3.));
#3496 = CARTESIAN_POINT('',(-80.11708329136,-20.32319066912,3.));
#3497 = CARTESIAN_POINT('',(-80.15484139268,-20.37123364842,3.));
#3498 = CARTESIAN_POINT('',(-80.19132596671,-20.42026661082,3.));
#3499 = CARTESIAN_POINT('',(-80.22650598222,-20.47024898054,3.));
#3500 = CARTESIAN_POINT('',(-80.26035206201,-20.52113901795,3.));
#3501 = CARTESIAN_POINT('',(-80.29283648287,-20.57289381959,3.));
#3502 = CARTESIAN_POINT('',(-80.42851684032,-20.80228999687,3.));
#3503 = CARTESIAN_POINT('',(-80.51742061866,-20.98842176777,3.));
#3504 = CARTESIAN_POINT('',(-80.58961832885,-21.18214849925,3.));
#3505 = CARTESIAN_POINT('',(-80.64436559975,-21.38166799564,3.));
#3506 = CARTESIAN_POINT('',(-80.68114981354,-21.585111638,3.));
#3507 = CARTESIAN_POINT('',(-80.69969147594,-21.79054998811,3.));
#3508 = CARTESIAN_POINT('',(-80.7003313623,-22.22079010566,3.));
#3509 = CARTESIAN_POINT('',(-80.6788283691,-22.44567688364,3.));
#3510 = CARTESIAN_POINT('',(-80.63546821379,-22.66801095714,3.));
#3511 = CARTESIAN_POINT('',(-80.57064851248,-22.8852672748,3.));
#3512 = CARTESIAN_POINT('',(-80.48509476619,-23.09501330741,3.));
#3513 = CARTESIAN_POINT('',(-80.37985790593,-23.29491848253,3.));
#3514 = CARTESIAN_POINT('',(-80.19007151163,-23.58372137794,3.));
#3515 = CARTESIAN_POINT('',(-80.11847546791,-23.68119380886,3.));
#3516 = CARTESIAN_POINT('',(-80.04182975521,-23.77487372696,3.));
#3517 = CARTESIAN_POINT('',(-79.96037662022,-23.86444872051,3.));
#3518 = CARTESIAN_POINT('',(-79.87438134691,-23.94962703375,3.));
#3519 = CARTESIAN_POINT('',(-79.78413199927,-24.03013785623,3.));
#3520 = CARTESIAN_POINT('',(-79.48724894063,-24.2683991356,3.));
#3521 = CARTESIAN_POINT('',(-79.26621130546,-24.4083684458,3.));
#3522 = CARTESIAN_POINT('',(-79.03001359076,-24.52303192726,3.));
#3523 = CARTESIAN_POINT('',(-78.78215171092,-24.61052782335,3.));
#3524 = CARTESIAN_POINT('',(-78.52631574179,-24.66955403967,3.));
#3525 = CARTESIAN_POINT('',(-78.26639454395,-24.69936634691,3.));
#3526 = CARTESIAN_POINT('',(-77.80171368845,-24.70048530366,3.));
#3527 = CARTESIAN_POINT('',(-77.59685149212,-24.68285699112,3.));
#3528 = CARTESIAN_POINT('',(-77.39389448392,-24.64709321164,3.));
#3529 = CARTESIAN_POINT('',(-77.19475517174,-24.59346244869,3.));
#3530 = CARTESIAN_POINT('',(-77.00128697224,-24.52246370526,3.));
#3531 = CARTESIAN_POINT('',(-76.81527875437,-24.43482522388,3.));
#3532 = CARTESIAN_POINT('',(-76.5119281835,-24.2576767587,3.));
#3533 = CARTESIAN_POINT('',(-76.39009160479,-24.17578828256,3.));
#3534 = CARTESIAN_POINT('',(-76.27354445875,-24.0862478853,3.));
#3535 = CARTESIAN_POINT('',(-76.16285850497,-23.98946978462,3.));
#3536 = CARTESIAN_POINT('',(-76.05856328307,-23.88591702573,3.));
#3537 = CARTESIAN_POINT('',(-75.96114551715,-23.77610091211,3.));
#3538 = CARTESIAN_POINT('',(-75.87104377375,-23.66058585647,3.));
#3539 = ORIENTED_EDGE('',*,*,#3540,.T.);
#3540 = EDGE_CURVE('',#3456,#3454,#3541,.T.);
#3541 = B_SPLINE_CURVE_WITH_KNOTS('',7,(#3542,#3543,#3544,#3545,#3546,
    #3547,#3548,#3549),.UNSPECIFIED.,.F.,.F.,(8,8),(0.,1.),
  .PIECEWISE_BEZIER_KNOTS.);
#3542 = CARTESIAN_POINT('',(-75.87104377375,-23.66058585647,3.));
#3543 = CARTESIAN_POINT('',(-75.71391754085,-23.45914196814,3.));
#3544 = CARTESIAN_POINT('',(-75.57897139171,-23.24027846814,3.));
#3545 = CARTESIAN_POINT('',(-75.46863494679,-23.00705330042,3.));
#3546 = CARTESIAN_POINT('',(-75.38464260103,-22.76280402116,3.));
#3547 = CARTESIAN_POINT('',(-75.32820292653,-22.51104641412,3.));
#3548 = CARTESIAN_POINT('',(-75.3,-22.25547787666,3.));
#3549 = CARTESIAN_POINT('',(-75.3,-22.,3.));
#3550 = B_SPLINE_SURFACE_WITH_KNOTS('',1,1,(
    (#3551,#3552)
    ,(#3553,#3554
    )),.UNSPECIFIED.,.F.,.F.,.F.,(2,2),(2,2),(0.,28.),(0.,23.2),
  .PIECEWISE_BEZIER_KNOTS.);
#3551 = CARTESIAN_POINT('',(-58.,-34.,3.));
#3552 = CARTESIAN_POINT('',(-58.,-10.8,3.));
#3553 = CARTESIAN_POINT('',(-86.,-34.,3.));
#3554 = CARTESIAN_POINT('',(-86.,-10.8,3.));
#3555 = ADVANCED_FACE('',(#3556),#3572,.F.);
#3556 = FACE_BOUND('',#3557,.F.);
#3557 = EDGE_LOOP('',(#3558,#3559,#3560,#3567));
#3558 = ORIENTED_EDGE('',*,*,#3334,.F.);
#3559 = ORIENTED_EDGE('',*,*,#2170,.T.);
#3560 = ORIENTED_EDGE('',*,*,#3561,.T.);
#3561 = EDGE_CURVE('',#2163,#3562,#3564,.T.);
#3562 = VERTEX_POINT('',#3563);
#3563 = CARTESIAN_POINT('',(-86.,-10.8,14.));
#3564 = B_SPLINE_CURVE_WITH_KNOTS('',1,(#3565,#3566),.UNSPECIFIED.,.F.,
  .F.,(2,2),(0.,28.),.PIECEWISE_BEZIER_KNOTS.);
#3565 = CARTESIAN_POINT('',(-58.,-10.8,14.));
#3566 = CARTESIAN_POINT('',(-86.,-10.8,14.));
#3567 = ORIENTED_EDGE('',*,*,#3568,.F.);
#3568 = EDGE_CURVE('',#3328,#3562,#3569,.T.);
#3569 = B_SPLINE_CURVE_WITH_KNOTS('',1,(#3570,#3571),.UNSPECIFIED.,.F.,
  .F.,(2,2),(0.,11.),.PIECEWISE_BEZIER_KNOTS.);
#3570 = CARTESIAN_POINT('',(-86.,-10.8,3.));
#3571 = CARTESIAN_POINT('',(-86.,-10.8,14.));
#3572 = B_SPLINE_SURFACE_WITH_KNOTS('',1,1,(
    (#3573,#3574)
    ,(#3575,#3576
    )),.UNSPECIFIED.,.F.,.F.,.F.,(2,2),(2,2),(0.,11.),(0.,28.),
  .PIECEWISE_BEZIER_KNOTS.);
#3573 = CARTESIAN_POINT('',(-58.,-10.8,3.));
#3574 = CARTESIAN_POINT('',(-86.,-10.8,3.));
#3575 = CARTESIAN_POINT('',(-58.,-10.8,14.));
#3576 = CARTESIAN_POINT('',(-86.,-10.8,14.));
#3577 = ADVANCED_FACE('',(#3578),#3589,.T.);
#3578 = FACE_BOUND('',#3579,.T.);
#3579 = EDGE_LOOP('',(#3580,#3586,#3587,#3588));
#3580 = ORIENTED_EDGE('',*,*,#3581,.F.);
#3581 = EDGE_CURVE('',#3015,#2232,#3582,.T.);
#3582 = LINE('',#3583,#3584);
#3583 = CARTESIAN_POINT('',(-42.,-30.,10.5));
#3584 = VECTOR('',#3585,1.);
#3585 = DIRECTION('',(0.,0.,1.));
#3586 = ORIENTED_EDGE('',*,*,#3014,.T.);
#3587 = ORIENTED_EDGE('',*,*,#2996,.T.);
#3588 = ORIENTED_EDGE('',*,*,#2239,.F.);
#3589 = PLANE('',#3590);
#3590 = AXIS2_PLACEMENT_3D('',#3591,#3592,#3593);
#3591 = CARTESIAN_POINT('',(-42.,-30.,10.5));
#3592 = DIRECTION('',(1.,0.,0.));
#3593 = DIRECTION('',(0.,0.,1.));
#3594 = ADVANCED_FACE('',(#3595),#3603,.T.);
#3595 = FACE_BOUND('',#3596,.T.);
#3596 = EDGE_LOOP('',(#3597,#3598,#3599,#3600,#3601,#3602));
#3597 = ORIENTED_EDGE('',*,*,#3022,.F.);
#3598 = ORIENTED_EDGE('',*,*,#3581,.T.);
#3599 = ORIENTED_EDGE('',*,*,#2231,.F.);
#3600 = ORIENTED_EDGE('',*,*,#2600,.T.);
#3601 = ORIENTED_EDGE('',*,*,#2622,.T.);
#3602 = ORIENTED_EDGE('',*,*,#2942,.F.);
#3603 = PLANE('',#3604);
#3604 = AXIS2_PLACEMENT_3D('',#3605,#3606,#3607);
#3605 = CARTESIAN_POINT('',(-42.,-30.,10.5));
#3606 = DIRECTION('',(0.,1.,0.));
#3607 = DIRECTION('',(0.,0.,1.));
#3608 = ADVANCED_FACE('',(#3609,#3619,#3731),#3831,.F.);
#3609 = FACE_BOUND('',#3610,.F.);
#3610 = EDGE_LOOP('',(#3611,#3612,#3613,#3618));
#3611 = ORIENTED_EDGE('',*,*,#2208,.F.);
#3612 = ORIENTED_EDGE('',*,*,#3305,.T.);
#3613 = ORIENTED_EDGE('',*,*,#3614,.T.);
#3614 = EDGE_CURVE('',#3306,#3562,#3615,.T.);
#3615 = B_SPLINE_CURVE_WITH_KNOTS('',1,(#3616,#3617),.UNSPECIFIED.,.F.,
  .F.,(2,2),(0.,23.2),.PIECEWISE_BEZIER_KNOTS.);
#3616 = CARTESIAN_POINT('',(-86.,-34.,14.));
#3617 = CARTESIAN_POINT('',(-86.,-10.8,14.));
#3618 = ORIENTED_EDGE('',*,*,#3561,.F.);
#3619 = FACE_BOUND('',#3620,.F.);
#3620 = EDGE_LOOP('',(#3621,#3720));
#3621 = ORIENTED_EDGE('',*,*,#3622,.T.);
#3622 = EDGE_CURVE('',#3623,#3625,#3627,.T.);
#3623 = VERTEX_POINT('',#3624);
#3624 = CARTESIAN_POINT('',(-63.3,-22.,14.));
#3625 = VERTEX_POINT('',#3626);
#3626 = CARTESIAN_POINT('',(-64.12860646612,-23.94624927523,14.));
#3627 = B_SPLINE_CURVE_WITH_KNOTS('',6,(#3628,#3629,#3630,#3631,#3632,
    #3633,#3634,#3635,#3636,#3637,#3638,#3639,#3640,#3641,#3642,#3643,
    #3644,#3645,#3646,#3647,#3648,#3649,#3650,#3651,#3652,#3653,#3654,
    #3655,#3656,#3657,#3658,#3659,#3660,#3661,#3662,#3663,#3664,#3665,
    #3666,#3667,#3668,#3669,#3670,#3671,#3672,#3673,#3674,#3675,#3676,
    #3677,#3678,#3679,#3680,#3681,#3682,#3683,#3684,#3685,#3686,#3687,
    #3688,#3689,#3690,#3691,#3692,#3693,#3694,#3695,#3696,#3697,#3698,
    #3699,#3700,#3701,#3702,#3703,#3704,#3705,#3706,#3707,#3708,#3709,
    #3710,#3711,#3712,#3713,#3714,#3715,#3716,#3717,#3718,#3719),
  .UNSPECIFIED.,.F.,.F.,(7,5,5,5,5,5,5,5,5,5,5,5,5,5,5,5,5,5,7),(0.,
    9.189300119607E-02,0.125953280171,0.161337464757,0.220839586256,
    0.286686218302,0.353582771786,0.412816272739,0.446427278878,
    0.475404785802,0.572710984274,0.653467246608,0.708149859986,
    0.774013544391,0.812690594925,0.862475902952,0.908186227473,
    0.948856028552,1.),.UNSPECIFIED.);
#3628 = CARTESIAN_POINT('',(-63.3,-22.,14.));
#3629 = CARTESIAN_POINT('',(-63.3,-21.77347059262,14.));
#3630 = CARTESIAN_POINT('',(-63.32280698673,-21.54690816797,14.));
#3631 = CARTESIAN_POINT('',(-63.36843281953,-21.3232570762,14.));
#3632 = CARTESIAN_POINT('',(-63.4363617794,-21.10534132602,14.));
#3633 = CARTESIAN_POINT('',(-63.52568343943,-20.89588356455,14.));
#3634 = CARTESIAN_POINT('',(-63.67547231169,-20.62391101813,14.));
#3635 = CARTESIAN_POINT('',(-63.71872289791,-20.55187555815,14.));
#3636 = CARTESIAN_POINT('',(-63.76464738255,-20.48147992816,14.));
#3637 = CARTESIAN_POINT('',(-63.81316745178,-20.41284750803,14.));
#3638 = CARTESIAN_POINT('',(-63.86419726729,-20.34609656832,14.));
#3639 = CARTESIAN_POINT('',(-63.97316709172,-20.21406692804,14.));
#3640 = CARTESIAN_POINT('',(-64.03129896184,-20.14894586512,14.));
#3641 = CARTESIAN_POINT('',(-64.09193433143,-20.08610395339,14.));
#3642 = CARTESIAN_POINT('',(-64.15496097417,-20.02566056439,14.));
#3643 = CARTESIAN_POINT('',(-64.22025918268,-19.9677275694,14.));
#3644 = CARTESIAN_POINT('',(-64.40111336701,-19.81938608378,14.));
#3645 = CARTESIAN_POINT('',(-64.52059228115,-19.73375429806,14.));
#3646 = CARTESIAN_POINT('',(-64.6455295623,-19.65601277168,14.));
#3647 = CARTESIAN_POINT('',(-64.77527237878,-19.58658769275,14.));
#3648 = CARTESIAN_POINT('',(-64.90912550844,-19.52583180084,14.));
#3649 = CARTESIAN_POINT('',(-65.19821224057,-19.41669113861,14.));
#3650 = CARTESIAN_POINT('',(-65.35421352063,-19.37031271302,14.));
#3651 = CARTESIAN_POINT('',(-65.5133563122,-19.33526495391,14.));
#3652 = CARTESIAN_POINT('',(-65.67461434616,-19.31179994086,14.));
#3653 = CARTESIAN_POINT('',(-65.83693852317,-19.30004458991,14.));
#3654 = CARTESIAN_POINT('',(-66.16416967167,-19.29995490353,14.));
#3655 = CARTESIAN_POINT('',(-66.32908959653,-19.31199646583,14.));
#3656 = CARTESIAN_POINT('',(-66.492897246,-19.33612695358,14.));
#3657 = CARTESIAN_POINT('',(-66.65449403429,-19.37220614424,14.));
#3658 = CARTESIAN_POINT('',(-66.8128039789,-19.4199719092,14.));
#3659 = CARTESIAN_POINT('',(-67.10311729628,-19.53130523048,14.));
#3660 = CARTESIAN_POINT('',(-67.23606499772,-19.59243934705,14.));
#3661 = CARTESIAN_POINT('',(-67.36489805817,-19.66214451925,14.));
#3662 = CARTESIAN_POINT('',(-67.48893228011,-19.74006953476,14.));
#3663 = CARTESIAN_POINT('',(-67.60752541874,-19.82579123788,14.));
#3664 = CARTESIAN_POINT('',(-67.78394496835,-19.97160026019,14.));
#3665 = CARTESIAN_POINT('',(-67.84586763792,-20.0267371639,14.));
#3666 = CARTESIAN_POINT('',(-67.90573800496,-20.08413624944,14.));
#3667 = CARTESIAN_POINT('',(-67.96345351825,-20.14370158231,14.));
#3668 = CARTESIAN_POINT('',(-68.01891771054,-20.20533111623,14.));
#3669 = CARTESIAN_POINT('',(-68.11783940079,-20.32373657823,14.));
#3670 = CARTESIAN_POINT('',(-68.16189821815,-20.38001058703,14.));
#3671 = CARTESIAN_POINT('',(-68.20415879857,-20.43766945574,14.));
#3672 = CARTESIAN_POINT('',(-68.2445671771,-20.49664116614,14.));
#3673 = CARTESIAN_POINT('',(-68.28307327593,-20.55685094558,14.));
#3674 = CARTESIAN_POINT('',(-68.44239108069,-20.82430223478,14.));
#3675 = CARTESIAN_POINT('',(-68.54320363802,-21.04350920824,14.));
#3676 = CARTESIAN_POINT('',(-68.62025873428,-21.27283692379,14.));
#3677 = CARTESIAN_POINT('',(-68.67240582817,-21.50907665667,14.));
#3678 = CARTESIAN_POINT('',(-68.69897780609,-21.74888581143,14.));
#3679 = CARTESIAN_POINT('',(-68.70080550812,-22.18783198595,14.));
#3680 = CARTESIAN_POINT('',(-68.68402074043,-22.38699667767,14.));
#3681 = CARTESIAN_POINT('',(-68.64960852428,-22.58426546973,14.));
#3682 = CARTESIAN_POINT('',(-68.5978640452,-22.77771250326,14.));
#3683 = CARTESIAN_POINT('',(-68.52932907578,-22.9654665092,14.));
#3684 = CARTESIAN_POINT('',(-68.38765058382,-23.26779172449,14.));
#3685 = CARTESIAN_POINT('',(-68.32313469831,-23.38642872634,14.));
#3686 = CARTESIAN_POINT('',(-68.25156385655,-23.50108859162,14.));
#3687 = CARTESIAN_POINT('',(-68.17324807607,-23.61125177543,14.));
#3688 = CARTESIAN_POINT('',(-68.08854770989,-23.71643225413,14.));
#3689 = CARTESIAN_POINT('',(-67.88865755963,-23.93631985379,14.));
#3690 = CARTESIAN_POINT('',(-67.77076800902,-24.0485844684,14.));
#3691 = CARTESIAN_POINT('',(-67.64492461375,-24.15218100043,14.));
#3692 = CARTESIAN_POINT('',(-67.51192758291,-24.24641770818,14.));
#3693 = CARTESIAN_POINT('',(-67.37265440171,-24.33070415849,14.));
#3694 = CARTESIAN_POINT('',(-67.1431457061,-24.44791921796,14.));
#3695 = CARTESIAN_POINT('',(-67.05639604852,-24.48768742175,14.));
#3696 = CARTESIAN_POINT('',(-66.96799985602,-24.52375988136,14.));
#3697 = CARTESIAN_POINT('',(-66.87815408162,-24.55605295682,14.));
#3698 = CARTESIAN_POINT('',(-66.78706109291,-24.5844971319,14.));
#3699 = CARTESIAN_POINT('',(-66.57633532295,-24.64062488275,14.));
#3700 = CARTESIAN_POINT('',(-66.45601750638,-24.66574427071,14.));
#3701 = CARTESIAN_POINT('',(-66.33441950153,-24.68427703074,14.));
#3702 = CARTESIAN_POINT('',(-66.21199132238,-24.69614616725,14.));
#3703 = CARTESIAN_POINT('',(-66.08918811533,-24.70131591037,14.));
#3704 = CARTESIAN_POINT('',(-65.85379565054,-24.6983924206,14.));
#3705 = CARTESIAN_POINT('',(-65.74119077159,-24.69135013732,14.));
#3706 = CARTESIAN_POINT('',(-65.62901038047,-24.67866945209,14.));
#3707 = CARTESIAN_POINT('',(-65.51760622416,-24.66038418464,14.));
#3708 = CARTESIAN_POINT('',(-65.40732597046,-24.63655739199,14.));
#3709 = CARTESIAN_POINT('',(-65.20169864706,-24.58123350854,14.));
#3710 = CARTESIAN_POINT('',(-65.10604452627,-24.55087161318,14.));
#3711 = CARTESIAN_POINT('',(-65.01179201931,-24.51626066444,14.));
#3712 = CARTESIAN_POINT('',(-64.91917590816,-24.47748293034,14.));
#3713 = CARTESIAN_POINT('',(-64.82842421731,-24.4346378945,14.));
#3714 = CARTESIAN_POINT('',(-64.62825701555,-24.32899478879,14.));
#3715 = CARTESIAN_POINT('',(-64.52005192385,-24.26389855106,14.));
#3716 = CARTESIAN_POINT('',(-64.41558355333,-24.19278634613,14.));
#3717 = CARTESIAN_POINT('',(-64.31526621504,-24.11592892157,14.));
#3718 = CARTESIAN_POINT('',(-64.21948726723,-24.03363466091,14.));
#3719 = CARTESIAN_POINT('',(-64.12860646612,-23.94624927523,14.));
#3720 = ORIENTED_EDGE('',*,*,#3721,.T.);
#3721 = EDGE_CURVE('',#3625,#3623,#3722,.T.);
#3722 = B_SPLINE_CURVE_WITH_KNOTS('',7,(#3723,#3724,#3725,#3726,#3727,
    #3728,#3729,#3730),.UNSPECIFIED.,.F.,.F.,(8,8),(0.,1.),
  .PIECEWISE_BEZIER_KNOTS.);
#3723 = CARTESIAN_POINT('',(-64.12860646612,-23.94624927523,14.));
#3724 = CARTESIAN_POINT('',(-63.9048451622,-23.73109417532,14.));
#3725 = CARTESIAN_POINT('',(-63.70976487945,-23.48575220764,14.));
#3726 = CARTESIAN_POINT('',(-63.54860088355,-23.21510458661,14.));
#3727 = CARTESIAN_POINT('',(-63.42502487276,-22.92484351425,14.));
#3728 = CARTESIAN_POINT('',(-63.3416401795,-22.62108762258,14.));
#3729 = CARTESIAN_POINT('',(-63.3,-22.310426153,14.));
#3730 = CARTESIAN_POINT('',(-63.3,-22.,14.));
#3731 = FACE_BOUND('',#3732,.F.);
#3732 = EDGE_LOOP('',(#3733,#3820));
#3733 = ORIENTED_EDGE('',*,*,#3734,.T.);
#3734 = EDGE_CURVE('',#3735,#3737,#3739,.T.);
#3735 = VERTEX_POINT('',#3736);
#3736 = CARTESIAN_POINT('',(-75.3,-22.,14.));
#3737 = VERTEX_POINT('',#3738);
#3738 = CARTESIAN_POINT('',(-75.87104377375,-23.66058585647,14.));
#3739 = B_SPLINE_CURVE_WITH_KNOTS('',7,(#3740,#3741,#3742,#3743,#3744,
    #3745,#3746,#3747,#3748,#3749,#3750,#3751,#3752,#3753,#3754,#3755,
    #3756,#3757,#3758,#3759,#3760,#3761,#3762,#3763,#3764,#3765,#3766,
    #3767,#3768,#3769,#3770,#3771,#3772,#3773,#3774,#3775,#3776,#3777,
    #3778,#3779,#3780,#3781,#3782,#3783,#3784,#3785,#3786,#3787,#3788,
    #3789,#3790,#3791,#3792,#3793,#3794,#3795,#3796,#3797,#3798,#3799,
    #3800,#3801,#3802,#3803,#3804,#3805,#3806,#3807,#3808,#3809,#3810,
    #3811,#3812,#3813,#3814,#3815,#3816,#3817,#3818,#3819),
  .UNSPECIFIED.,.F.,.F.,(8,6,6,6,6,6,6,6,6,6,6,6,6,8),(0.,
    8.01471105717E-02,0.15848245031,0.27851577027,0.367536544937,
    0.403090596038,0.435727308635,0.463903863798,0.558666590523,
    0.662364944869,0.718076121631,0.837959027968,0.932423202885,1.),
  .UNSPECIFIED.);
#3740 = CARTESIAN_POINT('',(-75.3,-22.,14.));
#3741 = CARTESIAN_POINT('',(-75.3,-21.82625091494,14.));
#3742 = CARTESIAN_POINT('',(-75.31304453558,-21.65248821588,14.));
#3743 = CARTESIAN_POINT('',(-75.33913715958,-21.47991132368,14.));
#3744 = CARTESIAN_POINT('',(-75.37813878884,-21.30969050129,14.));
#3745 = CARTESIAN_POINT('',(-75.42978753794,-21.14296896429,14.));
#3746 = CARTESIAN_POINT('',(-75.49369913503,-20.98086078841,14.));
#3747 = CARTESIAN_POINT('',(-75.64328662121,-20.67156431567,14.));
#3748 = CARTESIAN_POINT('',(-75.72844882622,-20.52409888672,14.));
#3749 = CARTESIAN_POINT('',(-75.82435022037,-20.38305669475,14.));
#3750 = CARTESIAN_POINT('',(-75.93040105347,-20.24936638102,14.));
#3751 = CARTESIAN_POINT('',(-76.04592080847,-20.12388598877,14.));
#3752 = CARTESIAN_POINT('',(-76.17013930001,-20.00740139042,14.));
#3753 = CARTESIAN_POINT('',(-76.50451674079,-19.73698360883,14.));
#3754 = CARTESIAN_POINT('',(-76.72532811169,-19.59603900106,14.));
#3755 = CARTESIAN_POINT('',(-76.96142852379,-19.48041001087,14.));
#3756 = CARTESIAN_POINT('',(-77.20931533524,-19.39197759324,14.));
#3757 = CARTESIAN_POINT('',(-77.46528900149,-19.33206102097,14.));
#3758 = CARTESIAN_POINT('',(-77.72544835799,-19.30141973387,14.));
#3759 = CARTESIAN_POINT('',(-78.17864862278,-19.29901336391,14.));
#3760 = CARTESIAN_POINT('',(-78.37174105458,-19.31408150023,14.));
#3761 = CARTESIAN_POINT('',(-78.56329045708,-19.3452576708,14.));
#3762 = CARTESIAN_POINT('',(-78.75169437718,-19.39233645777,14.));
#3763 = CARTESIAN_POINT('',(-78.93539418847,-19.45492865553,14.));
#3764 = CARTESIAN_POINT('',(-79.11287885075,-19.53246183782,14.));
#3765 = CARTESIAN_POINT('',(-79.35052064982,-19.66076190719,14.));
#3766 = CARTESIAN_POINT('',(-79.41712506472,-19.69963815464,14.));
#3767 = CARTESIAN_POINT('',(-79.48241951643,-19.74072443897,14.));
#3768 = CARTESIAN_POINT('',(-79.5463162249,-19.78396754917,14.));
#3769 = CARTESIAN_POINT('',(-79.60873028353,-19.82931002634,14.));
#3770 = CARTESIAN_POINT('',(-79.66957965919,-19.87669016365,14.));
#3771 = CARTESIAN_POINT('',(-79.78313269705,-19.97134435192,14.));
#3772 = CARTESIAN_POINT('',(-79.83609530403,-20.01830830764,14.));
#3773 = CARTESIAN_POINT('',(-79.88761184891,-20.06688286844,14.));
#3774 = CARTESIAN_POINT('',(-79.93762374532,-20.11701445849,14.));
#3775 = CARTESIAN_POINT('',(-79.98607498475,-20.16864693123,14.));
#3776 = CARTESIAN_POINT('',(-80.03291213656,-20.22172156936,14.));
#3777 = CARTESIAN_POINT('',(-80.11708329136,-20.32319066912,14.));
#3778 = CARTESIAN_POINT('',(-80.15484139268,-20.37123364842,14.));
#3779 = CARTESIAN_POINT('',(-80.19132596671,-20.42026661082,14.));
#3780 = CARTESIAN_POINT('',(-80.22650598222,-20.47024898054,14.));
#3781 = CARTESIAN_POINT('',(-80.26035206201,-20.52113901795,14.));
#3782 = CARTESIAN_POINT('',(-80.29283648287,-20.57289381959,14.));
#3783 = CARTESIAN_POINT('',(-80.42851684032,-20.80228999687,14.));
#3784 = CARTESIAN_POINT('',(-80.51742061866,-20.98842176777,14.));
#3785 = CARTESIAN_POINT('',(-80.58961832885,-21.18214849925,14.));
#3786 = CARTESIAN_POINT('',(-80.64436559975,-21.38166799564,14.));
#3787 = CARTESIAN_POINT('',(-80.68114981354,-21.585111638,14.));
#3788 = CARTESIAN_POINT('',(-80.69969147594,-21.79054998811,14.));
#3789 = CARTESIAN_POINT('',(-80.7003313623,-22.22079010566,14.));
#3790 = CARTESIAN_POINT('',(-80.6788283691,-22.44567688364,14.));
#3791 = CARTESIAN_POINT('',(-80.63546821379,-22.66801095714,14.));
#3792 = CARTESIAN_POINT('',(-80.57064851248,-22.8852672748,14.));
#3793 = CARTESIAN_POINT('',(-80.48509476619,-23.09501330741,14.));
#3794 = CARTESIAN_POINT('',(-80.37985790593,-23.29491848253,14.));
#3795 = CARTESIAN_POINT('',(-80.19007151163,-23.58372137794,14.));
#3796 = CARTESIAN_POINT('',(-80.11847546791,-23.68119380886,14.));
#3797 = CARTESIAN_POINT('',(-80.04182975521,-23.77487372696,14.));
#3798 = CARTESIAN_POINT('',(-79.96037662022,-23.86444872051,14.));
#3799 = CARTESIAN_POINT('',(-79.87438134691,-23.94962703375,14.));
#3800 = CARTESIAN_POINT('',(-79.78413199927,-24.03013785623,14.));
#3801 = CARTESIAN_POINT('',(-79.48724894063,-24.2683991356,14.));
#3802 = CARTESIAN_POINT('',(-79.26621130546,-24.4083684458,14.));
#3803 = CARTESIAN_POINT('',(-79.03001359076,-24.52303192726,14.));
#3804 = CARTESIAN_POINT('',(-78.78215171092,-24.61052782335,14.));
#3805 = CARTESIAN_POINT('',(-78.52631574179,-24.66955403967,14.));
#3806 = CARTESIAN_POINT('',(-78.26639454395,-24.69936634691,14.));
#3807 = CARTESIAN_POINT('',(-77.80171368845,-24.70048530366,14.));
#3808 = CARTESIAN_POINT('',(-77.59685149212,-24.68285699112,14.));
#3809 = CARTESIAN_POINT('',(-77.39389448392,-24.64709321164,14.));
#3810 = CARTESIAN_POINT('',(-77.19475517174,-24.59346244869,14.));
#3811 = CARTESIAN_POINT('',(-77.00128697224,-24.52246370526,14.));
#3812 = CARTESIAN_POINT('',(-76.81527875437,-24.43482522388,14.));
#3813 = CARTESIAN_POINT('',(-76.5119281835,-24.2576767587,14.));
#3814 = CARTESIAN_POINT('',(-76.39009160479,-24.17578828256,14.));
#3815 = CARTESIAN_POINT('',(-76.27354445875,-24.0862478853,14.));
#3816 = CARTESIAN_POINT('',(-76.16285850497,-23.98946978462,14.));
#3817 = CARTESIAN_POINT('',(-76.05856328307,-23.88591702573,14.));
#3818 = CARTESIAN_POINT('',(-75.96114551715,-23.77610091211,14.));
#3819 = CARTESIAN_POINT('',(-75.87104377375,-23.66058585647,14.));
#3820 = ORIENTED_EDGE('',*,*,#3821,.T.);
#3821 = EDGE_CURVE('',#3737,#3735,#3822,.T.);
#3822 = B_SPLINE_CURVE_WITH_KNOTS('',7,(#3823,#3824,#3825,#3826,#3827,
    #3828,#3829,#3830),.UNSPECIFIED.,.F.,.F.,(8,8),(0.,1.),
  .PIECEWISE_BEZIER_KNOTS.);
#3823 = CARTESIAN_POINT('',(-75.87104377375,-23.66058585647,14.));
#3824 = CARTESIAN_POINT('',(-75.71391754085,-23.45914196814,14.));
#3825 = CARTESIAN_POINT('',(-75.57897139171,-23.24027846814,14.));
#3826 = CARTESIAN_POINT('',(-75.46863494679,-23.00705330042,14.));
#3827 = CARTESIAN_POINT('',(-75.38464260103,-22.76280402116,14.));
#3828 = CARTESIAN_POINT('',(-75.32820292653,-22.51104641412,14.));
#3829 = CARTESIAN_POINT('',(-75.3,-22.25547787666,14.));
#3830 = CARTESIAN_POINT('',(-75.3,-22.,14.));
#3831 = B_SPLINE_SURFACE_WITH_KNOTS('',1,1,(
    (#3832,#3833)
    ,(#3834,#3835
    )),.UNSPECIFIED.,.F.,.F.,.F.,(2,2),(2,2),(0.,28.),(0.,23.2),
  .PIECEWISE_BEZIER_KNOTS.);
#3832 = CARTESIAN_POINT('',(-58.,-34.,14.));
#3833 = CARTESIAN_POINT('',(-58.,-10.8,14.));
#3834 = CARTESIAN_POINT('',(-86.,-34.,14.));
#3835 = CARTESIAN_POINT('',(-86.,-10.8,14.));
#3836 = ADVANCED_FACE('',(#3837,#3843,#3846),#3849,.F.);
#3837 = FACE_BOUND('',#3838,.F.);
#3838 = EDGE_LOOP('',(#3839,#3840,#3841,#3842));
#3839 = ORIENTED_EDGE('',*,*,#2301,.F.);
#3840 = ORIENTED_EDGE('',*,*,#2348,.T.);
#3841 = ORIENTED_EDGE('',*,*,#2373,.T.);
#3842 = ORIENTED_EDGE('',*,*,#2324,.F.);
#3843 = FACE_BOUND('',#3844,.F.);
#3844 = EDGE_LOOP('',(#3845));
#3845 = ORIENTED_EDGE('',*,*,#2398,.F.);
#3846 = FACE_BOUND('',#3847,.F.);
#3847 = EDGE_LOOP('',(#3848));
#3848 = ORIENTED_EDGE('',*,*,#2582,.F.);
#3849 = PLANE('',#3850);
#3850 = AXIS2_PLACEMENT_3D('',#3851,#3852,#3853);
#3851 = CARTESIAN_POINT('',(-58.,-72.,-12.));
#3852 = DIRECTION('',(0.,1.,0.));
#3853 = DIRECTION('',(0.,0.,1.));
#3854 = ADVANCED_FACE('',(#3855),#3884,.T.);
#3855 = FACE_BOUND('',#3856,.T.);
#3856 = EDGE_LOOP('',(#3857,#3858,#3859,#3860,#3861,#3862,#3870,#3878));
#3857 = ORIENTED_EDGE('',*,*,#2494,.F.);
#3858 = ORIENTED_EDGE('',*,*,#2446,.T.);
#3859 = ORIENTED_EDGE('',*,*,#2422,.T.);
#3860 = ORIENTED_EDGE('',*,*,#2470,.F.);
#3861 = ORIENTED_EDGE('',*,*,#2526,.F.);
#3862 = ORIENTED_EDGE('',*,*,#3863,.F.);
#3863 = EDGE_CURVE('',#3864,#2519,#3866,.T.);
#3864 = VERTEX_POINT('',#3865);
#3865 = CARTESIAN_POINT('',(24.,-67.,12.));
#3866 = LINE('',#3867,#3868);
#3867 = CARTESIAN_POINT('',(24.,-67.,-8.));
#3868 = VECTOR('',#3869,1.);
#3869 = DIRECTION('',(-0.,0.,-1.));
#3870 = ORIENTED_EDGE('',*,*,#3871,.F.);
#3871 = EDGE_CURVE('',#3872,#3864,#3874,.T.);
#3872 = VERTEX_POINT('',#3873);
#3873 = CARTESIAN_POINT('',(-24.,-67.,12.));
#3874 = LINE('',#3875,#3876);
#3875 = CARTESIAN_POINT('',(-25.,-67.,12.));
#3876 = VECTOR('',#3877,1.);
#3877 = DIRECTION('',(1.,0.,0.));
#3878 = ORIENTED_EDGE('',*,*,#3879,.T.);
#3879 = EDGE_CURVE('',#3872,#2495,#3880,.T.);
#3880 = LINE('',#3881,#3882);
#3881 = CARTESIAN_POINT('',(-24.,-67.,-8.));
#3882 = VECTOR('',#3883,1.);
#3883 = DIRECTION('',(-0.,0.,-1.));
#3884 = PLANE('',#3885);
#3885 = AXIS2_PLACEMENT_3D('',#3886,#3887,#3888);
#3886 = CARTESIAN_POINT('',(-26.,-67.,-8.));
#3887 = DIRECTION('',(0.,1.,0.));
#3888 = DIRECTION('',(0.,0.,1.));
#3889 = ADVANCED_FACE('',(#3890),#3908,.F.);
#3890 = FACE_BOUND('',#3891,.F.);
#3891 = EDGE_LOOP('',(#3892,#3900,#3901,#3902));
#3892 = ORIENTED_EDGE('',*,*,#3893,.F.);
#3893 = EDGE_CURVE('',#2680,#3894,#3896,.T.);
#3894 = VERTEX_POINT('',#3895);
#3895 = CARTESIAN_POINT('',(-6.,-38.1,13.1));
#3896 = LINE('',#3897,#3898);
#3897 = CARTESIAN_POINT('',(-18.5,-38.1,13.1));
#3898 = VECTOR('',#3899,1.);
#3899 = DIRECTION('',(1.,0.,0.));
#3900 = ORIENTED_EDGE('',*,*,#2679,.T.);
#3901 = ORIENTED_EDGE('',*,*,#2640,.T.);
#3902 = ORIENTED_EDGE('',*,*,#3903,.F.);
#3903 = EDGE_CURVE('',#3894,#2641,#3904,.T.);
#3904 = LINE('',#3905,#3906);
#3905 = CARTESIAN_POINT('',(-6.,-38.1,13.1));
#3906 = VECTOR('',#3907,1.);
#3907 = DIRECTION('',(0.,0.,1.));
#3908 = PLANE('',#3909);
#3909 = AXIS2_PLACEMENT_3D('',#3910,#3911,#3912);
#3910 = CARTESIAN_POINT('',(-18.5,-38.1,13.1));
#3911 = DIRECTION('',(0.,1.,0.));
#3912 = DIRECTION('',(0.,0.,1.));
#3913 = ADVANCED_FACE('',(#3914),#4005,.T.);
#3914 = FACE_BOUND('',#3915,.T.);
#3915 = EDGE_LOOP('',(#3916,#3917,#3918,#3926,#3934,#3942,#3950,#3958,
    #3964,#3965,#3966,#3967,#3975,#3983,#3991,#3999));
#3916 = ORIENTED_EDGE('',*,*,#2648,.F.);
#3917 = ORIENTED_EDGE('',*,*,#3903,.F.);
#3918 = ORIENTED_EDGE('',*,*,#3919,.T.);
#3919 = EDGE_CURVE('',#3894,#3920,#3922,.T.);
#3920 = VERTEX_POINT('',#3921);
#3921 = CARTESIAN_POINT('',(-6.,-35.,13.1));
#3922 = LINE('',#3923,#3924);
#3923 = CARTESIAN_POINT('',(-6.,-38.5,13.1));
#3924 = VECTOR('',#3925,1.);
#3925 = DIRECTION('',(0.,1.,0.));
#3926 = ORIENTED_EDGE('',*,*,#3927,.T.);
#3927 = EDGE_CURVE('',#3920,#3928,#3930,.T.);
#3928 = VERTEX_POINT('',#3929);
#3929 = CARTESIAN_POINT('',(-6.,-35.,4.75));
#3930 = LINE('',#3931,#3932);
#3931 = CARTESIAN_POINT('',(-6.,-35.,1.375));
#3932 = VECTOR('',#3933,1.);
#3933 = DIRECTION('',(0.,0.,-1.));
#3934 = ORIENTED_EDGE('',*,*,#3935,.F.);
#3935 = EDGE_CURVE('',#3936,#3928,#3938,.T.);
#3936 = VERTEX_POINT('',#3937);
#3937 = CARTESIAN_POINT('',(-6.,-37.,4.75));
#3938 = LINE('',#3939,#3940);
#3939 = CARTESIAN_POINT('',(-6.,-52.5,4.75));
#3940 = VECTOR('',#3941,1.);
#3941 = DIRECTION('',(0.,1.,0.));
#3942 = ORIENTED_EDGE('',*,*,#3943,.T.);
#3943 = EDGE_CURVE('',#3936,#3944,#3946,.T.);
#3944 = VERTEX_POINT('',#3945);
#3945 = CARTESIAN_POINT('',(-6.,-37.,0.));
#3946 = LINE('',#3947,#3948);
#3947 = CARTESIAN_POINT('',(-6.,-37.,-3.25));
#3948 = VECTOR('',#3949,1.);
#3949 = DIRECTION('',(0.,0.,-1.));
#3950 = ORIENTED_EDGE('',*,*,#3951,.F.);
#3951 = EDGE_CURVE('',#3952,#3944,#3954,.T.);
#3952 = VERTEX_POINT('',#3953);
#3953 = CARTESIAN_POINT('',(-6.,-40.,0.));
#3954 = LINE('',#3955,#3956);
#3955 = CARTESIAN_POINT('',(-6.,-52.5,0.));
#3956 = VECTOR('',#3957,1.);
#3957 = DIRECTION('',(0.,1.,0.));
#3958 = ORIENTED_EDGE('',*,*,#3959,.F.);
#3959 = EDGE_CURVE('',#2869,#3952,#3960,.T.);
#3960 = LINE('',#3961,#3962);
#3961 = CARTESIAN_POINT('',(-6.,-40.,-2.));
#3962 = VECTOR('',#3963,1.);
#3963 = DIRECTION('',(0.,0.,1.));
#3964 = ORIENTED_EDGE('',*,*,#2868,.T.);
#3965 = ORIENTED_EDGE('',*,*,#2851,.T.);
#3966 = ORIENTED_EDGE('',*,*,#2785,.F.);
#3967 = ORIENTED_EDGE('',*,*,#3968,.F.);
#3968 = EDGE_CURVE('',#3969,#2778,#3971,.T.);
#3969 = VERTEX_POINT('',#3970);
#3970 = CARTESIAN_POINT('',(-6.,-32.,2.));
#3971 = LINE('',#3972,#3973);
#3972 = CARTESIAN_POINT('',(-6.,-32.,-1.75));
#3973 = VECTOR('',#3974,1.);
#3974 = DIRECTION('',(0.,0.,-1.));
#3975 = ORIENTED_EDGE('',*,*,#3976,.T.);
#3976 = EDGE_CURVE('',#3969,#3977,#3979,.T.);
#3977 = VERTEX_POINT('',#3978);
#3978 = CARTESIAN_POINT('',(-6.,-29.6418,2.));
#3979 = LINE('',#3980,#3981);
#3980 = CARTESIAN_POINT('',(-6.,-32.,2.));
#3981 = VECTOR('',#3982,1.);
#3982 = DIRECTION('',(0.,1.,0.));
#3983 = ORIENTED_EDGE('',*,*,#3984,.T.);
#3984 = EDGE_CURVE('',#3977,#3985,#3987,.T.);
#3985 = VERTEX_POINT('',#3986);
#3986 = CARTESIAN_POINT('',(-6.,-29.6418,10.));
#3987 = LINE('',#3988,#3989);
#3988 = CARTESIAN_POINT('',(-6.,-29.6418,2.));
#3989 = VECTOR('',#3990,1.);
#3990 = DIRECTION('',(0.,0.,1.));
#3991 = ORIENTED_EDGE('',*,*,#3992,.F.);
#3992 = EDGE_CURVE('',#3993,#3985,#3995,.T.);
#3993 = VERTEX_POINT('',#3994);
#3994 = CARTESIAN_POINT('',(-6.,-32.,10.));
#3995 = LINE('',#3996,#3997);
#3996 = CARTESIAN_POINT('',(-6.,-32.,10.));
#3997 = VECTOR('',#3998,1.);
#3998 = DIRECTION('',(0.,1.,0.));
#3999 = ORIENTED_EDGE('',*,*,#4000,.F.);
#4000 = EDGE_CURVE('',#2649,#3993,#4001,.T.);
#4001 = LINE('',#4002,#4003);
#4002 = CARTESIAN_POINT('',(-6.,-32.,-1.75));
#4003 = VECTOR('',#4004,1.);
#4004 = DIRECTION('',(0.,0.,-1.));
#4005 = PLANE('',#4006);
#4006 = AXIS2_PLACEMENT_3D('',#4007,#4008,#4009);
#4007 = CARTESIAN_POINT('',(-6.,-31.07223621421,3.706720454674));
#4008 = DIRECTION('',(1.,0.,0.));
#4009 = DIRECTION('',(0.,0.,1.));
#4010 = ADVANCED_FACE('',(#4011),#4040,.T.);
#4011 = FACE_BOUND('',#4012,.T.);
#4012 = EDGE_LOOP('',(#4013,#4014,#4015,#4023,#4031,#4037,#4038,#4039));
#4013 = ORIENTED_EDGE('',*,*,#2656,.F.);
#4014 = ORIENTED_EDGE('',*,*,#4000,.T.);
#4015 = ORIENTED_EDGE('',*,*,#4016,.F.);
#4016 = EDGE_CURVE('',#4017,#3993,#4019,.T.);
#4017 = VERTEX_POINT('',#4018);
#4018 = CARTESIAN_POINT('',(-12.,-32.,10.));
#4019 = LINE('',#4020,#4021);
#4020 = CARTESIAN_POINT('',(-12.,-32.,10.));
#4021 = VECTOR('',#4022,1.);
#4022 = DIRECTION('',(1.,0.,0.));
#4023 = ORIENTED_EDGE('',*,*,#4024,.F.);
#4024 = EDGE_CURVE('',#4025,#4017,#4027,.T.);
#4025 = VERTEX_POINT('',#4026);
#4026 = CARTESIAN_POINT('',(-12.,-32.,2.));
#4027 = LINE('',#4028,#4029);
#4028 = CARTESIAN_POINT('',(-12.,-32.,2.));
#4029 = VECTOR('',#4030,1.);
#4030 = DIRECTION('',(0.,0.,1.));
#4031 = ORIENTED_EDGE('',*,*,#4032,.T.);
#4032 = EDGE_CURVE('',#4025,#3969,#4033,.T.);
#4033 = LINE('',#4034,#4035);
#4034 = CARTESIAN_POINT('',(-12.,-32.,2.));
#4035 = VECTOR('',#4036,1.);
#4036 = DIRECTION('',(1.,0.,0.));
#4037 = ORIENTED_EDGE('',*,*,#3968,.T.);
#4038 = ORIENTED_EDGE('',*,*,#2777,.F.);
#4039 = ORIENTED_EDGE('',*,*,#2949,.T.);
#4040 = PLANE('',#4041);
#4041 = AXIS2_PLACEMENT_3D('',#4042,#4043,#4044);
#4042 = CARTESIAN_POINT('',(-32.5,-32.,-1.5));
#4043 = DIRECTION('',(0.,1.,0.));
#4044 = DIRECTION('',(0.,0.,1.));
#4045 = ADVANCED_FACE('',(#4046),#4065,.T.);
#4046 = FACE_BOUND('',#4047,.T.);
#4047 = EDGE_LOOP('',(#4048,#4049,#4057,#4063,#4064));
#4048 = ORIENTED_EDGE('',*,*,#2687,.T.);
#4049 = ORIENTED_EDGE('',*,*,#4050,.T.);
#4050 = EDGE_CURVE('',#1471,#4051,#4053,.T.);
#4051 = VERTEX_POINT('',#4052);
#4052 = CARTESIAN_POINT('',(-18.5,-35.,13.1));
#4053 = LINE('',#4054,#4055);
#4054 = CARTESIAN_POINT('',(-18.5,-37.,13.1));
#4055 = VECTOR('',#4056,1.);
#4056 = DIRECTION('',(0.,1.,0.));
#4057 = ORIENTED_EDGE('',*,*,#4058,.T.);
#4058 = EDGE_CURVE('',#4051,#3920,#4059,.T.);
#4059 = LINE('',#4060,#4061);
#4060 = CARTESIAN_POINT('',(-18.5,-35.,13.1));
#4061 = VECTOR('',#4062,1.);
#4062 = DIRECTION('',(1.,0.,0.));
#4063 = ORIENTED_EDGE('',*,*,#3919,.F.);
#4064 = ORIENTED_EDGE('',*,*,#3893,.F.);
#4065 = PLANE('',#4066);
#4066 = AXIS2_PLACEMENT_3D('',#4067,#4068,#4069);
#4067 = CARTESIAN_POINT('',(-12.25,-36.55,13.1));
#4068 = DIRECTION('',(-0.,-0.,-1.));
#4069 = DIRECTION('',(-1.,0.,0.));
#4070 = ADVANCED_FACE('',(#4071),#4089,.F.);
#4071 = FACE_BOUND('',#4072,.F.);
#4072 = EDGE_LOOP('',(#4073,#4074,#4082,#4088));
#4073 = ORIENTED_EDGE('',*,*,#3927,.T.);
#4074 = ORIENTED_EDGE('',*,*,#4075,.F.);
#4075 = EDGE_CURVE('',#4076,#3928,#4078,.T.);
#4076 = VERTEX_POINT('',#4077);
#4077 = CARTESIAN_POINT('',(-18.5,-35.,4.75));
#4078 = LINE('',#4079,#4080);
#4079 = CARTESIAN_POINT('',(-18.5,-35.,4.75));
#4080 = VECTOR('',#4081,1.);
#4081 = DIRECTION('',(1.,0.,0.));
#4082 = ORIENTED_EDGE('',*,*,#4083,.T.);
#4083 = EDGE_CURVE('',#4076,#4051,#4084,.T.);
#4084 = LINE('',#4085,#4086);
#4085 = CARTESIAN_POINT('',(-18.5,-35.,4.75));
#4086 = VECTOR('',#4087,1.);
#4087 = DIRECTION('',(0.,0.,1.));
#4088 = ORIENTED_EDGE('',*,*,#4058,.T.);
#4089 = PLANE('',#4090);
#4090 = AXIS2_PLACEMENT_3D('',#4091,#4092,#4093);
#4091 = CARTESIAN_POINT('',(-18.5,-35.,4.75));
#4092 = DIRECTION('',(0.,1.,0.));
#4093 = DIRECTION('',(0.,0.,1.));
#4094 = ADVANCED_FACE('',(#4095),#4120,.T.);
#4095 = FACE_BOUND('',#4096,.T.);
#4096 = EDGE_LOOP('',(#4097,#4105,#4106,#4114));
#4097 = ORIENTED_EDGE('',*,*,#4098,.F.);
#4098 = EDGE_CURVE('',#3872,#4099,#4101,.T.);
#4099 = VERTEX_POINT('',#4100);
#4100 = CARTESIAN_POINT('',(-24.,-65.,12.));
#4101 = LINE('',#4102,#4103);
#4102 = CARTESIAN_POINT('',(-24.,-70.,12.));
#4103 = VECTOR('',#4104,1.);
#4104 = DIRECTION('',(-0.,1.,0.));
#4105 = ORIENTED_EDGE('',*,*,#3871,.T.);
#4106 = ORIENTED_EDGE('',*,*,#4107,.T.);
#4107 = EDGE_CURVE('',#3864,#4108,#4110,.T.);
#4108 = VERTEX_POINT('',#4109);
#4109 = CARTESIAN_POINT('',(24.,-65.,12.));
#4110 = LINE('',#4111,#4112);
#4111 = CARTESIAN_POINT('',(24.,-70.,12.));
#4112 = VECTOR('',#4113,1.);
#4113 = DIRECTION('',(-0.,1.,0.));
#4114 = ORIENTED_EDGE('',*,*,#4115,.F.);
#4115 = EDGE_CURVE('',#4099,#4108,#4116,.T.);
#4116 = LINE('',#4117,#4118);
#4117 = CARTESIAN_POINT('',(-24.,-65.,12.));
#4118 = VECTOR('',#4119,1.);
#4119 = DIRECTION('',(1.,0.,-0.));
#4120 = PLANE('',#4121);
#4121 = AXIS2_PLACEMENT_3D('',#4122,#4123,#4124);
#4122 = CARTESIAN_POINT('',(-24.,-70.,12.));
#4123 = DIRECTION('',(0.,0.,1.));
#4124 = DIRECTION('',(1.,0.,-0.));
#4125 = ADVANCED_FACE('',(#4126),#4151,.F.);
#4126 = FACE_BOUND('',#4127,.F.);
#4127 = EDGE_LOOP('',(#4128,#4129,#4137,#4145));
#4128 = ORIENTED_EDGE('',*,*,#2729,.F.);
#4129 = ORIENTED_EDGE('',*,*,#4130,.T.);
#4130 = EDGE_CURVE('',#2730,#4131,#4133,.T.);
#4131 = VERTEX_POINT('',#4132);
#4132 = CARTESIAN_POINT('',(21.,-15.,0.));
#4133 = LINE('',#4134,#4135);
#4134 = CARTESIAN_POINT('',(21.,-15.,-1.5));
#4135 = VECTOR('',#4136,1.);
#4136 = DIRECTION('',(0.,0.,1.));
#4137 = ORIENTED_EDGE('',*,*,#4138,.T.);
#4138 = EDGE_CURVE('',#4131,#4139,#4141,.T.);
#4139 = VERTEX_POINT('',#4140);
#4140 = CARTESIAN_POINT('',(29.5,-15.,0.));
#4141 = LINE('',#4142,#4143);
#4142 = CARTESIAN_POINT('',(21.,-15.,0.));
#4143 = VECTOR('',#4144,1.);
#4144 = DIRECTION('',(1.,0.,0.));
#4145 = ORIENTED_EDGE('',*,*,#4146,.F.);
#4146 = EDGE_CURVE('',#2732,#4139,#4147,.T.);
#4147 = LINE('',#4148,#4149);
#4148 = CARTESIAN_POINT('',(29.5,-15.,-1.5));
#4149 = VECTOR('',#4150,1.);
#4150 = DIRECTION('',(0.,0.,1.));
#4151 = PLANE('',#4152);
#4152 = AXIS2_PLACEMENT_3D('',#4153,#4154,#4155);
#4153 = CARTESIAN_POINT('',(21.,-15.,-1.5));
#4154 = DIRECTION('',(0.,1.,0.));
#4155 = DIRECTION('',(0.,0.,1.));
#4156 = ADVANCED_FACE('',(#4157),#4175,.T.);
#4157 = FACE_BOUND('',#4158,.T.);
#4158 = EDGE_LOOP('',(#4159,#4160,#4161,#4169));
#4159 = ORIENTED_EDGE('',*,*,#4146,.F.);
#4160 = ORIENTED_EDGE('',*,*,#2755,.T.);
#4161 = ORIENTED_EDGE('',*,*,#4162,.T.);
#4162 = EDGE_CURVE('',#2748,#4163,#4165,.T.);
#4163 = VERTEX_POINT('',#4164);
#4164 = CARTESIAN_POINT('',(29.5,-7.,0.));
#4165 = LINE('',#4166,#4167);
#4166 = CARTESIAN_POINT('',(29.5,-7.,-1.5));
#4167 = VECTOR('',#4168,1.);
#4168 = DIRECTION('',(0.,0.,1.));
#4169 = ORIENTED_EDGE('',*,*,#4170,.F.);
#4170 = EDGE_CURVE('',#4139,#4163,#4171,.T.);
#4171 = LINE('',#4172,#4173);
#4172 = CARTESIAN_POINT('',(29.5,-15.,0.));
#4173 = VECTOR('',#4174,1.);
#4174 = DIRECTION('',(0.,1.,0.));
#4175 = PLANE('',#4176);
#4176 = AXIS2_PLACEMENT_3D('',#4177,#4178,#4179);
#4177 = CARTESIAN_POINT('',(29.5,-15.,-1.5));
#4178 = DIRECTION('',(1.,0.,0.));
#4179 = DIRECTION('',(0.,0.,1.));
#4180 = ADVANCED_FACE('',(#4181),#4199,.T.);
#4181 = FACE_BOUND('',#4182,.T.);
#4182 = EDGE_LOOP('',(#4183,#4184,#4192,#4198));
#4183 = ORIENTED_EDGE('',*,*,#2747,.F.);
#4184 = ORIENTED_EDGE('',*,*,#4185,.T.);
#4185 = EDGE_CURVE('',#2740,#4186,#4188,.T.);
#4186 = VERTEX_POINT('',#4187);
#4187 = CARTESIAN_POINT('',(21.,-7.,0.));
#4188 = LINE('',#4189,#4190);
#4189 = CARTESIAN_POINT('',(21.,-7.,-1.5));
#4190 = VECTOR('',#4191,1.);
#4191 = DIRECTION('',(0.,0.,1.));
#4192 = ORIENTED_EDGE('',*,*,#4193,.T.);
#4193 = EDGE_CURVE('',#4186,#4163,#4194,.T.);
#4194 = LINE('',#4195,#4196);
#4195 = CARTESIAN_POINT('',(21.,-7.,0.));
#4196 = VECTOR('',#4197,1.);
#4197 = DIRECTION('',(1.,0.,0.));
#4198 = ORIENTED_EDGE('',*,*,#4162,.F.);
#4199 = PLANE('',#4200);
#4200 = AXIS2_PLACEMENT_3D('',#4201,#4202,#4203);
#4201 = CARTESIAN_POINT('',(21.,-7.,-1.5));
#4202 = DIRECTION('',(0.,1.,0.));
#4203 = DIRECTION('',(0.,0.,1.));
#4204 = ADVANCED_FACE('',(#4205),#4216,.F.);
#4205 = FACE_BOUND('',#4206,.F.);
#4206 = EDGE_LOOP('',(#4207,#4208,#4209,#4210));
#4207 = ORIENTED_EDGE('',*,*,#4130,.F.);
#4208 = ORIENTED_EDGE('',*,*,#2739,.T.);
#4209 = ORIENTED_EDGE('',*,*,#4185,.T.);
#4210 = ORIENTED_EDGE('',*,*,#4211,.F.);
#4211 = EDGE_CURVE('',#4131,#4186,#4212,.T.);
#4212 = LINE('',#4213,#4214);
#4213 = CARTESIAN_POINT('',(21.,-15.,0.));
#4214 = VECTOR('',#4215,1.);
#4215 = DIRECTION('',(0.,1.,0.));
#4216 = PLANE('',#4217);
#4217 = AXIS2_PLACEMENT_3D('',#4218,#4219,#4220);
#4218 = CARTESIAN_POINT('',(21.,-15.,-1.5));
#4219 = DIRECTION('',(1.,0.,0.));
#4220 = DIRECTION('',(0.,0.,1.));
#4221 = ADVANCED_FACE('',(#4222),#4247,.F.);
#4222 = FACE_BOUND('',#4223,.F.);
#4223 = EDGE_LOOP('',(#4224,#4225,#4233,#4241));
#4224 = ORIENTED_EDGE('',*,*,#2803,.F.);
#4225 = ORIENTED_EDGE('',*,*,#4226,.T.);
#4226 = EDGE_CURVE('',#2804,#4227,#4229,.T.);
#4227 = VERTEX_POINT('',#4228);
#4228 = CARTESIAN_POINT('',(-29.5,-15.,0.));
#4229 = LINE('',#4230,#4231);
#4230 = CARTESIAN_POINT('',(-29.5,-15.,-1.5));
#4231 = VECTOR('',#4232,1.);
#4232 = DIRECTION('',(0.,0.,1.));
#4233 = ORIENTED_EDGE('',*,*,#4234,.T.);
#4234 = EDGE_CURVE('',#4227,#4235,#4237,.T.);
#4235 = VERTEX_POINT('',#4236);
#4236 = CARTESIAN_POINT('',(-21.,-15.,0.));
#4237 = LINE('',#4238,#4239);
#4238 = CARTESIAN_POINT('',(-29.5,-15.,0.));
#4239 = VECTOR('',#4240,1.);
#4240 = DIRECTION('',(1.,0.,0.));
#4241 = ORIENTED_EDGE('',*,*,#4242,.F.);
#4242 = EDGE_CURVE('',#2806,#4235,#4243,.T.);
#4243 = LINE('',#4244,#4245);
#4244 = CARTESIAN_POINT('',(-21.,-15.,-1.5));
#4245 = VECTOR('',#4246,1.);
#4246 = DIRECTION('',(0.,0.,1.));
#4247 = PLANE('',#4248);
#4248 = AXIS2_PLACEMENT_3D('',#4249,#4250,#4251);
#4249 = CARTESIAN_POINT('',(-29.5,-15.,-1.5));
#4250 = DIRECTION('',(0.,1.,0.));
#4251 = DIRECTION('',(0.,0.,1.));
#4252 = ADVANCED_FACE('',(#4253),#4271,.T.);
#4253 = FACE_BOUND('',#4254,.T.);
#4254 = EDGE_LOOP('',(#4255,#4256,#4257,#4265));
#4255 = ORIENTED_EDGE('',*,*,#4242,.F.);
#4256 = ORIENTED_EDGE('',*,*,#2829,.T.);
#4257 = ORIENTED_EDGE('',*,*,#4258,.T.);
#4258 = EDGE_CURVE('',#2822,#4259,#4261,.T.);
#4259 = VERTEX_POINT('',#4260);
#4260 = CARTESIAN_POINT('',(-21.,-7.,0.));
#4261 = LINE('',#4262,#4263);
#4262 = CARTESIAN_POINT('',(-21.,-7.,-1.5));
#4263 = VECTOR('',#4264,1.);
#4264 = DIRECTION('',(0.,0.,1.));
#4265 = ORIENTED_EDGE('',*,*,#4266,.F.);
#4266 = EDGE_CURVE('',#4235,#4259,#4267,.T.);
#4267 = LINE('',#4268,#4269);
#4268 = CARTESIAN_POINT('',(-21.,-15.,0.));
#4269 = VECTOR('',#4270,1.);
#4270 = DIRECTION('',(0.,1.,0.));
#4271 = PLANE('',#4272);
#4272 = AXIS2_PLACEMENT_3D('',#4273,#4274,#4275);
#4273 = CARTESIAN_POINT('',(-21.,-15.,-1.5));
#4274 = DIRECTION('',(1.,0.,0.));
#4275 = DIRECTION('',(0.,0.,1.));
#4276 = ADVANCED_FACE('',(#4277),#4295,.T.);
#4277 = FACE_BOUND('',#4278,.T.);
#4278 = EDGE_LOOP('',(#4279,#4280,#4288,#4294));
#4279 = ORIENTED_EDGE('',*,*,#2821,.F.);
#4280 = ORIENTED_EDGE('',*,*,#4281,.T.);
#4281 = EDGE_CURVE('',#2814,#4282,#4284,.T.);
#4282 = VERTEX_POINT('',#4283);
#4283 = CARTESIAN_POINT('',(-29.5,-7.,0.));
#4284 = LINE('',#4285,#4286);
#4285 = CARTESIAN_POINT('',(-29.5,-7.,-1.5));
#4286 = VECTOR('',#4287,1.);
#4287 = DIRECTION('',(0.,0.,1.));
#4288 = ORIENTED_EDGE('',*,*,#4289,.T.);
#4289 = EDGE_CURVE('',#4282,#4259,#4290,.T.);
#4290 = LINE('',#4291,#4292);
#4291 = CARTESIAN_POINT('',(-29.5,-7.,0.));
#4292 = VECTOR('',#4293,1.);
#4293 = DIRECTION('',(1.,0.,0.));
#4294 = ORIENTED_EDGE('',*,*,#4258,.F.);
#4295 = PLANE('',#4296);
#4296 = AXIS2_PLACEMENT_3D('',#4297,#4298,#4299);
#4297 = CARTESIAN_POINT('',(-29.5,-7.,-1.5));
#4298 = DIRECTION('',(0.,1.,0.));
#4299 = DIRECTION('',(0.,0.,1.));
#4300 = ADVANCED_FACE('',(#4301),#4312,.F.);
#4301 = FACE_BOUND('',#4302,.F.);
#4302 = EDGE_LOOP('',(#4303,#4304,#4305,#4306));
#4303 = ORIENTED_EDGE('',*,*,#4226,.F.);
#4304 = ORIENTED_EDGE('',*,*,#2813,.T.);
#4305 = ORIENTED_EDGE('',*,*,#4281,.T.);
#4306 = ORIENTED_EDGE('',*,*,#4307,.F.);
#4307 = EDGE_CURVE('',#4227,#4282,#4308,.T.);
#4308 = LINE('',#4309,#4310);
#4309 = CARTESIAN_POINT('',(-29.5,-15.,0.));
#4310 = VECTOR('',#4311,1.);
#4311 = DIRECTION('',(0.,1.,0.));
#4312 = PLANE('',#4313);
#4313 = AXIS2_PLACEMENT_3D('',#4314,#4315,#4316);
#4314 = CARTESIAN_POINT('',(-29.5,-15.,-1.5));
#4315 = DIRECTION('',(1.,0.,0.));
#4316 = DIRECTION('',(0.,0.,1.));
#4317 = ADVANCED_FACE('',(#4318),#4329,.T.);
#4318 = FACE_BOUND('',#4319,.T.);
#4319 = EDGE_LOOP('',(#4320,#4321,#4322,#4323));
#4320 = ORIENTED_EDGE('',*,*,#3235,.F.);
#4321 = ORIENTED_EDGE('',*,*,#2876,.F.);
#4322 = ORIENTED_EDGE('',*,*,#3959,.T.);
#4323 = ORIENTED_EDGE('',*,*,#4324,.F.);
#4324 = EDGE_CURVE('',#3236,#3952,#4325,.T.);
#4325 = LINE('',#4326,#4327);
#4326 = CARTESIAN_POINT('',(-12.25,-40.,0.));
#4327 = VECTOR('',#4328,1.);
#4328 = DIRECTION('',(-1.,0.,0.));
#4329 = PLANE('',#4330);
#4330 = AXIS2_PLACEMENT_3D('',#4331,#4332,#4333);
#4331 = CARTESIAN_POINT('',(-6.,-40.,-2.));
#4332 = DIRECTION('',(0.,1.,0.));
#4333 = DIRECTION('',(0.,0.,1.));
#4334 = ADVANCED_FACE('',(#4335),#4353,.T.);
#4335 = FACE_BOUND('',#4336,.T.);
#4336 = EDGE_LOOP('',(#4337,#4338,#4339,#4347));
#4337 = ORIENTED_EDGE('',*,*,#3209,.F.);
#4338 = ORIENTED_EDGE('',*,*,#3174,.T.);
#4339 = ORIENTED_EDGE('',*,*,#4340,.T.);
#4340 = EDGE_CURVE('',#3167,#4341,#4343,.T.);
#4341 = VERTEX_POINT('',#4342);
#4342 = CARTESIAN_POINT('',(12.,-29.6418,10.));
#4343 = LINE('',#4344,#4345);
#4344 = CARTESIAN_POINT('',(12.,-32.,10.));
#4345 = VECTOR('',#4346,1.);
#4346 = DIRECTION('',(0.,1.,0.));
#4347 = ORIENTED_EDGE('',*,*,#4348,.F.);
#4348 = EDGE_CURVE('',#3210,#4341,#4349,.T.);
#4349 = LINE('',#4350,#4351);
#4350 = CARTESIAN_POINT('',(6.,-29.6418,10.));
#4351 = VECTOR('',#4352,1.);
#4352 = DIRECTION('',(1.,0.,0.));
#4353 = PLANE('',#4354);
#4354 = AXIS2_PLACEMENT_3D('',#4355,#4356,#4357);
#4355 = CARTESIAN_POINT('',(6.,-32.,10.));
#4356 = DIRECTION('',(0.,0.,1.));
#4357 = DIRECTION('',(1.,0.,0.));
#4358 = ADVANCED_FACE('',(#4359),#4377,.T.);
#4359 = FACE_BOUND('',#4360,.T.);
#4360 = EDGE_LOOP('',(#4361,#4362,#4370,#4376));
#4361 = ORIENTED_EDGE('',*,*,#3166,.F.);
#4362 = ORIENTED_EDGE('',*,*,#4363,.T.);
#4363 = EDGE_CURVE('',#3159,#4364,#4366,.T.);
#4364 = VERTEX_POINT('',#4365);
#4365 = CARTESIAN_POINT('',(12.,-29.6418,2.));
#4366 = LINE('',#4367,#4368);
#4367 = CARTESIAN_POINT('',(12.,-32.,2.));
#4368 = VECTOR('',#4369,1.);
#4369 = DIRECTION('',(0.,1.,0.));
#4370 = ORIENTED_EDGE('',*,*,#4371,.T.);
#4371 = EDGE_CURVE('',#4364,#4341,#4372,.T.);
#4372 = LINE('',#4373,#4374);
#4373 = CARTESIAN_POINT('',(12.,-29.6418,2.));
#4374 = VECTOR('',#4375,1.);
#4375 = DIRECTION('',(0.,0.,1.));
#4376 = ORIENTED_EDGE('',*,*,#4340,.F.);
#4377 = PLANE('',#4378);
#4378 = AXIS2_PLACEMENT_3D('',#4379,#4380,#4381);
#4379 = CARTESIAN_POINT('',(12.,-32.,2.));
#4380 = DIRECTION('',(1.,0.,0.));
#4381 = DIRECTION('',(0.,0.,1.));
#4382 = ADVANCED_FACE('',(#4383),#4394,.F.);
#4383 = FACE_BOUND('',#4384,.F.);
#4384 = EDGE_LOOP('',(#4385,#4386,#4387,#4388));
#4385 = ORIENTED_EDGE('',*,*,#3225,.F.);
#4386 = ORIENTED_EDGE('',*,*,#3158,.T.);
#4387 = ORIENTED_EDGE('',*,*,#4363,.T.);
#4388 = ORIENTED_EDGE('',*,*,#4389,.F.);
#4389 = EDGE_CURVE('',#3218,#4364,#4390,.T.);
#4390 = LINE('',#4391,#4392);
#4391 = CARTESIAN_POINT('',(6.,-29.6418,2.));
#4392 = VECTOR('',#4393,1.);
#4393 = DIRECTION('',(1.,0.,0.));
#4394 = PLANE('',#4395);
#4395 = AXIS2_PLACEMENT_3D('',#4396,#4397,#4398);
#4396 = CARTESIAN_POINT('',(6.,-32.,2.));
#4397 = DIRECTION('',(0.,0.,1.));
#4398 = DIRECTION('',(1.,0.,0.));
#4399 = ADVANCED_FACE('',(#4400),#4406,.T.);
#4400 = FACE_BOUND('',#4401,.T.);
#4401 = EDGE_LOOP('',(#4402,#4403,#4404,#4405));
#4402 = ORIENTED_EDGE('',*,*,#4389,.F.);
#4403 = ORIENTED_EDGE('',*,*,#3217,.T.);
#4404 = ORIENTED_EDGE('',*,*,#4348,.T.);
#4405 = ORIENTED_EDGE('',*,*,#4371,.F.);
#4406 = PLANE('',#4407);
#4407 = AXIS2_PLACEMENT_3D('',#4408,#4409,#4410);
#4408 = CARTESIAN_POINT('',(6.,-29.6418,2.));
#4409 = DIRECTION('',(0.,1.,0.));
#4410 = DIRECTION('',(0.,0.,1.));
#4411 = ADVANCED_FACE('',(#4412),#4504,.T.);
#4412 = FACE_BOUND('',#4413,.T.);
#4413 = EDGE_LOOP('',(#4414,#4424,#4433,#4442,#4448,#4449,#4457,#4465,
    #4473,#4479,#4480,#4481,#4482,#4490,#4498));
#4414 = ORIENTED_EDGE('',*,*,#4415,.F.);
#4415 = EDGE_CURVE('',#4416,#4418,#4420,.T.);
#4416 = VERTEX_POINT('',#4417);
#4417 = CARTESIAN_POINT('',(-18.5,-57.5,0.));
#4418 = VERTEX_POINT('',#4419);
#4419 = CARTESIAN_POINT('',(-18.5,-42.,0.));
#4420 = LINE('',#4421,#4422);
#4421 = CARTESIAN_POINT('',(-18.5,-65.,0.));
#4422 = VECTOR('',#4423,1.);
#4423 = DIRECTION('',(0.,1.,0.));
#4424 = ORIENTED_EDGE('',*,*,#4425,.F.);
#4425 = EDGE_CURVE('',#4426,#4416,#4428,.T.);
#4426 = VERTEX_POINT('',#4427);
#4427 = CARTESIAN_POINT('',(-9.5,-60.5,0.));
#4428 = CIRCLE('',#4429,5.);
#4429 = AXIS2_PLACEMENT_3D('',#4430,#4431,#4432);
#4430 = CARTESIAN_POINT('',(-14.5,-60.5,0.));
#4431 = DIRECTION('',(0.,0.,1.));
#4432 = DIRECTION('',(1.,0.,0.));
#4433 = ORIENTED_EDGE('',*,*,#4434,.F.);
#4434 = EDGE_CURVE('',#4435,#4426,#4437,.T.);
#4435 = VERTEX_POINT('',#4436);
#4436 = CARTESIAN_POINT('',(-12.32055052823,-65.,0.));
#4437 = CIRCLE('',#4438,5.);
#4438 = AXIS2_PLACEMENT_3D('',#4439,#4440,#4441);
#4439 = CARTESIAN_POINT('',(-14.5,-60.5,0.));
#4440 = DIRECTION('',(0.,0.,1.));
#4441 = DIRECTION('',(1.,0.,0.));
#4442 = ORIENTED_EDGE('',*,*,#4443,.T.);
#4443 = EDGE_CURVE('',#4435,#241,#4444,.T.);
#4444 = LINE('',#4445,#4446);
#4445 = CARTESIAN_POINT('',(-18.5,-65.,0.));
#4446 = VECTOR('',#4447,1.);
#4447 = DIRECTION('',(1.,0.,0.));
#4448 = ORIENTED_EDGE('',*,*,#240,.F.);
#4449 = ORIENTED_EDGE('',*,*,#4450,.T.);
#4450 = EDGE_CURVE('',#233,#4451,#4453,.T.);
#4451 = VERTEX_POINT('',#4452);
#4452 = CARTESIAN_POINT('',(18.5,-42.,0.));
#4453 = LINE('',#4454,#4455);
#4454 = CARTESIAN_POINT('',(18.5,-65.,0.));
#4455 = VECTOR('',#4456,1.);
#4456 = DIRECTION('',(0.,1.,0.));
#4457 = ORIENTED_EDGE('',*,*,#4458,.T.);
#4458 = EDGE_CURVE('',#4451,#4459,#4461,.T.);
#4459 = VERTEX_POINT('',#4460);
#4460 = CARTESIAN_POINT('',(17.,-42.,0.));
#4461 = LINE('',#4462,#4463);
#4462 = CARTESIAN_POINT('',(-0.75,-42.,0.));
#4463 = VECTOR('',#4464,1.);
#4464 = DIRECTION('',(-1.,0.,0.));
#4465 = ORIENTED_EDGE('',*,*,#4466,.T.);
#4466 = EDGE_CURVE('',#4459,#4467,#4469,.T.);
#4467 = VERTEX_POINT('',#4468);
#4468 = CARTESIAN_POINT('',(17.,-37.,0.));
#4469 = LINE('',#4470,#4471);
#4470 = CARTESIAN_POINT('',(17.,-53.5,0.));
#4471 = VECTOR('',#4472,1.);
#4472 = DIRECTION('',(0.,1.,0.));
#4473 = ORIENTED_EDGE('',*,*,#4474,.F.);
#4474 = EDGE_CURVE('',#3244,#4467,#4475,.T.);
#4475 = LINE('',#4476,#4477);
#4476 = CARTESIAN_POINT('',(-29.25,-37.,0.));
#4477 = VECTOR('',#4478,1.);
#4478 = DIRECTION('',(1.,0.,0.));
#4479 = ORIENTED_EDGE('',*,*,#3243,.F.);
#4480 = ORIENTED_EDGE('',*,*,#4324,.T.);
#4481 = ORIENTED_EDGE('',*,*,#3951,.T.);
#4482 = ORIENTED_EDGE('',*,*,#4483,.F.);
#4483 = EDGE_CURVE('',#4484,#3944,#4486,.T.);
#4484 = VERTEX_POINT('',#4485);
#4485 = CARTESIAN_POINT('',(-17.,-37.,0.));
#4486 = LINE('',#4487,#4488);
#4487 = CARTESIAN_POINT('',(-29.25,-37.,0.));
#4488 = VECTOR('',#4489,1.);
#4489 = DIRECTION('',(1.,0.,0.));
#4490 = ORIENTED_EDGE('',*,*,#4491,.F.);
#4491 = EDGE_CURVE('',#4492,#4484,#4494,.T.);
#4492 = VERTEX_POINT('',#4493);
#4493 = CARTESIAN_POINT('',(-17.,-42.,0.));
#4494 = LINE('',#4495,#4496);
#4495 = CARTESIAN_POINT('',(-17.,-53.5,0.));
#4496 = VECTOR('',#4497,1.);
#4497 = DIRECTION('',(0.,1.,0.));
#4498 = ORIENTED_EDGE('',*,*,#4499,.T.);
#4499 = EDGE_CURVE('',#4492,#4418,#4500,.T.);
#4500 = LINE('',#4501,#4502);
#4501 = CARTESIAN_POINT('',(-21.25,-42.,0.));
#4502 = VECTOR('',#4503,1.);
#4503 = DIRECTION('',(-1.,0.,0.));
#4504 = PLANE('',#4505);
#4505 = AXIS2_PLACEMENT_3D('',#4506,#4507,#4508);
#4506 = CARTESIAN_POINT('',(-18.5,-65.,0.));
#4507 = DIRECTION('',(0.,0.,1.));
#4508 = DIRECTION('',(1.,0.,0.));
#4509 = ADVANCED_FACE('',(#4510),#4528,.F.);
#4510 = FACE_BOUND('',#4511,.F.);
#4511 = EDGE_LOOP('',(#4512,#4513,#4521,#4527));
#4512 = ORIENTED_EDGE('',*,*,#3251,.F.);
#4513 = ORIENTED_EDGE('',*,*,#4514,.T.);
#4514 = EDGE_CURVE('',#3252,#4515,#4517,.T.);
#4515 = VERTEX_POINT('',#4516);
#4516 = CARTESIAN_POINT('',(17.,-37.,4.75));
#4517 = LINE('',#4518,#4519);
#4518 = CARTESIAN_POINT('',(-29.25,-37.,4.75));
#4519 = VECTOR('',#4520,1.);
#4520 = DIRECTION('',(1.,0.,0.));
#4521 = ORIENTED_EDGE('',*,*,#4522,.T.);
#4522 = EDGE_CURVE('',#4515,#4467,#4523,.T.);
#4523 = LINE('',#4524,#4525);
#4524 = CARTESIAN_POINT('',(17.,-37.,-4.5));
#4525 = VECTOR('',#4526,1.);
#4526 = DIRECTION('',(0.,0.,-1.));
#4527 = ORIENTED_EDGE('',*,*,#4474,.F.);
#4528 = PLANE('',#4529);
#4529 = AXIS2_PLACEMENT_3D('',#4530,#4531,#4532);
#4530 = CARTESIAN_POINT('',(-40.,-37.,-4.5));
#4531 = DIRECTION('',(0.,1.,0.));
#4532 = DIRECTION('',(0.,0.,1.));
#4533 = ADVANCED_FACE('',(#4534),#4561,.T.);
#4534 = FACE_BOUND('',#4535,.T.);
#4535 = EDGE_LOOP('',(#4536,#4537,#4538,#4539,#4547,#4555));
#4536 = ORIENTED_EDGE('',*,*,#3281,.F.);
#4537 = ORIENTED_EDGE('',*,*,#3259,.F.);
#4538 = ORIENTED_EDGE('',*,*,#4514,.T.);
#4539 = ORIENTED_EDGE('',*,*,#4540,.T.);
#4540 = EDGE_CURVE('',#4515,#4541,#4543,.T.);
#4541 = VERTEX_POINT('',#4542);
#4542 = CARTESIAN_POINT('',(17.,-42.,4.75));
#4543 = LINE('',#4544,#4545);
#4544 = CARTESIAN_POINT('',(17.,-53.5,4.75));
#4545 = VECTOR('',#4546,1.);
#4546 = DIRECTION('',(0.,-1.,0.));
#4547 = ORIENTED_EDGE('',*,*,#4548,.T.);
#4548 = EDGE_CURVE('',#4541,#4549,#4551,.T.);
#4549 = VERTEX_POINT('',#4550);
#4550 = CARTESIAN_POINT('',(18.5,-42.,4.75));
#4551 = LINE('',#4552,#4553);
#4552 = CARTESIAN_POINT('',(-0.75,-42.,4.75));
#4553 = VECTOR('',#4554,1.);
#4554 = DIRECTION('',(1.,0.,0.));
#4555 = ORIENTED_EDGE('',*,*,#4556,.T.);
#4556 = EDGE_CURVE('',#4549,#3274,#4557,.T.);
#4557 = LINE('',#4558,#4559);
#4558 = CARTESIAN_POINT('',(18.5,-65.,4.75));
#4559 = VECTOR('',#4560,1.);
#4560 = DIRECTION('',(0.,1.,0.));
#4561 = PLANE('',#4562);
#4562 = AXIS2_PLACEMENT_3D('',#4563,#4564,#4565);
#4563 = CARTESIAN_POINT('',(-18.5,-65.,4.75));
#4564 = DIRECTION('',(0.,0.,1.));
#4565 = DIRECTION('',(1.,0.,0.));
#4566 = ADVANCED_FACE('',(#4567),#4583,.F.);
#4567 = FACE_BOUND('',#4568,.F.);
#4568 = EDGE_LOOP('',(#4569,#4575,#4576,#4582));
#4569 = ORIENTED_EDGE('',*,*,#4570,.F.);
#4570 = EDGE_CURVE('',#4451,#4549,#4571,.T.);
#4571 = LINE('',#4572,#4573);
#4572 = CARTESIAN_POINT('',(18.5,-42.,-2.25));
#4573 = VECTOR('',#4574,1.);
#4574 = DIRECTION('',(0.,0.,1.));
#4575 = ORIENTED_EDGE('',*,*,#4458,.T.);
#4576 = ORIENTED_EDGE('',*,*,#4577,.T.);
#4577 = EDGE_CURVE('',#4459,#4541,#4578,.T.);
#4578 = LINE('',#4579,#4580);
#4579 = CARTESIAN_POINT('',(17.,-42.,-4.5));
#4580 = VECTOR('',#4581,1.);
#4581 = DIRECTION('',(0.,0.,1.));
#4582 = ORIENTED_EDGE('',*,*,#4548,.T.);
#4583 = PLANE('',#4584);
#4584 = AXIS2_PLACEMENT_3D('',#4585,#4586,#4587);
#4585 = CARTESIAN_POINT('',(17.,-42.,-4.5));
#4586 = DIRECTION('',(0.,1.,0.));
#4587 = DIRECTION('',(0.,0.,1.));
#4588 = ADVANCED_FACE('',(#4589),#4595,.F.);
#4589 = FACE_BOUND('',#4590,.F.);
#4590 = EDGE_LOOP('',(#4591,#4592,#4593,#4594));
#4591 = ORIENTED_EDGE('',*,*,#3312,.F.);
#4592 = ORIENTED_EDGE('',*,*,#3327,.T.);
#4593 = ORIENTED_EDGE('',*,*,#3568,.T.);
#4594 = ORIENTED_EDGE('',*,*,#3614,.F.);
#4595 = B_SPLINE_SURFACE_WITH_KNOTS('',1,1,(
    (#4596,#4597)
    ,(#4598,#4599
    )),.UNSPECIFIED.,.F.,.F.,.F.,(2,2),(2,2),(0.,11.),(-23.2,0.),
  .PIECEWISE_BEZIER_KNOTS.);
#4596 = CARTESIAN_POINT('',(-86.,-10.8,3.));
#4597 = CARTESIAN_POINT('',(-86.,-34.,3.));
#4598 = CARTESIAN_POINT('',(-86.,-10.8,14.));
#4599 = CARTESIAN_POINT('',(-86.,-34.,14.));
#4600 = ADVANCED_FACE('',(#4601),#4614,.F.);
#4601 = FACE_BOUND('',#4602,.F.);
#4602 = EDGE_LOOP('',(#4603,#4604,#4610,#4611,#4612,#4613));
#4603 = ORIENTED_EDGE('',*,*,#3622,.F.);
#4604 = ORIENTED_EDGE('',*,*,#4605,.F.);
#4605 = EDGE_CURVE('',#3342,#3623,#4606,.T.);
#4606 = LINE('',#4607,#4608);
#4607 = CARTESIAN_POINT('',(-63.3,-22.,-25.));
#4608 = VECTOR('',#4609,1.);
#4609 = DIRECTION('',(0.,0.,1.));
#4610 = ORIENTED_EDGE('',*,*,#3341,.T.);
#4611 = ORIENTED_EDGE('',*,*,#3440,.T.);
#4612 = ORIENTED_EDGE('',*,*,#4605,.T.);
#4613 = ORIENTED_EDGE('',*,*,#3721,.F.);
#4614 = CYLINDRICAL_SURFACE('',#4615,2.7);
#4615 = AXIS2_PLACEMENT_3D('',#4616,#4617,#4618);
#4616 = CARTESIAN_POINT('',(-66.,-22.,-25.));
#4617 = DIRECTION('',(0.,0.,1.));
#4618 = DIRECTION('',(1.,0.,0.));
#4619 = ADVANCED_FACE('',(#4620),#4633,.F.);
#4620 = FACE_BOUND('',#4621,.F.);
#4621 = EDGE_LOOP('',(#4622,#4623,#4629,#4630,#4631,#4632));
#4622 = ORIENTED_EDGE('',*,*,#3734,.F.);
#4623 = ORIENTED_EDGE('',*,*,#4624,.F.);
#4624 = EDGE_CURVE('',#3454,#3735,#4625,.T.);
#4625 = LINE('',#4626,#4627);
#4626 = CARTESIAN_POINT('',(-75.3,-22.,-25.));
#4627 = VECTOR('',#4628,1.);
#4628 = DIRECTION('',(0.,0.,1.));
#4629 = ORIENTED_EDGE('',*,*,#3453,.T.);
#4630 = ORIENTED_EDGE('',*,*,#3540,.T.);
#4631 = ORIENTED_EDGE('',*,*,#4624,.T.);
#4632 = ORIENTED_EDGE('',*,*,#3821,.F.);
#4633 = CYLINDRICAL_SURFACE('',#4634,2.7);
#4634 = AXIS2_PLACEMENT_3D('',#4635,#4636,#4637);
#4635 = CARTESIAN_POINT('',(-78.,-22.,-25.));
#4636 = DIRECTION('',(0.,0.,1.));
#4637 = DIRECTION('',(1.,0.,0.));
#4638 = ADVANCED_FACE('',(#4639),#4673,.T.);
#4639 = FACE_BOUND('',#4640,.T.);
#4640 = EDGE_LOOP('',(#4641,#4649,#4657,#4665,#4671,#4672));
#4641 = ORIENTED_EDGE('',*,*,#4642,.F.);
#4642 = EDGE_CURVE('',#4643,#4076,#4645,.T.);
#4643 = VERTEX_POINT('',#4644);
#4644 = CARTESIAN_POINT('',(-18.5,-42.,4.75));
#4645 = LINE('',#4646,#4647);
#4646 = CARTESIAN_POINT('',(-18.5,-65.,4.75));
#4647 = VECTOR('',#4648,1.);
#4648 = DIRECTION('',(0.,1.,0.));
#4649 = ORIENTED_EDGE('',*,*,#4650,.T.);
#4650 = EDGE_CURVE('',#4643,#4651,#4653,.T.);
#4651 = VERTEX_POINT('',#4652);
#4652 = CARTESIAN_POINT('',(-17.,-42.,4.75));
#4653 = LINE('',#4654,#4655);
#4654 = CARTESIAN_POINT('',(-21.25,-42.,4.75));
#4655 = VECTOR('',#4656,1.);
#4656 = DIRECTION('',(1.,0.,0.));
#4657 = ORIENTED_EDGE('',*,*,#4658,.F.);
#4658 = EDGE_CURVE('',#4659,#4651,#4661,.T.);
#4659 = VERTEX_POINT('',#4660);
#4660 = CARTESIAN_POINT('',(-17.,-37.,4.75));
#4661 = LINE('',#4662,#4663);
#4662 = CARTESIAN_POINT('',(-17.,-53.5,4.75));
#4663 = VECTOR('',#4664,1.);
#4664 = DIRECTION('',(0.,-1.,0.));
#4665 = ORIENTED_EDGE('',*,*,#4666,.T.);
#4666 = EDGE_CURVE('',#4659,#3936,#4667,.T.);
#4667 = LINE('',#4668,#4669);
#4668 = CARTESIAN_POINT('',(-29.25,-37.,4.75));
#4669 = VECTOR('',#4670,1.);
#4670 = DIRECTION('',(1.,0.,0.));
#4671 = ORIENTED_EDGE('',*,*,#3935,.T.);
#4672 = ORIENTED_EDGE('',*,*,#4075,.F.);
#4673 = PLANE('',#4674);
#4674 = AXIS2_PLACEMENT_3D('',#4675,#4676,#4677);
#4675 = CARTESIAN_POINT('',(-18.5,-65.,4.75));
#4676 = DIRECTION('',(0.,0.,1.));
#4677 = DIRECTION('',(1.,0.,0.));
#4678 = ADVANCED_FACE('',(#4679),#4690,.F.);
#4679 = FACE_BOUND('',#4680,.F.);
#4680 = EDGE_LOOP('',(#4681,#4687,#4688,#4689));
#4681 = ORIENTED_EDGE('',*,*,#4682,.F.);
#4682 = EDGE_CURVE('',#4659,#4484,#4683,.T.);
#4683 = LINE('',#4684,#4685);
#4684 = CARTESIAN_POINT('',(-17.,-37.,-4.5));
#4685 = VECTOR('',#4686,1.);
#4686 = DIRECTION('',(0.,0.,-1.));
#4687 = ORIENTED_EDGE('',*,*,#4666,.T.);
#4688 = ORIENTED_EDGE('',*,*,#3943,.T.);
#4689 = ORIENTED_EDGE('',*,*,#4483,.F.);
#4690 = PLANE('',#4691);
#4691 = AXIS2_PLACEMENT_3D('',#4692,#4693,#4694);
#4692 = CARTESIAN_POINT('',(-40.,-37.,-4.5));
#4693 = DIRECTION('',(0.,1.,0.));
#4694 = DIRECTION('',(0.,0.,1.));
#4695 = ADVANCED_FACE('',(#4696),#4714,.F.);
#4696 = FACE_BOUND('',#4697,.F.);
#4697 = EDGE_LOOP('',(#4698,#4706,#4707,#4708));
#4698 = ORIENTED_EDGE('',*,*,#4699,.F.);
#4699 = EDGE_CURVE('',#4025,#4700,#4702,.T.);
#4700 = VERTEX_POINT('',#4701);
#4701 = CARTESIAN_POINT('',(-12.,-29.6418,2.));
#4702 = LINE('',#4703,#4704);
#4703 = CARTESIAN_POINT('',(-12.,-32.,2.));
#4704 = VECTOR('',#4705,1.);
#4705 = DIRECTION('',(0.,1.,0.));
#4706 = ORIENTED_EDGE('',*,*,#4032,.T.);
#4707 = ORIENTED_EDGE('',*,*,#3976,.T.);
#4708 = ORIENTED_EDGE('',*,*,#4709,.F.);
#4709 = EDGE_CURVE('',#4700,#3977,#4710,.T.);
#4710 = LINE('',#4711,#4712);
#4711 = CARTESIAN_POINT('',(-12.,-29.6418,2.));
#4712 = VECTOR('',#4713,1.);
#4713 = DIRECTION('',(1.,0.,0.));
#4714 = PLANE('',#4715);
#4715 = AXIS2_PLACEMENT_3D('',#4716,#4717,#4718);
#4716 = CARTESIAN_POINT('',(-12.,-32.,2.));
#4717 = DIRECTION('',(0.,0.,1.));
#4718 = DIRECTION('',(1.,0.,0.));
#4719 = ADVANCED_FACE('',(#4720),#4738,.T.);
#4720 = FACE_BOUND('',#4721,.T.);
#4721 = EDGE_LOOP('',(#4722,#4723,#4731,#4737));
#4722 = ORIENTED_EDGE('',*,*,#4709,.F.);
#4723 = ORIENTED_EDGE('',*,*,#4724,.T.);
#4724 = EDGE_CURVE('',#4700,#4725,#4727,.T.);
#4725 = VERTEX_POINT('',#4726);
#4726 = CARTESIAN_POINT('',(-12.,-29.6418,10.));
#4727 = LINE('',#4728,#4729);
#4728 = CARTESIAN_POINT('',(-12.,-29.6418,2.));
#4729 = VECTOR('',#4730,1.);
#4730 = DIRECTION('',(0.,0.,1.));
#4731 = ORIENTED_EDGE('',*,*,#4732,.T.);
#4732 = EDGE_CURVE('',#4725,#3985,#4733,.T.);
#4733 = LINE('',#4734,#4735);
#4734 = CARTESIAN_POINT('',(-12.,-29.6418,10.));
#4735 = VECTOR('',#4736,1.);
#4736 = DIRECTION('',(1.,0.,0.));
#4737 = ORIENTED_EDGE('',*,*,#3984,.F.);
#4738 = PLANE('',#4739);
#4739 = AXIS2_PLACEMENT_3D('',#4740,#4741,#4742);
#4740 = CARTESIAN_POINT('',(-12.,-29.6418,2.));
#4741 = DIRECTION('',(0.,1.,0.));
#4742 = DIRECTION('',(0.,0.,1.));
#4743 = ADVANCED_FACE('',(#4744),#4755,.T.);
#4744 = FACE_BOUND('',#4745,.T.);
#4745 = EDGE_LOOP('',(#4746,#4752,#4753,#4754));
#4746 = ORIENTED_EDGE('',*,*,#4747,.F.);
#4747 = EDGE_CURVE('',#4017,#4725,#4748,.T.);
#4748 = LINE('',#4749,#4750);
#4749 = CARTESIAN_POINT('',(-12.,-32.,10.));
#4750 = VECTOR('',#4751,1.);
#4751 = DIRECTION('',(0.,1.,0.));
#4752 = ORIENTED_EDGE('',*,*,#4016,.T.);
#4753 = ORIENTED_EDGE('',*,*,#3992,.T.);
#4754 = ORIENTED_EDGE('',*,*,#4732,.F.);
#4755 = PLANE('',#4756);
#4756 = AXIS2_PLACEMENT_3D('',#4757,#4758,#4759);
#4757 = CARTESIAN_POINT('',(-12.,-32.,10.));
#4758 = DIRECTION('',(0.,0.,1.));
#4759 = DIRECTION('',(1.,0.,0.));
#4760 = ADVANCED_FACE('',(#4761),#4767,.F.);
#4761 = FACE_BOUND('',#4762,.F.);
#4762 = EDGE_LOOP('',(#4763,#4764,#4765,#4766));
#4763 = ORIENTED_EDGE('',*,*,#4024,.F.);
#4764 = ORIENTED_EDGE('',*,*,#4699,.T.);
#4765 = ORIENTED_EDGE('',*,*,#4724,.T.);
#4766 = ORIENTED_EDGE('',*,*,#4747,.F.);
#4767 = PLANE('',#4768);
#4768 = AXIS2_PLACEMENT_3D('',#4769,#4770,#4771);
#4769 = CARTESIAN_POINT('',(-12.,-32.,2.));
#4770 = DIRECTION('',(1.,0.,0.));
#4771 = DIRECTION('',(0.,0.,1.));
#4772 = ADVANCED_FACE('',(#4773),#4789,.F.);
#4773 = FACE_BOUND('',#4774,.F.);
#4774 = EDGE_LOOP('',(#4775,#4781,#4782,#4788));
#4775 = ORIENTED_EDGE('',*,*,#4776,.F.);
#4776 = EDGE_CURVE('',#4492,#4651,#4777,.T.);
#4777 = LINE('',#4778,#4779);
#4778 = CARTESIAN_POINT('',(-17.,-42.,-4.5));
#4779 = VECTOR('',#4780,1.);
#4780 = DIRECTION('',(0.,0.,1.));
#4781 = ORIENTED_EDGE('',*,*,#4499,.T.);
#4782 = ORIENTED_EDGE('',*,*,#4783,.T.);
#4783 = EDGE_CURVE('',#4418,#4643,#4784,.T.);
#4784 = LINE('',#4785,#4786);
#4785 = CARTESIAN_POINT('',(-18.5,-42.,-2.25));
#4786 = VECTOR('',#4787,1.);
#4787 = DIRECTION('',(0.,0.,1.));
#4788 = ORIENTED_EDGE('',*,*,#4650,.T.);
#4789 = PLANE('',#4790);
#4790 = AXIS2_PLACEMENT_3D('',#4791,#4792,#4793);
#4791 = CARTESIAN_POINT('',(-24.,-42.,-4.5));
#4792 = DIRECTION('',(0.,1.,0.));
#4793 = DIRECTION('',(0.,0.,1.));
#4794 = ADVANCED_FACE('',(#4795),#4831,.T.);
#4795 = FACE_BOUND('',#4796,.T.);
#4796 = EDGE_LOOP('',(#4797,#4798,#4806,#4815,#4824,#4830));
#4797 = ORIENTED_EDGE('',*,*,#4425,.T.);
#4798 = ORIENTED_EDGE('',*,*,#4799,.T.);
#4799 = EDGE_CURVE('',#4416,#4800,#4802,.T.);
#4800 = VERTEX_POINT('',#4801);
#4801 = CARTESIAN_POINT('',(-18.5,-57.5,4.75));
#4802 = LINE('',#4803,#4804);
#4803 = CARTESIAN_POINT('',(-18.5,-57.5,0.));
#4804 = VECTOR('',#4805,1.);
#4805 = DIRECTION('',(0.,0.,1.));
#4806 = ORIENTED_EDGE('',*,*,#4807,.F.);
#4807 = EDGE_CURVE('',#4808,#4800,#4810,.T.);
#4808 = VERTEX_POINT('',#4809);
#4809 = CARTESIAN_POINT('',(-9.5,-60.5,4.75));
#4810 = CIRCLE('',#4811,5.);
#4811 = AXIS2_PLACEMENT_3D('',#4812,#4813,#4814);
#4812 = CARTESIAN_POINT('',(-14.5,-60.5,4.75));
#4813 = DIRECTION('',(0.,0.,1.));
#4814 = DIRECTION('',(1.,0.,0.));
#4815 = ORIENTED_EDGE('',*,*,#4816,.F.);
#4816 = EDGE_CURVE('',#4817,#4808,#4819,.T.);
#4817 = VERTEX_POINT('',#4818);
#4818 = CARTESIAN_POINT('',(-12.32055052823,-65.,4.75));
#4819 = CIRCLE('',#4820,5.);
#4820 = AXIS2_PLACEMENT_3D('',#4821,#4822,#4823);
#4821 = CARTESIAN_POINT('',(-14.5,-60.5,4.75));
#4822 = DIRECTION('',(0.,0.,1.));
#4823 = DIRECTION('',(1.,0.,0.));
#4824 = ORIENTED_EDGE('',*,*,#4825,.F.);
#4825 = EDGE_CURVE('',#4435,#4817,#4826,.T.);
#4826 = LINE('',#4827,#4828);
#4827 = CARTESIAN_POINT('',(-12.32055052823,-65.,0.));
#4828 = VECTOR('',#4829,1.);
#4829 = DIRECTION('',(0.,0.,1.));
#4830 = ORIENTED_EDGE('',*,*,#4434,.T.);
#4831 = CYLINDRICAL_SURFACE('',#4832,5.);
#4832 = AXIS2_PLACEMENT_3D('',#4833,#4834,#4835);
#4833 = CARTESIAN_POINT('',(-14.5,-60.5,0.));
#4834 = DIRECTION('',(0.,0.,1.));
#4835 = DIRECTION('',(1.,0.,0.));
#4836 = ADVANCED_FACE('',(#4837,#4864),#4875,.T.);
#4837 = FACE_BOUND('',#4838,.T.);
#4838 = EDGE_LOOP('',(#4839,#4840,#4841,#4849,#4858));
#4839 = ORIENTED_EDGE('',*,*,#4816,.T.);
#4840 = ORIENTED_EDGE('',*,*,#4807,.T.);
#4841 = ORIENTED_EDGE('',*,*,#4842,.T.);
#4842 = EDGE_CURVE('',#4800,#4843,#4845,.T.);
#4843 = VERTEX_POINT('',#4844);
#4844 = CARTESIAN_POINT('',(-18.5,-63.5,4.75));
#4845 = LINE('',#4846,#4847);
#4846 = CARTESIAN_POINT('',(-18.5,-62.75,4.75));
#4847 = VECTOR('',#4848,1.);
#4848 = DIRECTION('',(0.,-1.,0.));
#4849 = ORIENTED_EDGE('',*,*,#4850,.T.);
#4850 = EDGE_CURVE('',#4843,#4851,#4853,.T.);
#4851 = VERTEX_POINT('',#4852);
#4852 = CARTESIAN_POINT('',(-16.67944947177,-65.,4.75));
#4853 = CIRCLE('',#4854,5.);
#4854 = AXIS2_PLACEMENT_3D('',#4855,#4856,#4857);
#4855 = CARTESIAN_POINT('',(-14.5,-60.5,4.75));
#4856 = DIRECTION('',(0.,0.,1.));
#4857 = DIRECTION('',(1.,0.,0.));
#4858 = ORIENTED_EDGE('',*,*,#4859,.T.);
#4859 = EDGE_CURVE('',#4851,#4817,#4860,.T.);
#4860 = LINE('',#4861,#4862);
#4861 = CARTESIAN_POINT('',(-16.5,-65.,4.75));
#4862 = VECTOR('',#4863,1.);
#4863 = DIRECTION('',(1.,0.,0.));
#4864 = FACE_BOUND('',#4865,.T.);
#4865 = EDGE_LOOP('',(#4866));
#4866 = ORIENTED_EDGE('',*,*,#4867,.F.);
#4867 = EDGE_CURVE('',#4868,#4868,#4870,.T.);
#4868 = VERTEX_POINT('',#4869);
#4869 = CARTESIAN_POINT('',(-12.9,-60.5,4.75));
#4870 = CIRCLE('',#4871,1.6);
#4871 = AXIS2_PLACEMENT_3D('',#4872,#4873,#4874);
#4872 = CARTESIAN_POINT('',(-14.5,-60.5,4.75));
#4873 = DIRECTION('',(0.,0.,1.));
#4874 = DIRECTION('',(1.,0.,0.));
#4875 = PLANE('',#4876);
#4876 = AXIS2_PLACEMENT_3D('',#4877,#4878,#4879);
#4877 = CARTESIAN_POINT('',(-14.5,-60.5,4.75));
#4878 = DIRECTION('',(0.,0.,1.));
#4879 = DIRECTION('',(1.,0.,0.));
#4880 = ADVANCED_FACE('',(#4881,#4909),#4920,.F.);
#4881 = FACE_BOUND('',#4882,.F.);
#4882 = EDGE_LOOP('',(#4883,#4894,#4903));
#4883 = ORIENTED_EDGE('',*,*,#4884,.T.);
#4884 = EDGE_CURVE('',#4885,#4887,#4889,.T.);
#4885 = VERTEX_POINT('',#4886);
#4886 = CARTESIAN_POINT('',(-18.5,-61.93614066163,-1.5));
#4887 = VERTEX_POINT('',#4888);
#4888 = CARTESIAN_POINT('',(-10.25,-60.5,-1.5));
#4889 = CIRCLE('',#4890,4.25);
#4890 = AXIS2_PLACEMENT_3D('',#4891,#4892,#4893);
#4891 = CARTESIAN_POINT('',(-14.5,-60.5,-1.5));
#4892 = DIRECTION('',(0.,0.,1.));
#4893 = DIRECTION('',(1.,0.,0.));
#4894 = ORIENTED_EDGE('',*,*,#4895,.T.);
#4895 = EDGE_CURVE('',#4887,#4896,#4898,.T.);
#4896 = VERTEX_POINT('',#4897);
#4897 = CARTESIAN_POINT('',(-18.5,-59.06385933836,-1.5));
#4898 = CIRCLE('',#4899,4.25);
#4899 = AXIS2_PLACEMENT_3D('',#4900,#4901,#4902);
#4900 = CARTESIAN_POINT('',(-14.5,-60.5,-1.5));
#4901 = DIRECTION('',(0.,0.,1.));
#4902 = DIRECTION('',(1.,0.,0.));
#4903 = ORIENTED_EDGE('',*,*,#4904,.F.);
#4904 = EDGE_CURVE('',#4885,#4896,#4905,.T.);
#4905 = LINE('',#4906,#4907);
#4906 = CARTESIAN_POINT('',(-18.5,-62.75,-1.5));
#4907 = VECTOR('',#4908,1.);
#4908 = DIRECTION('',(-0.,1.,0.));
#4909 = FACE_BOUND('',#4910,.F.);
#4910 = EDGE_LOOP('',(#4911));
#4911 = ORIENTED_EDGE('',*,*,#4912,.F.);
#4912 = EDGE_CURVE('',#4913,#4913,#4915,.T.);
#4913 = VERTEX_POINT('',#4914);
#4914 = CARTESIAN_POINT('',(-12.9,-60.5,-1.5));
#4915 = CIRCLE('',#4916,1.6);
#4916 = AXIS2_PLACEMENT_3D('',#4917,#4918,#4919);
#4917 = CARTESIAN_POINT('',(-14.5,-60.5,-1.5));
#4918 = DIRECTION('',(0.,0.,1.));
#4919 = DIRECTION('',(1.,0.,0.));
#4920 = PLANE('',#4921);
#4921 = AXIS2_PLACEMENT_3D('',#4922,#4923,#4924);
#4922 = CARTESIAN_POINT('',(-14.5,-60.5,-1.5));
#4923 = DIRECTION('',(0.,0.,1.));
#4924 = DIRECTION('',(1.,0.,0.));
#4925 = ADVANCED_FACE('',(#4926),#4951,.T.);
#4926 = FACE_BOUND('',#4927,.T.);
#4927 = EDGE_LOOP('',(#4928,#4936,#4944,#4950));
#4928 = ORIENTED_EDGE('',*,*,#4929,.F.);
#4929 = EDGE_CURVE('',#4930,#4885,#4932,.T.);
#4930 = VERTEX_POINT('',#4931);
#4931 = CARTESIAN_POINT('',(-18.5,-61.93614066163,-4.5));
#4932 = LINE('',#4933,#4934);
#4933 = CARTESIAN_POINT('',(-18.5,-61.93614066163,-4.5));
#4934 = VECTOR('',#4935,1.);
#4935 = DIRECTION('',(0.,0.,1.));
#4936 = ORIENTED_EDGE('',*,*,#4937,.T.);
#4937 = EDGE_CURVE('',#4930,#4938,#4940,.T.);
#4938 = VERTEX_POINT('',#4939);
#4939 = CARTESIAN_POINT('',(-18.5,-59.06385933836,-4.5));
#4940 = LINE('',#4941,#4942);
#4941 = CARTESIAN_POINT('',(-18.5,-65.,-4.5));
#4942 = VECTOR('',#4943,1.);
#4943 = DIRECTION('',(-0.,1.,0.));
#4944 = ORIENTED_EDGE('',*,*,#4945,.T.);
#4945 = EDGE_CURVE('',#4938,#4896,#4946,.T.);
#4946 = LINE('',#4947,#4948);
#4947 = CARTESIAN_POINT('',(-18.5,-59.06385933836,-4.5));
#4948 = VECTOR('',#4949,1.);
#4949 = DIRECTION('',(0.,0.,1.));
#4950 = ORIENTED_EDGE('',*,*,#4904,.F.);
#4951 = PLANE('',#4952);
#4952 = AXIS2_PLACEMENT_3D('',#4953,#4954,#4955);
#4953 = CARTESIAN_POINT('',(-18.5,-65.,-4.5));
#4954 = DIRECTION('',(1.,0.,-0.));
#4955 = DIRECTION('',(0.,0.,1.));
#4956 = ADVANCED_FACE('',(#4957),#4968,.F.);
#4957 = FACE_BOUND('',#4958,.F.);
#4958 = EDGE_LOOP('',(#4959,#4965,#4966,#4967));
#4959 = ORIENTED_EDGE('',*,*,#4960,.T.);
#4960 = EDGE_CURVE('',#4913,#4868,#4961,.T.);
#4961 = LINE('',#4962,#4963);
#4962 = CARTESIAN_POINT('',(-12.9,-60.5,-8.));
#4963 = VECTOR('',#4964,1.);
#4964 = DIRECTION('',(0.,0.,1.));
#4965 = ORIENTED_EDGE('',*,*,#4867,.F.);
#4966 = ORIENTED_EDGE('',*,*,#4960,.F.);
#4967 = ORIENTED_EDGE('',*,*,#4912,.T.);
#4968 = CYLINDRICAL_SURFACE('',#4969,1.6);
#4969 = AXIS2_PLACEMENT_3D('',#4970,#4971,#4972);
#4970 = CARTESIAN_POINT('',(-14.5,-60.5,-8.));
#4971 = DIRECTION('',(0.,0.,1.));
#4972 = DIRECTION('',(1.,0.,0.));
#4973 = ADVANCED_FACE('',(#4974),#5000,.T.);
#4974 = FACE_BOUND('',#4975,.T.);
#4975 = EDGE_LOOP('',(#4976,#4977,#4985,#4994));
#4976 = ORIENTED_EDGE('',*,*,#4850,.F.);
#4977 = ORIENTED_EDGE('',*,*,#4978,.F.);
#4978 = EDGE_CURVE('',#4979,#4843,#4981,.T.);
#4979 = VERTEX_POINT('',#4980);
#4980 = CARTESIAN_POINT('',(-18.5,-63.5,0.));
#4981 = LINE('',#4982,#4983);
#4982 = CARTESIAN_POINT('',(-18.5,-63.5,0.));
#4983 = VECTOR('',#4984,1.);
#4984 = DIRECTION('',(0.,0.,1.));
#4985 = ORIENTED_EDGE('',*,*,#4986,.T.);
#4986 = EDGE_CURVE('',#4979,#4987,#4989,.T.);
#4987 = VERTEX_POINT('',#4988);
#4988 = CARTESIAN_POINT('',(-16.67944947177,-65.,0.));
#4989 = CIRCLE('',#4990,5.);
#4990 = AXIS2_PLACEMENT_3D('',#4991,#4992,#4993);
#4991 = CARTESIAN_POINT('',(-14.5,-60.5,0.));
#4992 = DIRECTION('',(0.,0.,1.));
#4993 = DIRECTION('',(1.,0.,0.));
#4994 = ORIENTED_EDGE('',*,*,#4995,.T.);
#4995 = EDGE_CURVE('',#4987,#4851,#4996,.T.);
#4996 = LINE('',#4997,#4998);
#4997 = CARTESIAN_POINT('',(-16.67944947177,-65.,0.));
#4998 = VECTOR('',#4999,1.);
#4999 = DIRECTION('',(0.,0.,1.));
#5000 = CYLINDRICAL_SURFACE('',#5001,5.);
#5001 = AXIS2_PLACEMENT_3D('',#5002,#5003,#5004);
#5002 = CARTESIAN_POINT('',(-14.5,-60.5,0.));
#5003 = DIRECTION('',(0.,0.,1.));
#5004 = DIRECTION('',(1.,0.,0.));
#5005 = ADVANCED_FACE('',(#5006),#5023,.T.);
#5006 = FACE_BOUND('',#5007,.T.);
#5007 = EDGE_LOOP('',(#5008,#5016,#5022));
#5008 = ORIENTED_EDGE('',*,*,#5009,.F.);
#5009 = EDGE_CURVE('',#5010,#4979,#5012,.T.);
#5010 = VERTEX_POINT('',#5011);
#5011 = CARTESIAN_POINT('',(-18.5,-65.,0.));
#5012 = LINE('',#5013,#5014);
#5013 = CARTESIAN_POINT('',(-18.5,-65.,0.));
#5014 = VECTOR('',#5015,1.);
#5015 = DIRECTION('',(0.,1.,0.));
#5016 = ORIENTED_EDGE('',*,*,#5017,.T.);
#5017 = EDGE_CURVE('',#5010,#4987,#5018,.T.);
#5018 = LINE('',#5019,#5020);
#5019 = CARTESIAN_POINT('',(-18.5,-65.,0.));
#5020 = VECTOR('',#5021,1.);
#5021 = DIRECTION('',(1.,0.,0.));
#5022 = ORIENTED_EDGE('',*,*,#4986,.F.);
#5023 = PLANE('',#5024);
#5024 = AXIS2_PLACEMENT_3D('',#5025,#5026,#5027);
#5025 = CARTESIAN_POINT('',(-18.5,-65.,0.));
#5026 = DIRECTION('',(0.,0.,1.));
#5027 = DIRECTION('',(1.,0.,0.));
#5028 = ADVANCED_FACE('',(#5029),#5035,.T.);
#5029 = FACE_BOUND('',#5030,.T.);
#5030 = EDGE_LOOP('',(#5031,#5032,#5033,#5034));
#5031 = ORIENTED_EDGE('',*,*,#4211,.F.);
#5032 = ORIENTED_EDGE('',*,*,#4138,.T.);
#5033 = ORIENTED_EDGE('',*,*,#4170,.T.);
#5034 = ORIENTED_EDGE('',*,*,#4193,.F.);
#5035 = PLANE('',#5036);
#5036 = AXIS2_PLACEMENT_3D('',#5037,#5038,#5039);
#5037 = CARTESIAN_POINT('',(21.,-15.,0.));
#5038 = DIRECTION('',(0.,0.,1.));
#5039 = DIRECTION('',(1.,0.,0.));
#5040 = ADVANCED_FACE('',(#5041),#5047,.T.);
#5041 = FACE_BOUND('',#5042,.T.);
#5042 = EDGE_LOOP('',(#5043,#5044,#5045,#5046));
#5043 = ORIENTED_EDGE('',*,*,#4307,.F.);
#5044 = ORIENTED_EDGE('',*,*,#4234,.T.);
#5045 = ORIENTED_EDGE('',*,*,#4266,.T.);
#5046 = ORIENTED_EDGE('',*,*,#4289,.F.);
#5047 = PLANE('',#5048);
#5048 = AXIS2_PLACEMENT_3D('',#5049,#5050,#5051);
#5049 = CARTESIAN_POINT('',(-29.5,-15.,0.));
#5050 = DIRECTION('',(0.,0.,1.));
#5051 = DIRECTION('',(1.,0.,0.));
#5052 = ADVANCED_FACE('',(#5053),#5059,.T.);
#5053 = FACE_BOUND('',#5054,.T.);
#5054 = EDGE_LOOP('',(#5055,#5056,#5057,#5058));
#5055 = ORIENTED_EDGE('',*,*,#4776,.F.);
#5056 = ORIENTED_EDGE('',*,*,#4491,.T.);
#5057 = ORIENTED_EDGE('',*,*,#4682,.F.);
#5058 = ORIENTED_EDGE('',*,*,#4658,.T.);
#5059 = PLANE('',#5060);
#5060 = AXIS2_PLACEMENT_3D('',#5061,#5062,#5063);
#5061 = CARTESIAN_POINT('',(-17.,-42.,-4.5));
#5062 = DIRECTION('',(1.,0.,0.));
#5063 = DIRECTION('',(0.,0.,1.));
#5064 = ADVANCED_FACE('',(#5065),#5071,.F.);
#5065 = FACE_BOUND('',#5066,.F.);
#5066 = EDGE_LOOP('',(#5067,#5068,#5069,#5070));
#5067 = ORIENTED_EDGE('',*,*,#4577,.F.);
#5068 = ORIENTED_EDGE('',*,*,#4466,.T.);
#5069 = ORIENTED_EDGE('',*,*,#4522,.F.);
#5070 = ORIENTED_EDGE('',*,*,#4540,.T.);
#5071 = PLANE('',#5072);
#5072 = AXIS2_PLACEMENT_3D('',#5073,#5074,#5075);
#5073 = CARTESIAN_POINT('',(17.,-42.,-4.5));
#5074 = DIRECTION('',(1.,0.,0.));
#5075 = DIRECTION('',(0.,0.,1.));
#5076 = ADVANCED_FACE('',(#5077,#5119,#5138,#5142,#5147),#5152,.T.);
#5077 = FACE_BOUND('',#5078,.T.);
#5078 = EDGE_LOOP('',(#5079,#5080,#5081,#5082,#5083,#5084,#5085,#5086,
    #5087,#5088,#5089,#5090,#5091,#5092,#5093,#5094,#5095,#5096,#5097,
    #5098,#5099,#5100,#5101,#5102,#5108,#5109,#5115,#5116,#5117,#5118));
#5079 = ORIENTED_EDGE('',*,*,#281,.T.);
#5080 = ORIENTED_EDGE('',*,*,#1928,.T.);
#5081 = ORIENTED_EDGE('',*,*,#1906,.F.);
#5082 = ORIENTED_EDGE('',*,*,#1883,.T.);
#5083 = ORIENTED_EDGE('',*,*,#1851,.T.);
#5084 = ORIENTED_EDGE('',*,*,#1821,.T.);
#5085 = ORIENTED_EDGE('',*,*,#1782,.T.);
#5086 = ORIENTED_EDGE('',*,*,#1736,.T.);
#5087 = ORIENTED_EDGE('',*,*,#1664,.T.);
#5088 = ORIENTED_EDGE('',*,*,#1606,.T.);
#5089 = ORIENTED_EDGE('',*,*,#1558,.T.);
#5090 = ORIENTED_EDGE('',*,*,#1106,.F.);
#5091 = ORIENTED_EDGE('',*,*,#1072,.T.);
#5092 = ORIENTED_EDGE('',*,*,#1335,.F.);
#5093 = ORIENTED_EDGE('',*,*,#1359,.T.);
#5094 = ORIENTED_EDGE('',*,*,#1383,.F.);
#5095 = ORIENTED_EDGE('',*,*,#1400,.F.);
#5096 = ORIENTED_EDGE('',*,*,#863,.T.);
#5097 = ORIENTED_EDGE('',*,*,#547,.T.);
#5098 = ORIENTED_EDGE('',*,*,#884,.F.);
#5099 = ORIENTED_EDGE('',*,*,#488,.F.);
#5100 = ORIENTED_EDGE('',*,*,#1534,.T.);
#5101 = ORIENTED_EDGE('',*,*,#959,.F.);
#5102 = ORIENTED_EDGE('',*,*,#5103,.F.);
#5103 = EDGE_CURVE('',#2552,#952,#5104,.T.);
#5104 = LINE('',#5105,#5106);
#5105 = CARTESIAN_POINT('',(24.,-42.,-4.5));
#5106 = VECTOR('',#5107,1.);
#5107 = DIRECTION('',(0.,1.,0.));
#5108 = ORIENTED_EDGE('',*,*,#2551,.F.);
#5109 = ORIENTED_EDGE('',*,*,#5110,.T.);
#5110 = EDGE_CURVE('',#2544,#1447,#5111,.T.);
#5111 = LINE('',#5112,#5113);
#5112 = CARTESIAN_POINT('',(-24.,-65.,-4.5));
#5113 = VECTOR('',#5114,1.);
#5114 = DIRECTION('',(-0.,1.,0.));
#5115 = ORIENTED_EDGE('',*,*,#1446,.F.);
#5116 = ORIENTED_EDGE('',*,*,#1423,.F.);
#5117 = ORIENTED_EDGE('',*,*,#409,.F.);
#5118 = ORIENTED_EDGE('',*,*,#351,.T.);
#5119 = FACE_BOUND('',#5120,.T.);
#5120 = EDGE_LOOP('',(#5121,#5130,#5131));
#5121 = ORIENTED_EDGE('',*,*,#5122,.T.);
#5122 = EDGE_CURVE('',#5123,#4938,#5125,.T.);
#5123 = VERTEX_POINT('',#5124);
#5124 = CARTESIAN_POINT('',(-10.25,-60.5,-4.5));
#5125 = CIRCLE('',#5126,4.25);
#5126 = AXIS2_PLACEMENT_3D('',#5127,#5128,#5129);
#5127 = CARTESIAN_POINT('',(-14.5,-60.5,-4.5));
#5128 = DIRECTION('',(0.,0.,1.));
#5129 = DIRECTION('',(1.,0.,0.));
#5130 = ORIENTED_EDGE('',*,*,#4937,.F.);
#5131 = ORIENTED_EDGE('',*,*,#5132,.T.);
#5132 = EDGE_CURVE('',#4930,#5123,#5133,.T.);
#5133 = CIRCLE('',#5134,4.25);
#5134 = AXIS2_PLACEMENT_3D('',#5135,#5136,#5137);
#5135 = CARTESIAN_POINT('',(-14.5,-60.5,-4.5));
#5136 = DIRECTION('',(0.,0.,1.));
#5137 = DIRECTION('',(1.,0.,0.));
#5138 = FACE_BOUND('',#5139,.T.);
#5139 = EDGE_LOOP('',(#5140,#5141));
#5140 = ORIENTED_EDGE('',*,*,#148,.T.);
#5141 = ORIENTED_EDGE('',*,*,#198,.T.);
#5142 = FACE_BOUND('',#5143,.T.);
#5143 = EDGE_LOOP('',(#5144,#5145,#5146));
#5144 = ORIENTED_EDGE('',*,*,#2077,.T.);
#5145 = ORIENTED_EDGE('',*,*,#2086,.T.);
#5146 = ORIENTED_EDGE('',*,*,#2095,.T.);
#5147 = FACE_BOUND('',#5148,.T.);
#5148 = EDGE_LOOP('',(#5149,#5150,#5151));
#5149 = ORIENTED_EDGE('',*,*,#3067,.T.);
#5150 = ORIENTED_EDGE('',*,*,#3076,.T.);
#5151 = ORIENTED_EDGE('',*,*,#3058,.T.);
#5152 = PLANE('',#5153);
#5153 = AXIS2_PLACEMENT_3D('',#5154,#5155,#5156);
#5154 = CARTESIAN_POINT('',(-9.860055316959E-16,-35.56753833693,-4.5));
#5155 = DIRECTION('',(-0.,-0.,-1.));
#5156 = DIRECTION('',(-1.,0.,0.));
#5157 = ADVANCED_FACE('',(#5158),#5214,.T.);
#5158 = FACE_BOUND('',#5159,.T.);
#5159 = EDGE_LOOP('',(#5160,#5168,#5169,#5177,#5185,#5191,#5192,#5193,
    #5194,#5195,#5196,#5197,#5198,#5199,#5200,#5208));
#5160 = ORIENTED_EDGE('',*,*,#5161,.T.);
#5161 = EDGE_CURVE('',#5162,#4099,#5164,.T.);
#5162 = VERTEX_POINT('',#5163);
#5163 = CARTESIAN_POINT('',(-24.,-65.,7.5));
#5164 = LINE('',#5165,#5166);
#5165 = CARTESIAN_POINT('',(-24.,-65.,-8.));
#5166 = VECTOR('',#5167,1.);
#5167 = DIRECTION('',(0.,0.,1.));
#5168 = ORIENTED_EDGE('',*,*,#4115,.T.);
#5169 = ORIENTED_EDGE('',*,*,#5170,.F.);
#5170 = EDGE_CURVE('',#5171,#4108,#5173,.T.);
#5171 = VERTEX_POINT('',#5172);
#5172 = CARTESIAN_POINT('',(24.,-65.,7.5));
#5173 = LINE('',#5174,#5175);
#5174 = CARTESIAN_POINT('',(24.,-65.,-8.));
#5175 = VECTOR('',#5176,1.);
#5176 = DIRECTION('',(0.,0.,1.));
#5177 = ORIENTED_EDGE('',*,*,#5178,.F.);
#5178 = EDGE_CURVE('',#5179,#5171,#5181,.T.);
#5179 = VERTEX_POINT('',#5180);
#5180 = CARTESIAN_POINT('',(18.5,-65.,7.5));
#5181 = LINE('',#5182,#5183);
#5182 = CARTESIAN_POINT('',(18.5,-65.,7.5));
#5183 = VECTOR('',#5184,1.);
#5184 = DIRECTION('',(1.,0.,-0.));
#5185 = ORIENTED_EDGE('',*,*,#5186,.F.);
#5186 = EDGE_CURVE('',#22,#5179,#5187,.T.);
#5187 = LINE('',#5188,#5189);
#5188 = CARTESIAN_POINT('',(18.5,-65.,0.));
#5189 = VECTOR('',#5190,1.);
#5190 = DIRECTION('',(0.,0.,1.));
#5191 = ORIENTED_EDGE('',*,*,#40,.F.);
#5192 = ORIENTED_EDGE('',*,*,#71,.T.);
#5193 = ORIENTED_EDGE('',*,*,#103,.F.);
#5194 = ORIENTED_EDGE('',*,*,#249,.F.);
#5195 = ORIENTED_EDGE('',*,*,#4443,.F.);
#5196 = ORIENTED_EDGE('',*,*,#4825,.T.);
#5197 = ORIENTED_EDGE('',*,*,#4859,.F.);
#5198 = ORIENTED_EDGE('',*,*,#4995,.F.);
#5199 = ORIENTED_EDGE('',*,*,#5017,.F.);
#5200 = ORIENTED_EDGE('',*,*,#5201,.T.);
#5201 = EDGE_CURVE('',#5010,#5202,#5204,.T.);
#5202 = VERTEX_POINT('',#5203);
#5203 = CARTESIAN_POINT('',(-18.5,-65.,7.5));
#5204 = LINE('',#5205,#5206);
#5205 = CARTESIAN_POINT('',(-18.5,-65.,0.));
#5206 = VECTOR('',#5207,1.);
#5207 = DIRECTION('',(0.,0.,1.));
#5208 = ORIENTED_EDGE('',*,*,#5209,.F.);
#5209 = EDGE_CURVE('',#5162,#5202,#5210,.T.);
#5210 = LINE('',#5211,#5212);
#5211 = CARTESIAN_POINT('',(-24.,-65.,7.5));
#5212 = VECTOR('',#5213,1.);
#5213 = DIRECTION('',(1.,0.,-0.));
#5214 = PLANE('',#5215);
#5215 = AXIS2_PLACEMENT_3D('',#5216,#5217,#5218);
#5216 = CARTESIAN_POINT('',(4.04856004836E-14,-65.,6.395931942184));
#5217 = DIRECTION('',(0.,1.,0.));
#5218 = DIRECTION('',(0.,-0.,1.));
#5219 = ADVANCED_FACE('',(#5220),#5239,.T.);
#5220 = FACE_BOUND('',#5221,.T.);
#5221 = EDGE_LOOP('',(#5222,#5223,#5224,#5225,#5226,#5227,#5228,#5229,
    #5230,#5231,#5237,#5238));
#5222 = ORIENTED_EDGE('',*,*,#3273,.F.);
#5223 = ORIENTED_EDGE('',*,*,#4556,.F.);
#5224 = ORIENTED_EDGE('',*,*,#4570,.F.);
#5225 = ORIENTED_EDGE('',*,*,#4450,.F.);
#5226 = ORIENTED_EDGE('',*,*,#232,.T.);
#5227 = ORIENTED_EDGE('',*,*,#86,.T.);
#5228 = ORIENTED_EDGE('',*,*,#54,.F.);
#5229 = ORIENTED_EDGE('',*,*,#21,.F.);
#5230 = ORIENTED_EDGE('',*,*,#5186,.T.);
#5231 = ORIENTED_EDGE('',*,*,#5232,.T.);
#5232 = EDGE_CURVE('',#5179,#936,#5233,.T.);
#5233 = LINE('',#5234,#5235);
#5234 = CARTESIAN_POINT('',(18.5,-60.15725806451,7.5));
#5235 = VECTOR('',#5236,1.);
#5236 = DIRECTION('',(0.,1.,0.));
#5237 = ORIENTED_EDGE('',*,*,#935,.F.);
#5238 = ORIENTED_EDGE('',*,*,#3110,.T.);
#5239 = PLANE('',#5240);
#5240 = AXIS2_PLACEMENT_3D('',#5241,#5242,#5243);
#5241 = CARTESIAN_POINT('',(18.5,-49.29292929292,5.468434343434));
#5242 = DIRECTION('',(-1.,-0.,-0.));
#5243 = DIRECTION('',(0.,0.,-1.));
#5244 = ADVANCED_FACE('',(#5245),#5260,.T.);
#5245 = FACE_BOUND('',#5246,.T.);
#5246 = EDGE_LOOP('',(#5247,#5253,#5254,#5255,#5256,#5257,#5258,#5259));
#5247 = ORIENTED_EDGE('',*,*,#5248,.F.);
#5248 = EDGE_CURVE('',#5171,#944,#5249,.T.);
#5249 = LINE('',#5250,#5251);
#5250 = CARTESIAN_POINT('',(24.,-42.,7.5));
#5251 = VECTOR('',#5252,1.);
#5252 = DIRECTION('',(0.,1.,0.));
#5253 = ORIENTED_EDGE('',*,*,#5170,.T.);
#5254 = ORIENTED_EDGE('',*,*,#4107,.F.);
#5255 = ORIENTED_EDGE('',*,*,#3863,.T.);
#5256 = ORIENTED_EDGE('',*,*,#2518,.T.);
#5257 = ORIENTED_EDGE('',*,*,#2559,.T.);
#5258 = ORIENTED_EDGE('',*,*,#5103,.T.);
#5259 = ORIENTED_EDGE('',*,*,#951,.F.);
#5260 = PLANE('',#5261);
#5261 = AXIS2_PLACEMENT_3D('',#5262,#5263,#5264);
#5262 = CARTESIAN_POINT('',(24.,-54.24,1.72));
#5263 = DIRECTION('',(1.,0.,0.));
#5264 = DIRECTION('',(-0.,0.,1.));
#5265 = ADVANCED_FACE('',(#5266),#5272,.T.);
#5266 = FACE_BOUND('',#5267,.T.);
#5267 = EDGE_LOOP('',(#5268,#5269,#5270,#5271));
#5268 = ORIENTED_EDGE('',*,*,#5232,.F.);
#5269 = ORIENTED_EDGE('',*,*,#5178,.T.);
#5270 = ORIENTED_EDGE('',*,*,#5248,.T.);
#5271 = ORIENTED_EDGE('',*,*,#943,.F.);
#5272 = PLANE('',#5273);
#5273 = AXIS2_PLACEMENT_3D('',#5274,#5275,#5276);
#5274 = CARTESIAN_POINT('',(21.25,-51.,7.5));
#5275 = DIRECTION('',(0.,0.,1.));
#5276 = DIRECTION('',(1.,0.,-0.));
#5277 = ADVANCED_FACE('',(#5278),#5294,.T.);
#5278 = FACE_BOUND('',#5279,.T.);
#5279 = EDGE_LOOP('',(#5280,#5286,#5287,#5293));
#5280 = ORIENTED_EDGE('',*,*,#5281,.F.);
#5281 = EDGE_CURVE('',#5162,#1455,#5282,.T.);
#5282 = LINE('',#5283,#5284);
#5283 = CARTESIAN_POINT('',(-24.,-42.,7.5));
#5284 = VECTOR('',#5285,1.);
#5285 = DIRECTION('',(0.,1.,0.));
#5286 = ORIENTED_EDGE('',*,*,#5209,.T.);
#5287 = ORIENTED_EDGE('',*,*,#5288,.T.);
#5288 = EDGE_CURVE('',#5202,#1463,#5289,.T.);
#5289 = LINE('',#5290,#5291);
#5290 = CARTESIAN_POINT('',(-18.5,-65.75,7.5));
#5291 = VECTOR('',#5292,1.);
#5292 = DIRECTION('',(0.,1.,0.));
#5293 = ORIENTED_EDGE('',*,*,#1462,.F.);
#5294 = PLANE('',#5295);
#5295 = AXIS2_PLACEMENT_3D('',#5296,#5297,#5298);
#5296 = CARTESIAN_POINT('',(-21.25,-51.,7.5));
#5297 = DIRECTION('',(0.,0.,1.));
#5298 = DIRECTION('',(1.,0.,-0.));
#5299 = ADVANCED_FACE('',(#5300),#5314,.T.);
#5300 = FACE_BOUND('',#5301,.T.);
#5301 = EDGE_LOOP('',(#5302,#5303,#5304,#5305,#5306,#5307,#5308,#5309,
    #5310,#5311,#5312,#5313));
#5302 = ORIENTED_EDGE('',*,*,#1470,.T.);
#5303 = ORIENTED_EDGE('',*,*,#5288,.F.);
#5304 = ORIENTED_EDGE('',*,*,#5201,.F.);
#5305 = ORIENTED_EDGE('',*,*,#5009,.T.);
#5306 = ORIENTED_EDGE('',*,*,#4978,.T.);
#5307 = ORIENTED_EDGE('',*,*,#4842,.F.);
#5308 = ORIENTED_EDGE('',*,*,#4799,.F.);
#5309 = ORIENTED_EDGE('',*,*,#4415,.T.);
#5310 = ORIENTED_EDGE('',*,*,#4783,.T.);
#5311 = ORIENTED_EDGE('',*,*,#4642,.T.);
#5312 = ORIENTED_EDGE('',*,*,#4083,.T.);
#5313 = ORIENTED_EDGE('',*,*,#4050,.F.);
#5314 = PLANE('',#5315);
#5315 = AXIS2_PLACEMENT_3D('',#5316,#5317,#5318);
#5316 = CARTESIAN_POINT('',(-18.5,-49.29292929292,5.468434343434));
#5317 = DIRECTION('',(1.,0.,0.));
#5318 = DIRECTION('',(0.,0.,1.));
#5319 = ADVANCED_FACE('',(#5320),#5330,.T.);
#5320 = FACE_BOUND('',#5321,.T.);
#5321 = EDGE_LOOP('',(#5322,#5323,#5324,#5325,#5326,#5327,#5328,#5329));
#5322 = ORIENTED_EDGE('',*,*,#5281,.T.);
#5323 = ORIENTED_EDGE('',*,*,#1454,.T.);
#5324 = ORIENTED_EDGE('',*,*,#5110,.F.);
#5325 = ORIENTED_EDGE('',*,*,#2543,.F.);
#5326 = ORIENTED_EDGE('',*,*,#2502,.F.);
#5327 = ORIENTED_EDGE('',*,*,#3879,.F.);
#5328 = ORIENTED_EDGE('',*,*,#4098,.T.);
#5329 = ORIENTED_EDGE('',*,*,#5161,.F.);
#5330 = PLANE('',#5331);
#5331 = AXIS2_PLACEMENT_3D('',#5332,#5333,#5334);
#5332 = CARTESIAN_POINT('',(-24.,-54.24,1.72));
#5333 = DIRECTION('',(-1.,-0.,-0.));
#5334 = DIRECTION('',(0.,0.,-1.));
#5335 = ADVANCED_FACE('',(#5336),#5344,.F.);
#5336 = FACE_BOUND('',#5337,.F.);
#5337 = EDGE_LOOP('',(#5338,#5339,#5340,#5341,#5342,#5343));
#5338 = ORIENTED_EDGE('',*,*,#4929,.F.);
#5339 = ORIENTED_EDGE('',*,*,#5132,.T.);
#5340 = ORIENTED_EDGE('',*,*,#5122,.T.);
#5341 = ORIENTED_EDGE('',*,*,#4945,.T.);
#5342 = ORIENTED_EDGE('',*,*,#4895,.F.);
#5343 = ORIENTED_EDGE('',*,*,#4884,.F.);
#5344 = CYLINDRICAL_SURFACE('',#5345,4.25);
#5345 = AXIS2_PLACEMENT_3D('',#5346,#5347,#5348);
#5346 = CARTESIAN_POINT('',(-14.5,-60.5,-4.5));
#5347 = DIRECTION('',(0.,0.,1.));
#5348 = DIRECTION('',(1.,0.,0.));
#5349 = ( GEOMETRIC_REPRESENTATION_CONTEXT(3) 
GLOBAL_UNCERTAINTY_ASSIGNED_CONTEXT((#5353)) 
GLOBAL_UNIT_ASSIGNED_CONTEXT((#5350,#5351,#5352)) REPRESENTATION_CONTEXT
('Context #1','3D Context with UNIT and UNCERTAINTY') );
#5350 = ( LENGTH_UNIT() NAMED_UNIT(*) SI_UNIT(.MILLI.,.METRE.) );
#5351 = ( NAMED_UNIT(*) PLANE_ANGLE_UNIT() SI_UNIT($,.RADIAN.) );
#5352 = ( NAMED_UNIT(*) SI_UNIT($,.STERADIAN.) SOLID_ANGLE_UNIT() );
#5353 = UNCERTAINTY_MEASURE_WITH_UNIT(LENGTH_MEASURE(2.E-07),#5350,
  'distance_accuracy_value','confusion accuracy');
#5354 = PRODUCT_RELATED_PRODUCT_CATEGORY('part',$,(#7));
ENDSEC;
END-ISO-10303-21;
