ISO-10303-21;
HEADER;
FILE_DESCRIPTION(('FreeCAD Model'),'2;1');
FILE_NAME('Open CASCADE Shape Model','2026-09-21T09:56:44',('FreeCAD'),(
    'FreeCAD'),'Open CASCADE STEP processor 7.8','FreeCAD','Unknown');
FILE_SCHEMA(('AUTOMOTIVE_DESIGN { 1 0 10303 214 1 1 1 1 }'));
ENDSEC;
DATA;
#1 = APPLICATION_PROTOCOL_DEFINITION('international standard',
  'automotive_design',2000,#2);
#2 = APPLICATION_CONTEXT(
  'core data for automotive mechanical design processes');
#3 = SHAPE_DEFINITION_REPRESENTATION(#4,#10);
#4 = PRODUCT_DEFINITION_SHAPE('','',#5);
#5 = PRODUCT_DEFINITION('design','',#6,#9);
#6 = PRODUCT_DEFINITION_FORMATION('','',#7);
#7 = PRODUCT('Open CASCADE STEP translator 7.8 1',
  'Open CASCADE STEP translator 7.8 1','',(#8));
#8 = PRODUCT_CONTEXT('',#2,'mechanical');
#9 = PRODUCT_DEFINITION_CONTEXT('part definition',#2,'design');
#10 = ADVANCED_BREP_SHAPE_REPRESENTATION('',(#11,#15),#3159);
#11 = AXIS2_PLACEMENT_3D('',#12,#13,#14);
#12 = CARTESIAN_POINT('',(0.,0.,0.));
#13 = DIRECTION('',(0.,0.,1.));
#14 = DIRECTION('',(1.,0.,-0.));
#15 = MANIFOLD_SOLID_BREP('',#16);
#16 = CLOSED_SHELL('',(#17,#57,#120,#153,#200,#239,#270,#301,#332,#405,
    #436,#467,#514,#561,#583,#647,#659,#717,#769,#793,#828,#845,#875,
    #900,#912,#961,#985,#1027,#1044,#1075,#1131,#1164,#1211,#1258,#1280,
    #1319,#1359,#1390,#1463,#1494,#1525,#1547,#1573,#1597,#1639,#1670,
    #1694,#1718,#1735,#1766,#1790,#1814,#1831,#1848,#1899,#1911,#1935,
    #1994,#2034,#2080,#2097,#2146,#2170,#2212,#2229,#2259,#2284,#2296,
    #2308,#2320,#2362,#2386,#2421,#2438,#2469,#2493,#2517,#2534,#2565,
    #2589,#2613,#2630,#2647,#2698,#2710,#2722,#2739,#2751,#2763,#2805,
    #2829,#2864,#2881,#2893,#2910,#3011,#3042,#3066,#3090,#3107,#3127,
    #3143));
#17 = ADVANCED_FACE('',(#18),#52,.T.);
#18 = FACE_BOUND('',#19,.T.);
#19 = EDGE_LOOP('',(#20,#30,#38,#46));
#20 = ORIENTED_EDGE('',*,*,#21,.F.);
#21 = EDGE_CURVE('',#22,#24,#26,.T.);
#22 = VERTEX_POINT('',#23);
#23 = CARTESIAN_POINT('',(-12.,34.7,-4.5));
#24 = VERTEX_POINT('',#25);
#25 = CARTESIAN_POINT('',(-0.4,34.7,-4.5));
#26 = LINE('',#27,#28);
#27 = CARTESIAN_POINT('',(-16.0169157229,34.7,-4.5));
#28 = VECTOR('',#29,1.);
#29 = DIRECTION('',(1.,0.,-0.));
#30 = ORIENTED_EDGE('',*,*,#31,.T.);
#31 = EDGE_CURVE('',#22,#32,#34,.T.);
#32 = VERTEX_POINT('',#33);
#33 = CARTESIAN_POINT('',(-12.,34.7,5.5));
#34 = LINE('',#35,#36);
#35 = CARTESIAN_POINT('',(-12.,34.7,-5.5));
#36 = VECTOR('',#37,1.);
#37 = DIRECTION('',(0.,0.,1.));
#38 = ORIENTED_EDGE('',*,*,#39,.T.);
#39 = EDGE_CURVE('',#32,#40,#42,.T.);
#40 = VERTEX_POINT('',#41);
#41 = CARTESIAN_POINT('',(-0.4,34.7,5.5));
#42 = LINE('',#43,#44);
#43 = CARTESIAN_POINT('',(-12.,34.7,5.5));
#44 = VECTOR('',#45,1.);
#45 = DIRECTION('',(1.,0.,-0.));
#46 = ORIENTED_EDGE('',*,*,#47,.F.);
#47 = EDGE_CURVE('',#24,#40,#48,.T.);
#48 = LINE('',#49,#50);
#49 = CARTESIAN_POINT('',(-0.4,34.7,-502.75));
#50 = VECTOR('',#51,1.);
#51 = DIRECTION('',(0.,0.,1.));
#52 = PLANE('',#53);
#53 = AXIS2_PLACEMENT_3D('',#54,#55,#56);
#54 = CARTESIAN_POINT('',(-12.,34.7,-5.5));
#55 = DIRECTION('',(-0.,1.,0.));
#56 = DIRECTION('',(0.,0.,1.));
#57 = ADVANCED_FACE('',(#58),#115,.T.);
#58 = FACE_BOUND('',#59,.T.);
#59 = EDGE_LOOP('',(#60,#70,#78,#86,#94,#100,#101,#109));
#60 = ORIENTED_EDGE('',*,*,#61,.F.);
#61 = EDGE_CURVE('',#62,#64,#66,.T.);
#62 = VERTEX_POINT('',#63);
#63 = CARTESIAN_POINT('',(-0.4,30.2,15.5));
#64 = VERTEX_POINT('',#65);
#65 = CARTESIAN_POINT('',(-0.4,35.2,15.5));
#66 = LINE('',#67,#68);
#67 = CARTESIAN_POINT('',(-0.4,-482.4,15.5));
#68 = VECTOR('',#69,1.);
#69 = DIRECTION('',(-0.,1.,0.));
#70 = ORIENTED_EDGE('',*,*,#71,.T.);
#71 = EDGE_CURVE('',#62,#72,#74,.T.);
#72 = VERTEX_POINT('',#73);
#73 = CARTESIAN_POINT('',(-0.4,30.2,-1.5));
#74 = LINE('',#75,#76);
#75 = CARTESIAN_POINT('',(-0.4,30.2,-500.75));
#76 = VECTOR('',#77,1.);
#77 = DIRECTION('',(-0.,0.,-1.));
#78 = ORIENTED_EDGE('',*,*,#79,.F.);
#79 = EDGE_CURVE('',#80,#72,#82,.T.);
#80 = VERTEX_POINT('',#81);
#81 = CARTESIAN_POINT('',(-0.4,16.195555006723,-1.5));
#82 = LINE('',#83,#84);
#83 = CARTESIAN_POINT('',(-0.4,-500.9,-1.5));
#84 = VECTOR('',#85,1.);
#85 = DIRECTION('',(-0.,1.,0.));
#86 = ORIENTED_EDGE('',*,*,#87,.F.);
#87 = EDGE_CURVE('',#88,#80,#90,.T.);
#88 = VERTEX_POINT('',#89);
#89 = CARTESIAN_POINT('',(-0.4,16.195555006723,-4.5));
#90 = LINE('',#91,#92);
#91 = CARTESIAN_POINT('',(-0.4,16.195555006723,-7.));
#92 = VECTOR('',#93,1.);
#93 = DIRECTION('',(0.,0.,1.));
#94 = ORIENTED_EDGE('',*,*,#95,.F.);
#95 = EDGE_CURVE('',#24,#88,#96,.T.);
#96 = LINE('',#97,#98);
#97 = CARTESIAN_POINT('',(-0.4,-490.4510182975,-4.5));
#98 = VECTOR('',#99,1.);
#99 = DIRECTION('',(0.,-1.,0.));
#100 = ORIENTED_EDGE('',*,*,#47,.T.);
#101 = ORIENTED_EDGE('',*,*,#102,.F.);
#102 = EDGE_CURVE('',#103,#40,#105,.T.);
#103 = VERTEX_POINT('',#104);
#104 = CARTESIAN_POINT('',(-0.4,35.2,5.5));
#105 = LINE('',#106,#107);
#106 = CARTESIAN_POINT('',(-0.4,-482.65,5.5));
#107 = VECTOR('',#108,1.);
#108 = DIRECTION('',(0.,-1.,0.));
#109 = ORIENTED_EDGE('',*,*,#110,.T.);
#110 = EDGE_CURVE('',#103,#64,#111,.T.);
#111 = LINE('',#112,#113);
#112 = CARTESIAN_POINT('',(-0.4,35.2,-497.25));
#113 = VECTOR('',#114,1.);
#114 = DIRECTION('',(0.,0.,1.));
#115 = PLANE('',#116);
#116 = AXIS2_PLACEMENT_3D('',#117,#118,#119);
#117 = CARTESIAN_POINT('',(-0.4,-1.E+03,-1.E+03));
#118 = DIRECTION('',(1.,0.,-0.));
#119 = DIRECTION('',(0.,0.,1.));
#120 = ADVANCED_FACE('',(#121),#148,.F.);
#121 = FACE_BOUND('',#122,.F.);
#122 = EDGE_LOOP('',(#123,#124,#133,#141));
#123 = ORIENTED_EDGE('',*,*,#87,.F.);
#124 = ORIENTED_EDGE('',*,*,#125,.T.);
#125 = EDGE_CURVE('',#88,#126,#128,.T.);
#126 = VERTEX_POINT('',#127);
#127 = CARTESIAN_POINT('',(-17.74823934929,1.2,-4.5));
#128 = CIRCLE('',#129,18.);
#129 = AXIS2_PLACEMENT_3D('',#130,#131,#132);
#130 = CARTESIAN_POINT('',(0.,-1.8,-4.5));
#131 = DIRECTION('',(0.,0.,1.));
#132 = DIRECTION('',(1.,0.,-0.));
#133 = ORIENTED_EDGE('',*,*,#134,.T.);
#134 = EDGE_CURVE('',#126,#135,#137,.T.);
#135 = VERTEX_POINT('',#136);
#136 = CARTESIAN_POINT('',(-17.74823934929,1.2,-1.5));
#137 = LINE('',#138,#139);
#138 = CARTESIAN_POINT('',(-17.74823934929,1.2,-7.));
#139 = VECTOR('',#140,1.);
#140 = DIRECTION('',(0.,0.,1.));
#141 = ORIENTED_EDGE('',*,*,#142,.F.);
#142 = EDGE_CURVE('',#80,#135,#143,.T.);
#143 = CIRCLE('',#144,18.);
#144 = AXIS2_PLACEMENT_3D('',#145,#146,#147);
#145 = CARTESIAN_POINT('',(0.,-1.8,-1.5));
#146 = DIRECTION('',(0.,0.,1.));
#147 = DIRECTION('',(1.,0.,-0.));
#148 = CYLINDRICAL_SURFACE('',#149,18.);
#149 = AXIS2_PLACEMENT_3D('',#150,#151,#152);
#150 = CARTESIAN_POINT('',(0.,-1.8,-7.));
#151 = DIRECTION('',(0.,0.,1.));
#152 = DIRECTION('',(1.,0.,-0.));
#153 = ADVANCED_FACE('',(#154),#195,.F.);
#154 = FACE_BOUND('',#155,.F.);
#155 = EDGE_LOOP('',(#156,#157,#165,#173,#181,#189));
#156 = ORIENTED_EDGE('',*,*,#134,.F.);
#157 = ORIENTED_EDGE('',*,*,#158,.F.);
#158 = EDGE_CURVE('',#159,#126,#161,.T.);
#159 = VERTEX_POINT('',#160);
#160 = CARTESIAN_POINT('',(-40.,1.2,-4.5));
#161 = LINE('',#162,#163);
#162 = CARTESIAN_POINT('',(-40.,1.2,-4.5));
#163 = VECTOR('',#164,1.);
#164 = DIRECTION('',(1.,0.,-0.));
#165 = ORIENTED_EDGE('',*,*,#166,.T.);
#166 = EDGE_CURVE('',#159,#167,#169,.T.);
#167 = VERTEX_POINT('',#168);
#168 = CARTESIAN_POINT('',(-40.,1.2,15.5));
#169 = LINE('',#170,#171);
#170 = CARTESIAN_POINT('',(-40.,1.2,-4.5));
#171 = VECTOR('',#172,1.);
#172 = DIRECTION('',(0.,0.,1.));
#173 = ORIENTED_EDGE('',*,*,#174,.T.);
#174 = EDGE_CURVE('',#167,#175,#177,.T.);
#175 = VERTEX_POINT('',#176);
#176 = CARTESIAN_POINT('',(-32.5,1.2,15.5));
#177 = LINE('',#178,#179);
#178 = CARTESIAN_POINT('',(-40.,1.2,15.5));
#179 = VECTOR('',#180,1.);
#180 = DIRECTION('',(1.,0.,-0.));
#181 = ORIENTED_EDGE('',*,*,#182,.T.);
#182 = EDGE_CURVE('',#175,#183,#185,.T.);
#183 = VERTEX_POINT('',#184);
#184 = CARTESIAN_POINT('',(-32.5,1.2,-1.5));
#185 = LINE('',#186,#187);
#186 = CARTESIAN_POINT('',(-32.5,1.2,-3.));
#187 = VECTOR('',#188,1.);
#188 = DIRECTION('',(-0.,0.,-1.));
#189 = ORIENTED_EDGE('',*,*,#190,.T.);
#190 = EDGE_CURVE('',#183,#135,#191,.T.);
#191 = LINE('',#192,#193);
#192 = CARTESIAN_POINT('',(-36.25,1.2,-1.5));
#193 = VECTOR('',#194,1.);
#194 = DIRECTION('',(1.,0.,-0.));
#195 = PLANE('',#196);
#196 = AXIS2_PLACEMENT_3D('',#197,#198,#199);
#197 = CARTESIAN_POINT('',(-40.,1.2,-4.5));
#198 = DIRECTION('',(-0.,1.,0.));
#199 = DIRECTION('',(0.,0.,1.));
#200 = ADVANCED_FACE('',(#201),#234,.F.);
#201 = FACE_BOUND('',#202,.F.);
#202 = EDGE_LOOP('',(#203,#211,#212,#220,#228));
#203 = ORIENTED_EDGE('',*,*,#204,.F.);
#204 = EDGE_CURVE('',#167,#205,#207,.T.);
#205 = VERTEX_POINT('',#206);
#206 = CARTESIAN_POINT('',(-40.,14.2,15.5));
#207 = LINE('',#208,#209);
#208 = CARTESIAN_POINT('',(-40.,1.2,15.5));
#209 = VECTOR('',#210,1.);
#210 = DIRECTION('',(-0.,1.,0.));
#211 = ORIENTED_EDGE('',*,*,#166,.F.);
#212 = ORIENTED_EDGE('',*,*,#213,.T.);
#213 = EDGE_CURVE('',#159,#214,#216,.T.);
#214 = VERTEX_POINT('',#215);
#215 = CARTESIAN_POINT('',(-40.,14.2,-4.5));
#216 = LINE('',#217,#218);
#217 = CARTESIAN_POINT('',(-40.,1.2,-4.5));
#218 = VECTOR('',#219,1.);
#219 = DIRECTION('',(-0.,1.,0.));
#220 = ORIENTED_EDGE('',*,*,#221,.T.);
#221 = EDGE_CURVE('',#214,#222,#224,.T.);
#222 = VERTEX_POINT('',#223);
#223 = CARTESIAN_POINT('',(-40.,14.2,10.5));
#224 = LINE('',#225,#226);
#225 = CARTESIAN_POINT('',(-40.,14.2,-4.5));
#226 = VECTOR('',#227,1.);
#227 = DIRECTION('',(0.,0.,1.));
#228 = ORIENTED_EDGE('',*,*,#229,.T.);
#229 = EDGE_CURVE('',#222,#205,#230,.T.);
#230 = LINE('',#231,#232);
#231 = CARTESIAN_POINT('',(-40.,14.2,-4.5));
#232 = VECTOR('',#233,1.);
#233 = DIRECTION('',(0.,0.,1.));
#234 = PLANE('',#235);
#235 = AXIS2_PLACEMENT_3D('',#236,#237,#238);
#236 = CARTESIAN_POINT('',(-40.,1.2,-4.5));
#237 = DIRECTION('',(1.,0.,-0.));
#238 = DIRECTION('',(0.,0.,1.));
#239 = ADVANCED_FACE('',(#240),#265,.F.);
#240 = FACE_BOUND('',#241,.F.);
#241 = EDGE_LOOP('',(#242,#250,#258,#264));
#242 = ORIENTED_EDGE('',*,*,#243,.F.);
#243 = EDGE_CURVE('',#244,#214,#246,.T.);
#244 = VERTEX_POINT('',#245);
#245 = CARTESIAN_POINT('',(-42.,14.2,-4.5));
#246 = LINE('',#247,#248);
#247 = CARTESIAN_POINT('',(-42.,14.2,-4.5));
#248 = VECTOR('',#249,1.);
#249 = DIRECTION('',(1.,0.,-0.));
#250 = ORIENTED_EDGE('',*,*,#251,.T.);
#251 = EDGE_CURVE('',#244,#252,#254,.T.);
#252 = VERTEX_POINT('',#253);
#253 = CARTESIAN_POINT('',(-42.,14.2,10.5));
#254 = LINE('',#255,#256);
#255 = CARTESIAN_POINT('',(-42.,14.2,-4.5));
#256 = VECTOR('',#257,1.);
#257 = DIRECTION('',(0.,0.,1.));
#258 = ORIENTED_EDGE('',*,*,#259,.T.);
#259 = EDGE_CURVE('',#252,#222,#260,.T.);
#260 = LINE('',#261,#262);
#261 = CARTESIAN_POINT('',(-42.,14.2,10.5));
#262 = VECTOR('',#263,1.);
#263 = DIRECTION('',(1.,0.,-0.));
#264 = ORIENTED_EDGE('',*,*,#221,.F.);
#265 = PLANE('',#266);
#266 = AXIS2_PLACEMENT_3D('',#267,#268,#269);
#267 = CARTESIAN_POINT('',(-42.,14.2,-4.5));
#268 = DIRECTION('',(-0.,1.,0.));
#269 = DIRECTION('',(0.,0.,1.));
#270 = ADVANCED_FACE('',(#271),#296,.F.);
#271 = FACE_BOUND('',#272,.F.);
#272 = EDGE_LOOP('',(#273,#274,#282,#290));
#273 = ORIENTED_EDGE('',*,*,#251,.F.);
#274 = ORIENTED_EDGE('',*,*,#275,.T.);
#275 = EDGE_CURVE('',#244,#276,#278,.T.);
#276 = VERTEX_POINT('',#277);
#277 = CARTESIAN_POINT('',(-42.,28.2,-4.5));
#278 = LINE('',#279,#280);
#279 = CARTESIAN_POINT('',(-42.,14.2,-4.5));
#280 = VECTOR('',#281,1.);
#281 = DIRECTION('',(-0.,1.,0.));
#282 = ORIENTED_EDGE('',*,*,#283,.T.);
#283 = EDGE_CURVE('',#276,#284,#286,.T.);
#284 = VERTEX_POINT('',#285);
#285 = CARTESIAN_POINT('',(-42.,28.2,10.5));
#286 = LINE('',#287,#288);
#287 = CARTESIAN_POINT('',(-42.,28.2,-4.5));
#288 = VECTOR('',#289,1.);
#289 = DIRECTION('',(0.,0.,1.));
#290 = ORIENTED_EDGE('',*,*,#291,.F.);
#291 = EDGE_CURVE('',#252,#284,#292,.T.);
#292 = LINE('',#293,#294);
#293 = CARTESIAN_POINT('',(-42.,14.2,10.5));
#294 = VECTOR('',#295,1.);
#295 = DIRECTION('',(-0.,1.,0.));
#296 = PLANE('',#297);
#297 = AXIS2_PLACEMENT_3D('',#298,#299,#300);
#298 = CARTESIAN_POINT('',(-42.,14.2,-4.5));
#299 = DIRECTION('',(1.,0.,-0.));
#300 = DIRECTION('',(0.,0.,1.));
#301 = ADVANCED_FACE('',(#302),#327,.T.);
#302 = FACE_BOUND('',#303,.T.);
#303 = EDGE_LOOP('',(#304,#312,#313,#321));
#304 = ORIENTED_EDGE('',*,*,#305,.F.);
#305 = EDGE_CURVE('',#276,#306,#308,.T.);
#306 = VERTEX_POINT('',#307);
#307 = CARTESIAN_POINT('',(-40.,28.2,-4.5));
#308 = LINE('',#309,#310);
#309 = CARTESIAN_POINT('',(-42.,28.2,-4.5));
#310 = VECTOR('',#311,1.);
#311 = DIRECTION('',(1.,0.,-0.));
#312 = ORIENTED_EDGE('',*,*,#283,.T.);
#313 = ORIENTED_EDGE('',*,*,#314,.T.);
#314 = EDGE_CURVE('',#284,#315,#317,.T.);
#315 = VERTEX_POINT('',#316);
#316 = CARTESIAN_POINT('',(-40.,28.2,10.5));
#317 = LINE('',#318,#319);
#318 = CARTESIAN_POINT('',(-42.,28.2,10.5));
#319 = VECTOR('',#320,1.);
#320 = DIRECTION('',(1.,0.,-0.));
#321 = ORIENTED_EDGE('',*,*,#322,.F.);
#322 = EDGE_CURVE('',#306,#315,#323,.T.);
#323 = LINE('',#324,#325);
#324 = CARTESIAN_POINT('',(-40.,28.2,-4.5));
#325 = VECTOR('',#326,1.);
#326 = DIRECTION('',(0.,0.,1.));
#327 = PLANE('',#328);
#328 = AXIS2_PLACEMENT_3D('',#329,#330,#331);
#329 = CARTESIAN_POINT('',(-42.,28.2,-4.5));
#330 = DIRECTION('',(-0.,1.,0.));
#331 = DIRECTION('',(0.,0.,1.));
#332 = ADVANCED_FACE('',(#333,#366),#400,.F.);
#333 = FACE_BOUND('',#334,.F.);
#334 = EDGE_LOOP('',(#335,#345,#351,#352,#360));
#335 = ORIENTED_EDGE('',*,*,#336,.F.);
#336 = EDGE_CURVE('',#337,#339,#341,.T.);
#337 = VERTEX_POINT('',#338);
#338 = CARTESIAN_POINT('',(-40.,28.2,15.5));
#339 = VERTEX_POINT('',#340);
#340 = CARTESIAN_POINT('',(-40.,35.2,15.5));
#341 = LINE('',#342,#343);
#342 = CARTESIAN_POINT('',(-40.,1.2,15.5));
#343 = VECTOR('',#344,1.);
#344 = DIRECTION('',(-0.,1.,0.));
#345 = ORIENTED_EDGE('',*,*,#346,.F.);
#346 = EDGE_CURVE('',#315,#337,#347,.T.);
#347 = LINE('',#348,#349);
#348 = CARTESIAN_POINT('',(-40.,28.2,-4.5));
#349 = VECTOR('',#350,1.);
#350 = DIRECTION('',(0.,0.,1.));
#351 = ORIENTED_EDGE('',*,*,#322,.F.);
#352 = ORIENTED_EDGE('',*,*,#353,.T.);
#353 = EDGE_CURVE('',#306,#354,#356,.T.);
#354 = VERTEX_POINT('',#355);
#355 = CARTESIAN_POINT('',(-40.,35.2,-4.5));
#356 = LINE('',#357,#358);
#357 = CARTESIAN_POINT('',(-40.,1.2,-4.5));
#358 = VECTOR('',#359,1.);
#359 = DIRECTION('',(-0.,1.,0.));
#360 = ORIENTED_EDGE('',*,*,#361,.T.);
#361 = EDGE_CURVE('',#354,#339,#362,.T.);
#362 = LINE('',#363,#364);
#363 = CARTESIAN_POINT('',(-40.,35.2,-4.5));
#364 = VECTOR('',#365,1.);
#365 = DIRECTION('',(0.,0.,1.));
#366 = FACE_BOUND('',#367,.F.);
#367 = EDGE_LOOP('',(#368,#378,#386,#394));
#368 = ORIENTED_EDGE('',*,*,#369,.F.);
#369 = EDGE_CURVE('',#370,#372,#374,.T.);
#370 = VERTEX_POINT('',#371);
#371 = CARTESIAN_POINT('',(-40.,32.,-3.));
#372 = VERTEX_POINT('',#373);
#373 = CARTESIAN_POINT('',(-40.,34.4,-3.));
#374 = LINE('',#375,#376);
#375 = CARTESIAN_POINT('',(-40.,17.2,-3.));
#376 = VECTOR('',#377,1.);
#377 = DIRECTION('',(-0.,1.,0.));
#378 = ORIENTED_EDGE('',*,*,#379,.T.);
#379 = EDGE_CURVE('',#370,#380,#382,.T.);
#380 = VERTEX_POINT('',#381);
#381 = CARTESIAN_POINT('',(-40.,32.,15.));
#382 = LINE('',#383,#384);
#383 = CARTESIAN_POINT('',(-40.,32.,-3.));
#384 = VECTOR('',#385,1.);
#385 = DIRECTION('',(0.,0.,1.));
#386 = ORIENTED_EDGE('',*,*,#387,.T.);
#387 = EDGE_CURVE('',#380,#388,#390,.T.);
#388 = VERTEX_POINT('',#389);
#389 = CARTESIAN_POINT('',(-40.,34.4,15.));
#390 = LINE('',#391,#392);
#391 = CARTESIAN_POINT('',(-40.,17.2,15.));
#392 = VECTOR('',#393,1.);
#393 = DIRECTION('',(-0.,1.,0.));
#394 = ORIENTED_EDGE('',*,*,#395,.F.);
#395 = EDGE_CURVE('',#372,#388,#396,.T.);
#396 = LINE('',#397,#398);
#397 = CARTESIAN_POINT('',(-40.,34.4,-3.));
#398 = VECTOR('',#399,1.);
#399 = DIRECTION('',(0.,0.,1.));
#400 = PLANE('',#401);
#401 = AXIS2_PLACEMENT_3D('',#402,#403,#404);
#402 = CARTESIAN_POINT('',(-40.,1.2,-4.5));
#403 = DIRECTION('',(1.,0.,-0.));
#404 = DIRECTION('',(0.,0.,1.));
#405 = ADVANCED_FACE('',(#406),#431,.T.);
#406 = FACE_BOUND('',#407,.T.);
#407 = EDGE_LOOP('',(#408,#416,#417,#425));
#408 = ORIENTED_EDGE('',*,*,#409,.F.);
#409 = EDGE_CURVE('',#354,#410,#412,.T.);
#410 = VERTEX_POINT('',#411);
#411 = CARTESIAN_POINT('',(-18.,35.2,-4.5));
#412 = LINE('',#413,#414);
#413 = CARTESIAN_POINT('',(-40.,35.2,-4.5));
#414 = VECTOR('',#415,1.);
#415 = DIRECTION('',(1.,0.,-0.));
#416 = ORIENTED_EDGE('',*,*,#361,.T.);
#417 = ORIENTED_EDGE('',*,*,#418,.T.);
#418 = EDGE_CURVE('',#339,#419,#421,.T.);
#419 = VERTEX_POINT('',#420);
#420 = CARTESIAN_POINT('',(-18.,35.2,15.5));
#421 = LINE('',#422,#423);
#422 = CARTESIAN_POINT('',(-40.,35.2,15.5));
#423 = VECTOR('',#424,1.);
#424 = DIRECTION('',(1.,0.,-0.));
#425 = ORIENTED_EDGE('',*,*,#426,.F.);
#426 = EDGE_CURVE('',#410,#419,#427,.T.);
#427 = LINE('',#428,#429);
#428 = CARTESIAN_POINT('',(-18.,35.2,-4.5));
#429 = VECTOR('',#430,1.);
#430 = DIRECTION('',(0.,0.,1.));
#431 = PLANE('',#432);
#432 = AXIS2_PLACEMENT_3D('',#433,#434,#435);
#433 = CARTESIAN_POINT('',(-40.,35.2,-4.5));
#434 = DIRECTION('',(-0.,1.,0.));
#435 = DIRECTION('',(0.,0.,1.));
#436 = ADVANCED_FACE('',(#437),#462,.F.);
#437 = FACE_BOUND('',#438,.F.);
#438 = EDGE_LOOP('',(#439,#440,#448,#456));
#439 = ORIENTED_EDGE('',*,*,#426,.F.);
#440 = ORIENTED_EDGE('',*,*,#441,.T.);
#441 = EDGE_CURVE('',#410,#442,#444,.T.);
#442 = VERTEX_POINT('',#443);
#443 = CARTESIAN_POINT('',(-18.,53.2,-4.5));
#444 = LINE('',#445,#446);
#445 = CARTESIAN_POINT('',(-18.,35.2,-4.5));
#446 = VECTOR('',#447,1.);
#447 = DIRECTION('',(-0.,1.,0.));
#448 = ORIENTED_EDGE('',*,*,#449,.T.);
#449 = EDGE_CURVE('',#442,#450,#452,.T.);
#450 = VERTEX_POINT('',#451);
#451 = CARTESIAN_POINT('',(-18.,53.2,15.5));
#452 = LINE('',#453,#454);
#453 = CARTESIAN_POINT('',(-18.,53.2,-4.5));
#454 = VECTOR('',#455,1.);
#455 = DIRECTION('',(0.,0.,1.));
#456 = ORIENTED_EDGE('',*,*,#457,.F.);
#457 = EDGE_CURVE('',#419,#450,#458,.T.);
#458 = LINE('',#459,#460);
#459 = CARTESIAN_POINT('',(-18.,35.2,15.5));
#460 = VECTOR('',#461,1.);
#461 = DIRECTION('',(-0.,1.,0.));
#462 = PLANE('',#463);
#463 = AXIS2_PLACEMENT_3D('',#464,#465,#466);
#464 = CARTESIAN_POINT('',(-18.,35.2,-4.5));
#465 = DIRECTION('',(1.,0.,-0.));
#466 = DIRECTION('',(0.,0.,1.));
#467 = ADVANCED_FACE('',(#468),#509,.T.);
#468 = FACE_BOUND('',#469,.T.);
#469 = EDGE_LOOP('',(#470,#478,#479,#487,#495,#503));
#470 = ORIENTED_EDGE('',*,*,#471,.F.);
#471 = EDGE_CURVE('',#64,#472,#474,.T.);
#472 = VERTEX_POINT('',#473);
#473 = CARTESIAN_POINT('',(12.,35.2,15.5));
#474 = LINE('',#475,#476);
#475 = CARTESIAN_POINT('',(-12.,35.2,15.5));
#476 = VECTOR('',#477,1.);
#477 = DIRECTION('',(1.,0.,-0.));
#478 = ORIENTED_EDGE('',*,*,#110,.F.);
#479 = ORIENTED_EDGE('',*,*,#480,.F.);
#480 = EDGE_CURVE('',#481,#103,#483,.T.);
#481 = VERTEX_POINT('',#482);
#482 = CARTESIAN_POINT('',(-12.,35.2,5.5));
#483 = LINE('',#484,#485);
#484 = CARTESIAN_POINT('',(-12.,35.2,5.5));
#485 = VECTOR('',#486,1.);
#486 = DIRECTION('',(1.,0.,-0.));
#487 = ORIENTED_EDGE('',*,*,#488,.F.);
#488 = EDGE_CURVE('',#489,#481,#491,.T.);
#489 = VERTEX_POINT('',#490);
#490 = CARTESIAN_POINT('',(-12.,35.2,-4.5));
#491 = LINE('',#492,#493);
#492 = CARTESIAN_POINT('',(-12.,35.2,-4.5));
#493 = VECTOR('',#494,1.);
#494 = DIRECTION('',(0.,0.,1.));
#495 = ORIENTED_EDGE('',*,*,#496,.T.);
#496 = EDGE_CURVE('',#489,#497,#499,.T.);
#497 = VERTEX_POINT('',#498);
#498 = CARTESIAN_POINT('',(12.,35.2,-4.5));
#499 = LINE('',#500,#501);
#500 = CARTESIAN_POINT('',(-12.,35.2,-4.5));
#501 = VECTOR('',#502,1.);
#502 = DIRECTION('',(1.,0.,-0.));
#503 = ORIENTED_EDGE('',*,*,#504,.T.);
#504 = EDGE_CURVE('',#497,#472,#505,.T.);
#505 = LINE('',#506,#507);
#506 = CARTESIAN_POINT('',(12.,35.2,-4.5));
#507 = VECTOR('',#508,1.);
#508 = DIRECTION('',(0.,0.,1.));
#509 = PLANE('',#510);
#510 = AXIS2_PLACEMENT_3D('',#511,#512,#513);
#511 = CARTESIAN_POINT('',(1.318181818182,35.2,4.181818181818));
#512 = DIRECTION('',(-0.,-1.,2.667692163547E-16));
#513 = DIRECTION('',(0.,-2.667692163547E-16,-1.));
#514 = ADVANCED_FACE('',(#515),#556,.T.);
#515 = FACE_BOUND('',#516,.T.);
#516 = EDGE_LOOP('',(#517,#518,#526,#534,#542,#550));
#517 = ORIENTED_EDGE('',*,*,#504,.F.);
#518 = ORIENTED_EDGE('',*,*,#519,.T.);
#519 = EDGE_CURVE('',#497,#520,#522,.T.);
#520 = VERTEX_POINT('',#521);
#521 = CARTESIAN_POINT('',(12.,39.2,-4.5));
#522 = LINE('',#523,#524);
#523 = CARTESIAN_POINT('',(12.,35.2,-4.5));
#524 = VECTOR('',#525,1.);
#525 = DIRECTION('',(-0.,1.,0.));
#526 = ORIENTED_EDGE('',*,*,#527,.T.);
#527 = EDGE_CURVE('',#520,#528,#530,.T.);
#528 = VERTEX_POINT('',#529);
#529 = CARTESIAN_POINT('',(12.,39.2,5.5));
#530 = LINE('',#531,#532);
#531 = CARTESIAN_POINT('',(12.,39.2,-4.5));
#532 = VECTOR('',#533,1.);
#533 = DIRECTION('',(0.,0.,1.));
#534 = ORIENTED_EDGE('',*,*,#535,.T.);
#535 = EDGE_CURVE('',#528,#536,#538,.T.);
#536 = VERTEX_POINT('',#537);
#537 = CARTESIAN_POINT('',(12.,53.2,5.5));
#538 = LINE('',#539,#540);
#539 = CARTESIAN_POINT('',(12.,35.2,5.5));
#540 = VECTOR('',#541,1.);
#541 = DIRECTION('',(-0.,1.,0.));
#542 = ORIENTED_EDGE('',*,*,#543,.T.);
#543 = EDGE_CURVE('',#536,#544,#546,.T.);
#544 = VERTEX_POINT('',#545);
#545 = CARTESIAN_POINT('',(12.,53.2,15.5));
#546 = LINE('',#547,#548);
#547 = CARTESIAN_POINT('',(12.,53.2,5.5));
#548 = VECTOR('',#549,1.);
#549 = DIRECTION('',(0.,0.,1.));
#550 = ORIENTED_EDGE('',*,*,#551,.F.);
#551 = EDGE_CURVE('',#472,#544,#552,.T.);
#552 = LINE('',#553,#554);
#553 = CARTESIAN_POINT('',(12.,35.2,15.5));
#554 = VECTOR('',#555,1.);
#555 = DIRECTION('',(-0.,1.,0.));
#556 = PLANE('',#557);
#557 = AXIS2_PLACEMENT_3D('',#558,#559,#560);
#558 = CARTESIAN_POINT('',(12.,42.357894736842,7.342105263158));
#559 = DIRECTION('',(1.,0.,0.));
#560 = DIRECTION('',(-0.,0.,1.));
#561 = ADVANCED_FACE('',(#562),#578,.T.);
#562 = FACE_BOUND('',#563,.T.);
#563 = EDGE_LOOP('',(#564,#565,#571,#572));
#564 = ORIENTED_EDGE('',*,*,#31,.F.);
#565 = ORIENTED_EDGE('',*,*,#566,.F.);
#566 = EDGE_CURVE('',#489,#22,#567,.T.);
#567 = LINE('',#568,#569);
#568 = CARTESIAN_POINT('',(-12.,30.665706773302,-4.5));
#569 = VECTOR('',#570,1.);
#570 = DIRECTION('',(0.,-1.,0.));
#571 = ORIENTED_EDGE('',*,*,#488,.T.);
#572 = ORIENTED_EDGE('',*,*,#573,.F.);
#573 = EDGE_CURVE('',#32,#481,#574,.T.);
#574 = LINE('',#575,#576);
#575 = CARTESIAN_POINT('',(-12.,34.7,5.5));
#576 = VECTOR('',#577,1.);
#577 = DIRECTION('',(-0.,1.,0.));
#578 = PLANE('',#579);
#579 = AXIS2_PLACEMENT_3D('',#580,#581,#582);
#580 = CARTESIAN_POINT('',(-12.,34.7,-5.5));
#581 = DIRECTION('',(1.,0.,-0.));
#582 = DIRECTION('',(0.,0.,1.));
#583 = ADVANCED_FACE('',(#584,#620,#631),#642,.T.);
#584 = FACE_BOUND('',#585,.T.);
#585 = EDGE_LOOP('',(#586,#594,#595,#596,#597,#603,#604,#605,#606,#614)
  );
#586 = ORIENTED_EDGE('',*,*,#587,.F.);
#587 = EDGE_CURVE('',#62,#588,#590,.T.);
#588 = VERTEX_POINT('',#589);
#589 = CARTESIAN_POINT('',(-32.5,30.2,15.5));
#590 = LINE('',#591,#592);
#591 = CARTESIAN_POINT('',(-36.25,30.2,15.5));
#592 = VECTOR('',#593,1.);
#593 = DIRECTION('',(-1.,-0.,0.));
#594 = ORIENTED_EDGE('',*,*,#61,.T.);
#595 = ORIENTED_EDGE('',*,*,#471,.T.);
#596 = ORIENTED_EDGE('',*,*,#551,.T.);
#597 = ORIENTED_EDGE('',*,*,#598,.F.);
#598 = EDGE_CURVE('',#450,#544,#599,.T.);
#599 = LINE('',#600,#601);
#600 = CARTESIAN_POINT('',(-12.,53.2,15.5));
#601 = VECTOR('',#602,1.);
#602 = DIRECTION('',(1.,0.,-0.));
#603 = ORIENTED_EDGE('',*,*,#457,.F.);
#604 = ORIENTED_EDGE('',*,*,#418,.F.);
#605 = ORIENTED_EDGE('',*,*,#336,.F.);
#606 = ORIENTED_EDGE('',*,*,#607,.T.);
#607 = EDGE_CURVE('',#337,#608,#610,.T.);
#608 = VERTEX_POINT('',#609);
#609 = CARTESIAN_POINT('',(-32.5,28.2,15.5));
#610 = LINE('',#611,#612);
#611 = CARTESIAN_POINT('',(-42.,28.2,15.5));
#612 = VECTOR('',#613,1.);
#613 = DIRECTION('',(1.,0.,-0.));
#614 = ORIENTED_EDGE('',*,*,#615,.T.);
#615 = EDGE_CURVE('',#608,#588,#616,.T.);
#616 = LINE('',#617,#618);
#617 = CARTESIAN_POINT('',(-32.5,-0.3,15.5));
#618 = VECTOR('',#619,1.);
#619 = DIRECTION('',(-0.,1.,0.));
#620 = FACE_BOUND('',#621,.T.);
#621 = EDGE_LOOP('',(#622));
#622 = ORIENTED_EDGE('',*,*,#623,.F.);
#623 = EDGE_CURVE('',#624,#624,#626,.T.);
#624 = VERTEX_POINT('',#625);
#625 = CARTESIAN_POINT('',(-3.3,46.2,15.5));
#626 = CIRCLE('',#627,2.7);
#627 = AXIS2_PLACEMENT_3D('',#628,#629,#630);
#628 = CARTESIAN_POINT('',(-6.,46.2,15.5));
#629 = DIRECTION('',(0.,0.,1.));
#630 = DIRECTION('',(1.,0.,-0.));
#631 = FACE_BOUND('',#632,.T.);
#632 = EDGE_LOOP('',(#633));
#633 = ORIENTED_EDGE('',*,*,#634,.F.);
#634 = EDGE_CURVE('',#635,#635,#637,.T.);
#635 = VERTEX_POINT('',#636);
#636 = CARTESIAN_POINT('',(8.7,46.2,15.5));
#637 = CIRCLE('',#638,2.7);
#638 = AXIS2_PLACEMENT_3D('',#639,#640,#641);
#639 = CARTESIAN_POINT('',(6.,46.2,15.5));
#640 = DIRECTION('',(0.,0.,1.));
#641 = DIRECTION('',(1.,0.,-0.));
#642 = PLANE('',#643);
#643 = AXIS2_PLACEMENT_3D('',#644,#645,#646);
#644 = CARTESIAN_POINT('',(-12.40909090909,39.109090909091,15.5));
#645 = DIRECTION('',(0.,0.,1.));
#646 = DIRECTION('',(1.,0.,-0.));
#647 = ADVANCED_FACE('',(#648),#654,.F.);
#648 = FACE_BOUND('',#649,.F.);
#649 = EDGE_LOOP('',(#650,#651,#652,#653));
#650 = ORIENTED_EDGE('',*,*,#573,.F.);
#651 = ORIENTED_EDGE('',*,*,#39,.T.);
#652 = ORIENTED_EDGE('',*,*,#102,.F.);
#653 = ORIENTED_EDGE('',*,*,#480,.F.);
#654 = PLANE('',#655);
#655 = AXIS2_PLACEMENT_3D('',#656,#657,#658);
#656 = CARTESIAN_POINT('',(-12.,34.7,5.5));
#657 = DIRECTION('',(0.,0.,1.));
#658 = DIRECTION('',(1.,0.,-0.));
#659 = ADVANCED_FACE('',(#660,#678),#712,.F.);
#660 = FACE_BOUND('',#661,.F.);
#661 = EDGE_LOOP('',(#662,#663,#671,#677));
#662 = ORIENTED_EDGE('',*,*,#71,.T.);
#663 = ORIENTED_EDGE('',*,*,#664,.F.);
#664 = EDGE_CURVE('',#665,#72,#667,.T.);
#665 = VERTEX_POINT('',#666);
#666 = CARTESIAN_POINT('',(-32.5,30.2,-1.5));
#667 = LINE('',#668,#669);
#668 = CARTESIAN_POINT('',(-32.5,30.2,-1.5));
#669 = VECTOR('',#670,1.);
#670 = DIRECTION('',(1.,0.,-0.));
#671 = ORIENTED_EDGE('',*,*,#672,.T.);
#672 = EDGE_CURVE('',#665,#588,#673,.T.);
#673 = LINE('',#674,#675);
#674 = CARTESIAN_POINT('',(-32.5,30.2,-1.5));
#675 = VECTOR('',#676,1.);
#676 = DIRECTION('',(0.,0.,1.));
#677 = ORIENTED_EDGE('',*,*,#587,.F.);
#678 = FACE_BOUND('',#679,.F.);
#679 = EDGE_LOOP('',(#680,#690,#698,#706));
#680 = ORIENTED_EDGE('',*,*,#681,.F.);
#681 = EDGE_CURVE('',#682,#684,#686,.T.);
#682 = VERTEX_POINT('',#683);
#683 = CARTESIAN_POINT('',(-12.,30.2,2.));
#684 = VERTEX_POINT('',#685);
#685 = CARTESIAN_POINT('',(-12.,30.2,10.));
#686 = LINE('',#687,#688);
#687 = CARTESIAN_POINT('',(-12.,30.2,2.));
#688 = VECTOR('',#689,1.);
#689 = DIRECTION('',(0.,0.,1.));
#690 = ORIENTED_EDGE('',*,*,#691,.T.);
#691 = EDGE_CURVE('',#682,#692,#694,.T.);
#692 = VERTEX_POINT('',#693);
#693 = CARTESIAN_POINT('',(-6.,30.2,2.));
#694 = LINE('',#695,#696);
#695 = CARTESIAN_POINT('',(-12.,30.2,2.));
#696 = VECTOR('',#697,1.);
#697 = DIRECTION('',(1.,0.,-0.));
#698 = ORIENTED_EDGE('',*,*,#699,.T.);
#699 = EDGE_CURVE('',#692,#700,#702,.T.);
#700 = VERTEX_POINT('',#701);
#701 = CARTESIAN_POINT('',(-6.,30.2,10.));
#702 = LINE('',#703,#704);
#703 = CARTESIAN_POINT('',(-6.,30.2,2.));
#704 = VECTOR('',#705,1.);
#705 = DIRECTION('',(0.,0.,1.));
#706 = ORIENTED_EDGE('',*,*,#707,.F.);
#707 = EDGE_CURVE('',#684,#700,#708,.T.);
#708 = LINE('',#709,#710);
#709 = CARTESIAN_POINT('',(-12.,30.2,10.));
#710 = VECTOR('',#711,1.);
#711 = DIRECTION('',(1.,0.,-0.));
#712 = PLANE('',#713);
#713 = AXIS2_PLACEMENT_3D('',#714,#715,#716);
#714 = CARTESIAN_POINT('',(-32.5,30.2,-1.5));
#715 = DIRECTION('',(-0.,1.,0.));
#716 = DIRECTION('',(0.,0.,1.));
#717 = ADVANCED_FACE('',(#718,#730),#764,.T.);
#718 = FACE_BOUND('',#719,.T.);
#719 = EDGE_LOOP('',(#720,#726,#727,#728,#729));
#720 = ORIENTED_EDGE('',*,*,#721,.F.);
#721 = EDGE_CURVE('',#183,#665,#722,.T.);
#722 = LINE('',#723,#724);
#723 = CARTESIAN_POINT('',(-32.5,-1.8,-1.5));
#724 = VECTOR('',#725,1.);
#725 = DIRECTION('',(-0.,1.,0.));
#726 = ORIENTED_EDGE('',*,*,#190,.T.);
#727 = ORIENTED_EDGE('',*,*,#142,.F.);
#728 = ORIENTED_EDGE('',*,*,#79,.T.);
#729 = ORIENTED_EDGE('',*,*,#664,.F.);
#730 = FACE_BOUND('',#731,.T.);
#731 = EDGE_LOOP('',(#732,#742,#750,#758));
#732 = ORIENTED_EDGE('',*,*,#733,.F.);
#733 = EDGE_CURVE('',#734,#736,#738,.T.);
#734 = VERTEX_POINT('',#735);
#735 = CARTESIAN_POINT('',(-29.5,5.2,-1.5));
#736 = VERTEX_POINT('',#737);
#737 = CARTESIAN_POINT('',(-21.,5.2,-1.5));
#738 = LINE('',#739,#740);
#739 = CARTESIAN_POINT('',(-29.5,5.2,-1.5));
#740 = VECTOR('',#741,1.);
#741 = DIRECTION('',(1.,0.,-0.));
#742 = ORIENTED_EDGE('',*,*,#743,.T.);
#743 = EDGE_CURVE('',#734,#744,#746,.T.);
#744 = VERTEX_POINT('',#745);
#745 = CARTESIAN_POINT('',(-29.5,13.2,-1.5));
#746 = LINE('',#747,#748);
#747 = CARTESIAN_POINT('',(-29.5,5.2,-1.5));
#748 = VECTOR('',#749,1.);
#749 = DIRECTION('',(-0.,1.,0.));
#750 = ORIENTED_EDGE('',*,*,#751,.T.);
#751 = EDGE_CURVE('',#744,#752,#754,.T.);
#752 = VERTEX_POINT('',#753);
#753 = CARTESIAN_POINT('',(-21.,13.2,-1.5));
#754 = LINE('',#755,#756);
#755 = CARTESIAN_POINT('',(-29.5,13.2,-1.5));
#756 = VECTOR('',#757,1.);
#757 = DIRECTION('',(1.,0.,-0.));
#758 = ORIENTED_EDGE('',*,*,#759,.F.);
#759 = EDGE_CURVE('',#736,#752,#760,.T.);
#760 = LINE('',#761,#762);
#761 = CARTESIAN_POINT('',(-21.,5.2,-1.5));
#762 = VECTOR('',#763,1.);
#763 = DIRECTION('',(-0.,1.,0.));
#764 = PLANE('',#765);
#765 = AXIS2_PLACEMENT_3D('',#766,#767,#768);
#766 = CARTESIAN_POINT('',(-32.5,-1.8,-1.5));
#767 = DIRECTION('',(0.,0.,1.));
#768 = DIRECTION('',(1.,0.,-0.));
#769 = ADVANCED_FACE('',(#770),#788,.T.);
#770 = FACE_BOUND('',#771,.T.);
#771 = EDGE_LOOP('',(#772,#780,#781,#782));
#772 = ORIENTED_EDGE('',*,*,#773,.F.);
#773 = EDGE_CURVE('',#205,#774,#776,.T.);
#774 = VERTEX_POINT('',#775);
#775 = CARTESIAN_POINT('',(-32.5,14.2,15.5));
#776 = LINE('',#777,#778);
#777 = CARTESIAN_POINT('',(-42.,14.2,15.5));
#778 = VECTOR('',#779,1.);
#779 = DIRECTION('',(1.,0.,-0.));
#780 = ORIENTED_EDGE('',*,*,#204,.F.);
#781 = ORIENTED_EDGE('',*,*,#174,.T.);
#782 = ORIENTED_EDGE('',*,*,#783,.T.);
#783 = EDGE_CURVE('',#175,#774,#784,.T.);
#784 = LINE('',#785,#786);
#785 = CARTESIAN_POINT('',(-32.5,-0.3,15.5));
#786 = VECTOR('',#787,1.);
#787 = DIRECTION('',(-0.,1.,0.));
#788 = PLANE('',#789);
#789 = AXIS2_PLACEMENT_3D('',#790,#791,#792);
#790 = CARTESIAN_POINT('',(-40.,1.2,15.5));
#791 = DIRECTION('',(0.,0.,1.));
#792 = DIRECTION('',(1.,0.,-0.));
#793 = ADVANCED_FACE('',(#794),#823,.T.);
#794 = FACE_BOUND('',#795,.T.);
#795 = EDGE_LOOP('',(#796,#797,#798,#799,#800,#801,#809,#817));
#796 = ORIENTED_EDGE('',*,*,#783,.F.);
#797 = ORIENTED_EDGE('',*,*,#182,.T.);
#798 = ORIENTED_EDGE('',*,*,#721,.T.);
#799 = ORIENTED_EDGE('',*,*,#672,.T.);
#800 = ORIENTED_EDGE('',*,*,#615,.F.);
#801 = ORIENTED_EDGE('',*,*,#802,.F.);
#802 = EDGE_CURVE('',#803,#608,#805,.T.);
#803 = VERTEX_POINT('',#804);
#804 = CARTESIAN_POINT('',(-32.5,28.2,10.5));
#805 = LINE('',#806,#807);
#806 = CARTESIAN_POINT('',(-32.5,28.2,-4.5));
#807 = VECTOR('',#808,1.);
#808 = DIRECTION('',(0.,0.,1.));
#809 = ORIENTED_EDGE('',*,*,#810,.F.);
#810 = EDGE_CURVE('',#811,#803,#813,.T.);
#811 = VERTEX_POINT('',#812);
#812 = CARTESIAN_POINT('',(-32.5,14.2,10.5));
#813 = LINE('',#814,#815);
#814 = CARTESIAN_POINT('',(-32.5,14.2,10.5));
#815 = VECTOR('',#816,1.);
#816 = DIRECTION('',(-0.,1.,0.));
#817 = ORIENTED_EDGE('',*,*,#818,.T.);
#818 = EDGE_CURVE('',#811,#774,#819,.T.);
#819 = LINE('',#820,#821);
#820 = CARTESIAN_POINT('',(-32.5,14.2,-4.5));
#821 = VECTOR('',#822,1.);
#822 = DIRECTION('',(0.,0.,1.));
#823 = PLANE('',#824);
#824 = AXIS2_PLACEMENT_3D('',#825,#826,#827);
#825 = CARTESIAN_POINT('',(-32.5,16.239215686275,6.901960784314));
#826 = DIRECTION('',(1.,0.,0.));
#827 = DIRECTION('',(-0.,0.,1.));
#828 = ADVANCED_FACE('',(#829),#840,.T.);
#829 = FACE_BOUND('',#830,.T.);
#830 = EDGE_LOOP('',(#831,#837,#838,#839));
#831 = ORIENTED_EDGE('',*,*,#832,.F.);
#832 = EDGE_CURVE('',#222,#811,#833,.T.);
#833 = LINE('',#834,#835);
#834 = CARTESIAN_POINT('',(-42.,14.2,10.5));
#835 = VECTOR('',#836,1.);
#836 = DIRECTION('',(1.,0.,-0.));
#837 = ORIENTED_EDGE('',*,*,#229,.T.);
#838 = ORIENTED_EDGE('',*,*,#773,.T.);
#839 = ORIENTED_EDGE('',*,*,#818,.F.);
#840 = PLANE('',#841);
#841 = AXIS2_PLACEMENT_3D('',#842,#843,#844);
#842 = CARTESIAN_POINT('',(-42.,14.2,10.5));
#843 = DIRECTION('',(-0.,1.,0.));
#844 = DIRECTION('',(0.,0.,1.));
#845 = ADVANCED_FACE('',(#846,#859),#870,.T.);
#846 = FACE_BOUND('',#847,.T.);
#847 = EDGE_LOOP('',(#848,#849,#850,#851,#852,#858));
#848 = ORIENTED_EDGE('',*,*,#291,.F.);
#849 = ORIENTED_EDGE('',*,*,#259,.T.);
#850 = ORIENTED_EDGE('',*,*,#832,.T.);
#851 = ORIENTED_EDGE('',*,*,#810,.T.);
#852 = ORIENTED_EDGE('',*,*,#853,.F.);
#853 = EDGE_CURVE('',#315,#803,#854,.T.);
#854 = LINE('',#855,#856);
#855 = CARTESIAN_POINT('',(-42.,28.2,10.5));
#856 = VECTOR('',#857,1.);
#857 = DIRECTION('',(1.,0.,-0.));
#858 = ORIENTED_EDGE('',*,*,#314,.F.);
#859 = FACE_BOUND('',#860,.T.);
#860 = EDGE_LOOP('',(#861));
#861 = ORIENTED_EDGE('',*,*,#862,.F.);
#862 = EDGE_CURVE('',#863,#863,#865,.T.);
#863 = VERTEX_POINT('',#864);
#864 = CARTESIAN_POINT('',(-34.9,21.2,10.5));
#865 = CIRCLE('',#866,2.1);
#866 = AXIS2_PLACEMENT_3D('',#867,#868,#869);
#867 = CARTESIAN_POINT('',(-37.,21.2,10.5));
#868 = DIRECTION('',(0.,0.,1.));
#869 = DIRECTION('',(1.,0.,-0.));
#870 = PLANE('',#871);
#871 = AXIS2_PLACEMENT_3D('',#872,#873,#874);
#872 = CARTESIAN_POINT('',(-42.,14.2,10.5));
#873 = DIRECTION('',(0.,0.,1.));
#874 = DIRECTION('',(1.,0.,-0.));
#875 = ADVANCED_FACE('',(#876),#895,.F.);
#876 = FACE_BOUND('',#877,.F.);
#877 = EDGE_LOOP('',(#878,#879,#887,#894));
#878 = ORIENTED_EDGE('',*,*,#862,.F.);
#879 = ORIENTED_EDGE('',*,*,#880,.F.);
#880 = EDGE_CURVE('',#881,#863,#883,.T.);
#881 = VERTEX_POINT('',#882);
#882 = CARTESIAN_POINT('',(-34.9,21.2,-4.5));
#883 = LINE('',#884,#885);
#884 = CARTESIAN_POINT('',(-34.9,21.2,-12.));
#885 = VECTOR('',#886,1.);
#886 = DIRECTION('',(0.,0.,1.));
#887 = ORIENTED_EDGE('',*,*,#888,.T.);
#888 = EDGE_CURVE('',#881,#881,#889,.T.);
#889 = CIRCLE('',#890,2.1);
#890 = AXIS2_PLACEMENT_3D('',#891,#892,#893);
#891 = CARTESIAN_POINT('',(-37.,21.2,-4.5));
#892 = DIRECTION('',(0.,0.,1.));
#893 = DIRECTION('',(1.,0.,-0.));
#894 = ORIENTED_EDGE('',*,*,#880,.T.);
#895 = CYLINDRICAL_SURFACE('',#896,2.1);
#896 = AXIS2_PLACEMENT_3D('',#897,#898,#899);
#897 = CARTESIAN_POINT('',(-37.,21.2,-12.));
#898 = DIRECTION('',(0.,0.,1.));
#899 = DIRECTION('',(1.,0.,-0.));
#900 = ADVANCED_FACE('',(#901),#907,.F.);
#901 = FACE_BOUND('',#902,.F.);
#902 = EDGE_LOOP('',(#903,#904,#905,#906));
#903 = ORIENTED_EDGE('',*,*,#853,.F.);
#904 = ORIENTED_EDGE('',*,*,#346,.T.);
#905 = ORIENTED_EDGE('',*,*,#607,.T.);
#906 = ORIENTED_EDGE('',*,*,#802,.F.);
#907 = PLANE('',#908);
#908 = AXIS2_PLACEMENT_3D('',#909,#910,#911);
#909 = CARTESIAN_POINT('',(-42.,28.2,10.5));
#910 = DIRECTION('',(-0.,1.,0.));
#911 = DIRECTION('',(0.,0.,1.));
#912 = ADVANCED_FACE('',(#913),#956,.T.);
#913 = FACE_BOUND('',#914,.T.);
#914 = EDGE_LOOP('',(#915,#923,#924,#932,#941,#949));
#915 = ORIENTED_EDGE('',*,*,#916,.T.);
#916 = EDGE_CURVE('',#917,#372,#919,.T.);
#917 = VERTEX_POINT('',#918);
#918 = CARTESIAN_POINT('',(-101.5,34.4,-3.));
#919 = LINE('',#920,#921);
#920 = CARTESIAN_POINT('',(-103.,34.4,-3.));
#921 = VECTOR('',#922,1.);
#922 = DIRECTION('',(1.,0.,0.));
#923 = ORIENTED_EDGE('',*,*,#369,.F.);
#924 = ORIENTED_EDGE('',*,*,#925,.T.);
#925 = EDGE_CURVE('',#370,#926,#928,.T.);
#926 = VERTEX_POINT('',#927);
#927 = CARTESIAN_POINT('',(-101.5,32.,-3.));
#928 = LINE('',#929,#930);
#929 = CARTESIAN_POINT('',(-40.,32.,-3.));
#930 = VECTOR('',#931,1.);
#931 = DIRECTION('',(-1.,0.,0.));
#932 = ORIENTED_EDGE('',*,*,#933,.F.);
#933 = EDGE_CURVE('',#934,#926,#936,.T.);
#934 = VERTEX_POINT('',#935);
#935 = CARTESIAN_POINT('',(-103.,30.5,-3.));
#936 = CIRCLE('',#937,1.5);
#937 = AXIS2_PLACEMENT_3D('',#938,#939,#940);
#938 = CARTESIAN_POINT('',(-101.5,30.5,-3.));
#939 = DIRECTION('',(-0.,-0.,-1.));
#940 = DIRECTION('',(0.,-1.,0.));
#941 = ORIENTED_EDGE('',*,*,#942,.F.);
#942 = EDGE_CURVE('',#943,#934,#945,.T.);
#943 = VERTEX_POINT('',#944);
#944 = CARTESIAN_POINT('',(-103.,35.9,-3.));
#945 = LINE('',#946,#947);
#946 = CARTESIAN_POINT('',(-103.,16.6,-3.));
#947 = VECTOR('',#948,1.);
#948 = DIRECTION('',(0.,-1.,-0.));
#949 = ORIENTED_EDGE('',*,*,#950,.T.);
#950 = EDGE_CURVE('',#943,#917,#951,.T.);
#951 = CIRCLE('',#952,1.5);
#952 = AXIS2_PLACEMENT_3D('',#953,#954,#955);
#953 = CARTESIAN_POINT('',(-101.5,35.9,-3.));
#954 = DIRECTION('',(0.,0.,1.));
#955 = DIRECTION('',(0.,-1.,0.));
#956 = PLANE('',#957);
#957 = AXIS2_PLACEMENT_3D('',#958,#959,#960);
#958 = CARTESIAN_POINT('',(-68.5,33.2,-3.));
#959 = DIRECTION('',(-0.,-0.,-1.));
#960 = DIRECTION('',(-1.,0.,0.));
#961 = ADVANCED_FACE('',(#962),#980,.T.);
#962 = FACE_BOUND('',#963,.T.);
#963 = EDGE_LOOP('',(#964,#972,#978,#979));
#964 = ORIENTED_EDGE('',*,*,#965,.T.);
#965 = EDGE_CURVE('',#380,#966,#968,.T.);
#966 = VERTEX_POINT('',#967);
#967 = CARTESIAN_POINT('',(-101.5,32.,15.));
#968 = LINE('',#969,#970);
#969 = CARTESIAN_POINT('',(-102.,32.,15.));
#970 = VECTOR('',#971,1.);
#971 = DIRECTION('',(-1.,0.,0.));
#972 = ORIENTED_EDGE('',*,*,#973,.F.);
#973 = EDGE_CURVE('',#926,#966,#974,.T.);
#974 = LINE('',#975,#976);
#975 = CARTESIAN_POINT('',(-101.5,32.,-3.));
#976 = VECTOR('',#977,1.);
#977 = DIRECTION('',(0.,0.,1.));
#978 = ORIENTED_EDGE('',*,*,#925,.F.);
#979 = ORIENTED_EDGE('',*,*,#379,.T.);
#980 = PLANE('',#981);
#981 = AXIS2_PLACEMENT_3D('',#982,#983,#984);
#982 = CARTESIAN_POINT('',(-71.5,32.,6.));
#983 = DIRECTION('',(-0.,-1.,-0.));
#984 = DIRECTION('',(0.,0.,-1.));
#985 = ADVANCED_FACE('',(#986),#1022,.F.);
#986 = FACE_BOUND('',#987,.F.);
#987 = EDGE_LOOP('',(#988,#996,#997,#998,#1007,#1015));
#988 = ORIENTED_EDGE('',*,*,#989,.T.);
#989 = EDGE_CURVE('',#990,#388,#992,.T.);
#990 = VERTEX_POINT('',#991);
#991 = CARTESIAN_POINT('',(-101.5,34.4,15.));
#992 = LINE('',#993,#994);
#993 = CARTESIAN_POINT('',(-41.,34.4,15.));
#994 = VECTOR('',#995,1.);
#995 = DIRECTION('',(1.,0.,0.));
#996 = ORIENTED_EDGE('',*,*,#387,.F.);
#997 = ORIENTED_EDGE('',*,*,#965,.T.);
#998 = ORIENTED_EDGE('',*,*,#999,.F.);
#999 = EDGE_CURVE('',#1000,#966,#1002,.T.);
#1000 = VERTEX_POINT('',#1001);
#1001 = CARTESIAN_POINT('',(-103.,30.5,15.));
#1002 = CIRCLE('',#1003,1.5);
#1003 = AXIS2_PLACEMENT_3D('',#1004,#1005,#1006);
#1004 = CARTESIAN_POINT('',(-101.5,30.5,15.));
#1005 = DIRECTION('',(-0.,-0.,-1.));
#1006 = DIRECTION('',(0.,-1.,0.));
#1007 = ORIENTED_EDGE('',*,*,#1008,.F.);
#1008 = EDGE_CURVE('',#1009,#1000,#1011,.T.);
#1009 = VERTEX_POINT('',#1010);
#1010 = CARTESIAN_POINT('',(-103.,35.9,15.));
#1011 = LINE('',#1012,#1013);
#1012 = CARTESIAN_POINT('',(-103.,16.6,15.));
#1013 = VECTOR('',#1014,1.);
#1014 = DIRECTION('',(0.,-1.,-0.));
#1015 = ORIENTED_EDGE('',*,*,#1016,.T.);
#1016 = EDGE_CURVE('',#1009,#990,#1017,.T.);
#1017 = CIRCLE('',#1018,1.5);
#1018 = AXIS2_PLACEMENT_3D('',#1019,#1020,#1021);
#1019 = CARTESIAN_POINT('',(-101.5,35.9,15.));
#1020 = DIRECTION('',(0.,0.,1.));
#1021 = DIRECTION('',(0.,-1.,0.));
#1022 = PLANE('',#1023);
#1023 = AXIS2_PLACEMENT_3D('',#1024,#1025,#1026);
#1024 = CARTESIAN_POINT('',(-68.5,33.2,15.));
#1025 = DIRECTION('',(-0.,-0.,-1.));
#1026 = DIRECTION('',(-1.,0.,0.));
#1027 = ADVANCED_FACE('',(#1028),#1039,.T.);
#1028 = FACE_BOUND('',#1029,.T.);
#1029 = EDGE_LOOP('',(#1030,#1031,#1037,#1038));
#1030 = ORIENTED_EDGE('',*,*,#916,.F.);
#1031 = ORIENTED_EDGE('',*,*,#1032,.T.);
#1032 = EDGE_CURVE('',#917,#990,#1033,.T.);
#1033 = LINE('',#1034,#1035);
#1034 = CARTESIAN_POINT('',(-101.5,34.4,-3.));
#1035 = VECTOR('',#1036,1.);
#1036 = DIRECTION('',(0.,0.,1.));
#1037 = ORIENTED_EDGE('',*,*,#989,.T.);
#1038 = ORIENTED_EDGE('',*,*,#395,.F.);
#1039 = PLANE('',#1040);
#1040 = AXIS2_PLACEMENT_3D('',#1041,#1042,#1043);
#1041 = CARTESIAN_POINT('',(-71.5,34.4,6.));
#1042 = DIRECTION('',(0.,1.,0.));
#1043 = DIRECTION('',(0.,-0.,1.));
#1044 = ADVANCED_FACE('',(#1045),#1070,.T.);
#1045 = FACE_BOUND('',#1046,.T.);
#1046 = EDGE_LOOP('',(#1047,#1055,#1063,#1069));
#1047 = ORIENTED_EDGE('',*,*,#1048,.T.);
#1048 = EDGE_CURVE('',#520,#1049,#1051,.T.);
#1049 = VERTEX_POINT('',#1050);
#1050 = CARTESIAN_POINT('',(12.8,39.2,-4.5));
#1051 = LINE('',#1052,#1053);
#1052 = CARTESIAN_POINT('',(3.516915722909,39.2,-4.5));
#1053 = VECTOR('',#1054,1.);
#1054 = DIRECTION('',(1.,0.,-0.));
#1055 = ORIENTED_EDGE('',*,*,#1056,.T.);
#1056 = EDGE_CURVE('',#1049,#1057,#1059,.T.);
#1057 = VERTEX_POINT('',#1058);
#1058 = CARTESIAN_POINT('',(12.8,39.2,5.5));
#1059 = LINE('',#1060,#1061);
#1060 = CARTESIAN_POINT('',(12.8,39.2,-5.5));
#1061 = VECTOR('',#1062,1.);
#1062 = DIRECTION('',(0.,0.,1.));
#1063 = ORIENTED_EDGE('',*,*,#1064,.F.);
#1064 = EDGE_CURVE('',#528,#1057,#1065,.T.);
#1065 = LINE('',#1066,#1067);
#1066 = CARTESIAN_POINT('',(-11.2,39.2,5.5));
#1067 = VECTOR('',#1068,1.);
#1068 = DIRECTION('',(1.,0.,-0.));
#1069 = ORIENTED_EDGE('',*,*,#527,.F.);
#1070 = PLANE('',#1071);
#1071 = AXIS2_PLACEMENT_3D('',#1072,#1073,#1074);
#1072 = CARTESIAN_POINT('',(0.8,39.2,0.5));
#1073 = DIRECTION('',(-0.,-1.,-0.));
#1074 = DIRECTION('',(0.,0.,-1.));
#1075 = ADVANCED_FACE('',(#1076),#1126,.F.);
#1076 = FACE_BOUND('',#1077,.F.);
#1077 = EDGE_LOOP('',(#1078,#1088,#1096,#1104,#1112,#1120));
#1078 = ORIENTED_EDGE('',*,*,#1079,.T.);
#1079 = EDGE_CURVE('',#1080,#1082,#1084,.T.);
#1080 = VERTEX_POINT('',#1081);
#1081 = CARTESIAN_POINT('',(32.5,1.2,15.5));
#1082 = VERTEX_POINT('',#1083);
#1083 = CARTESIAN_POINT('',(40.,1.2,15.5));
#1084 = LINE('',#1085,#1086);
#1085 = CARTESIAN_POINT('',(-40.,1.2,15.5));
#1086 = VECTOR('',#1087,1.);
#1087 = DIRECTION('',(1.,0.,-0.));
#1088 = ORIENTED_EDGE('',*,*,#1089,.F.);
#1089 = EDGE_CURVE('',#1090,#1082,#1092,.T.);
#1090 = VERTEX_POINT('',#1091);
#1091 = CARTESIAN_POINT('',(40.,1.2,-4.5));
#1092 = LINE('',#1093,#1094);
#1093 = CARTESIAN_POINT('',(40.,1.2,-4.5));
#1094 = VECTOR('',#1095,1.);
#1095 = DIRECTION('',(0.,0.,1.));
#1096 = ORIENTED_EDGE('',*,*,#1097,.F.);
#1097 = EDGE_CURVE('',#1098,#1090,#1100,.T.);
#1098 = VERTEX_POINT('',#1099);
#1099 = CARTESIAN_POINT('',(17.748239349299,1.2,-4.5));
#1100 = LINE('',#1101,#1102);
#1101 = CARTESIAN_POINT('',(-40.,1.2,-4.5));
#1102 = VECTOR('',#1103,1.);
#1103 = DIRECTION('',(1.,0.,-0.));
#1104 = ORIENTED_EDGE('',*,*,#1105,.T.);
#1105 = EDGE_CURVE('',#1098,#1106,#1108,.T.);
#1106 = VERTEX_POINT('',#1107);
#1107 = CARTESIAN_POINT('',(17.748239349299,1.2,-1.5));
#1108 = LINE('',#1109,#1110);
#1109 = CARTESIAN_POINT('',(17.748239349299,1.2,-7.));
#1110 = VECTOR('',#1111,1.);
#1111 = DIRECTION('',(0.,0.,1.));
#1112 = ORIENTED_EDGE('',*,*,#1113,.T.);
#1113 = EDGE_CURVE('',#1106,#1114,#1116,.T.);
#1114 = VERTEX_POINT('',#1115);
#1115 = CARTESIAN_POINT('',(32.5,1.2,-1.5));
#1116 = LINE('',#1117,#1118);
#1117 = CARTESIAN_POINT('',(-36.25,1.2,-1.5));
#1118 = VECTOR('',#1119,1.);
#1119 = DIRECTION('',(1.,0.,-0.));
#1120 = ORIENTED_EDGE('',*,*,#1121,.F.);
#1121 = EDGE_CURVE('',#1080,#1114,#1122,.T.);
#1122 = LINE('',#1123,#1124);
#1123 = CARTESIAN_POINT('',(32.5,1.2,-3.));
#1124 = VECTOR('',#1125,1.);
#1125 = DIRECTION('',(-0.,0.,-1.));
#1126 = PLANE('',#1127);
#1127 = AXIS2_PLACEMENT_3D('',#1128,#1129,#1130);
#1128 = CARTESIAN_POINT('',(-40.,1.2,-4.5));
#1129 = DIRECTION('',(-0.,1.,0.));
#1130 = DIRECTION('',(0.,0.,1.));
#1131 = ADVANCED_FACE('',(#1132),#1159,.F.);
#1132 = FACE_BOUND('',#1133,.F.);
#1133 = EDGE_LOOP('',(#1134,#1135,#1144,#1152));
#1134 = ORIENTED_EDGE('',*,*,#1105,.F.);
#1135 = ORIENTED_EDGE('',*,*,#1136,.T.);
#1136 = EDGE_CURVE('',#1098,#1137,#1139,.T.);
#1137 = VERTEX_POINT('',#1138);
#1138 = CARTESIAN_POINT('',(0.4,16.195555006723,-4.5));
#1139 = CIRCLE('',#1140,18.);
#1140 = AXIS2_PLACEMENT_3D('',#1141,#1142,#1143);
#1141 = CARTESIAN_POINT('',(0.,-1.8,-4.5));
#1142 = DIRECTION('',(0.,0.,1.));
#1143 = DIRECTION('',(1.,0.,-0.));
#1144 = ORIENTED_EDGE('',*,*,#1145,.T.);
#1145 = EDGE_CURVE('',#1137,#1146,#1148,.T.);
#1146 = VERTEX_POINT('',#1147);
#1147 = CARTESIAN_POINT('',(0.4,16.195555006723,-1.5));
#1148 = LINE('',#1149,#1150);
#1149 = CARTESIAN_POINT('',(0.4,16.195555006723,-7.));
#1150 = VECTOR('',#1151,1.);
#1151 = DIRECTION('',(0.,0.,1.));
#1152 = ORIENTED_EDGE('',*,*,#1153,.F.);
#1153 = EDGE_CURVE('',#1106,#1146,#1154,.T.);
#1154 = CIRCLE('',#1155,18.);
#1155 = AXIS2_PLACEMENT_3D('',#1156,#1157,#1158);
#1156 = CARTESIAN_POINT('',(0.,-1.8,-1.5));
#1157 = DIRECTION('',(0.,0.,1.));
#1158 = DIRECTION('',(1.,0.,-0.));
#1159 = CYLINDRICAL_SURFACE('',#1160,18.);
#1160 = AXIS2_PLACEMENT_3D('',#1161,#1162,#1163);
#1161 = CARTESIAN_POINT('',(0.,-1.8,-7.));
#1162 = DIRECTION('',(0.,0.,1.));
#1163 = DIRECTION('',(1.,0.,-0.));
#1164 = ADVANCED_FACE('',(#1165),#1206,.F.);
#1165 = FACE_BOUND('',#1166,.F.);
#1166 = EDGE_LOOP('',(#1167,#1177,#1185,#1191,#1192,#1200));
#1167 = ORIENTED_EDGE('',*,*,#1168,.F.);
#1168 = EDGE_CURVE('',#1169,#1171,#1173,.T.);
#1169 = VERTEX_POINT('',#1170);
#1170 = CARTESIAN_POINT('',(0.4,30.2,15.5));
#1171 = VERTEX_POINT('',#1172);
#1172 = CARTESIAN_POINT('',(0.4,34.7,15.5));
#1173 = LINE('',#1174,#1175);
#1174 = CARTESIAN_POINT('',(0.4,-499.4,15.5));
#1175 = VECTOR('',#1176,1.);
#1176 = DIRECTION('',(-0.,1.,0.));
#1177 = ORIENTED_EDGE('',*,*,#1178,.T.);
#1178 = EDGE_CURVE('',#1169,#1179,#1181,.T.);
#1179 = VERTEX_POINT('',#1180);
#1180 = CARTESIAN_POINT('',(0.4,30.2,-1.5));
#1181 = LINE('',#1182,#1183);
#1182 = CARTESIAN_POINT('',(0.4,30.2,-500.75));
#1183 = VECTOR('',#1184,1.);
#1184 = DIRECTION('',(-0.,0.,-1.));
#1185 = ORIENTED_EDGE('',*,*,#1186,.F.);
#1186 = EDGE_CURVE('',#1146,#1179,#1187,.T.);
#1187 = LINE('',#1188,#1189);
#1188 = CARTESIAN_POINT('',(0.4,-500.9,-1.5));
#1189 = VECTOR('',#1190,1.);
#1190 = DIRECTION('',(-0.,1.,0.));
#1191 = ORIENTED_EDGE('',*,*,#1145,.F.);
#1192 = ORIENTED_EDGE('',*,*,#1193,.T.);
#1193 = EDGE_CURVE('',#1137,#1194,#1196,.T.);
#1194 = VERTEX_POINT('',#1195);
#1195 = CARTESIAN_POINT('',(0.4,34.7,-4.5));
#1196 = LINE('',#1197,#1198);
#1197 = CARTESIAN_POINT('',(0.4,-482.4,-4.5));
#1198 = VECTOR('',#1199,1.);
#1199 = DIRECTION('',(-0.,1.,0.));
#1200 = ORIENTED_EDGE('',*,*,#1201,.T.);
#1201 = EDGE_CURVE('',#1194,#1171,#1202,.T.);
#1202 = LINE('',#1203,#1204);
#1203 = CARTESIAN_POINT('',(0.4,34.7,-502.75));
#1204 = VECTOR('',#1205,1.);
#1205 = DIRECTION('',(0.,0.,1.));
#1206 = PLANE('',#1207);
#1207 = AXIS2_PLACEMENT_3D('',#1208,#1209,#1210);
#1208 = CARTESIAN_POINT('',(0.4,-1.E+03,-1.E+03));
#1209 = DIRECTION('',(1.,0.,-0.));
#1210 = DIRECTION('',(0.,0.,1.));
#1211 = ADVANCED_FACE('',(#1212),#1253,.T.);
#1212 = FACE_BOUND('',#1213,.T.);
#1213 = EDGE_LOOP('',(#1214,#1224,#1232,#1238,#1239,#1247));
#1214 = ORIENTED_EDGE('',*,*,#1215,.F.);
#1215 = EDGE_CURVE('',#1216,#1218,#1220,.T.);
#1216 = VERTEX_POINT('',#1217);
#1217 = CARTESIAN_POINT('',(12.8,34.7,5.5));
#1218 = VERTEX_POINT('',#1219);
#1219 = CARTESIAN_POINT('',(13.,34.7,5.5));
#1220 = LINE('',#1221,#1222);
#1221 = CARTESIAN_POINT('',(-13.,34.7,5.5));
#1222 = VECTOR('',#1223,1.);
#1223 = DIRECTION('',(1.,0.,-0.));
#1224 = ORIENTED_EDGE('',*,*,#1225,.F.);
#1225 = EDGE_CURVE('',#1226,#1216,#1228,.T.);
#1226 = VERTEX_POINT('',#1227);
#1227 = CARTESIAN_POINT('',(12.8,34.7,-4.5));
#1228 = LINE('',#1229,#1230);
#1229 = CARTESIAN_POINT('',(12.8,34.7,-5.5));
#1230 = VECTOR('',#1231,1.);
#1231 = DIRECTION('',(0.,0.,1.));
#1232 = ORIENTED_EDGE('',*,*,#1233,.F.);
#1233 = EDGE_CURVE('',#1194,#1226,#1234,.T.);
#1234 = LINE('',#1235,#1236);
#1235 = CARTESIAN_POINT('',(3.516915722909,34.7,-4.5));
#1236 = VECTOR('',#1237,1.);
#1237 = DIRECTION('',(1.,0.,-0.));
#1238 = ORIENTED_EDGE('',*,*,#1201,.T.);
#1239 = ORIENTED_EDGE('',*,*,#1240,.F.);
#1240 = EDGE_CURVE('',#1241,#1171,#1243,.T.);
#1241 = VERTEX_POINT('',#1242);
#1242 = CARTESIAN_POINT('',(13.,34.7,15.5));
#1243 = LINE('',#1244,#1245);
#1244 = CARTESIAN_POINT('',(2.315944272446,34.7,15.5));
#1245 = VECTOR('',#1246,1.);
#1246 = DIRECTION('',(-1.,-0.,0.));
#1247 = ORIENTED_EDGE('',*,*,#1248,.F.);
#1248 = EDGE_CURVE('',#1218,#1241,#1249,.T.);
#1249 = LINE('',#1250,#1251);
#1250 = CARTESIAN_POINT('',(13.,34.7,5.5));
#1251 = VECTOR('',#1252,1.);
#1252 = DIRECTION('',(0.,0.,1.));
#1253 = PLANE('',#1254);
#1254 = AXIS2_PLACEMENT_3D('',#1255,#1256,#1257);
#1255 = CARTESIAN_POINT('',(6.669325153374,34.7,5.530674846626));
#1256 = DIRECTION('',(1.049277136869E-15,1.,0.));
#1257 = DIRECTION('',(1.,-1.049277136869E-15,0.));
#1258 = ADVANCED_FACE('',(#1259),#1275,.F.);
#1259 = FACE_BOUND('',#1260,.F.);
#1260 = EDGE_LOOP('',(#1261,#1262,#1268,#1269));
#1261 = ORIENTED_EDGE('',*,*,#1225,.F.);
#1262 = ORIENTED_EDGE('',*,*,#1263,.F.);
#1263 = EDGE_CURVE('',#1049,#1226,#1264,.T.);
#1264 = LINE('',#1265,#1266);
#1265 = CARTESIAN_POINT('',(12.8,30.665706773302,-4.5));
#1266 = VECTOR('',#1267,1.);
#1267 = DIRECTION('',(0.,-1.,0.));
#1268 = ORIENTED_EDGE('',*,*,#1056,.T.);
#1269 = ORIENTED_EDGE('',*,*,#1270,.F.);
#1270 = EDGE_CURVE('',#1216,#1057,#1271,.T.);
#1271 = LINE('',#1272,#1273);
#1272 = CARTESIAN_POINT('',(12.8,34.7,5.5));
#1273 = VECTOR('',#1274,1.);
#1274 = DIRECTION('',(-0.,1.,0.));
#1275 = PLANE('',#1276);
#1276 = AXIS2_PLACEMENT_3D('',#1277,#1278,#1279);
#1277 = CARTESIAN_POINT('',(12.8,34.7,-5.5));
#1278 = DIRECTION('',(1.,0.,-0.));
#1279 = DIRECTION('',(0.,0.,1.));
#1280 = ADVANCED_FACE('',(#1281),#1314,.T.);
#1281 = FACE_BOUND('',#1282,.T.);
#1282 = EDGE_LOOP('',(#1283,#1291,#1292,#1300,#1308));
#1283 = ORIENTED_EDGE('',*,*,#1284,.F.);
#1284 = EDGE_CURVE('',#1082,#1285,#1287,.T.);
#1285 = VERTEX_POINT('',#1286);
#1286 = CARTESIAN_POINT('',(40.,14.2,15.5));
#1287 = LINE('',#1288,#1289);
#1288 = CARTESIAN_POINT('',(40.,1.2,15.5));
#1289 = VECTOR('',#1290,1.);
#1290 = DIRECTION('',(-0.,1.,0.));
#1291 = ORIENTED_EDGE('',*,*,#1089,.F.);
#1292 = ORIENTED_EDGE('',*,*,#1293,.T.);
#1293 = EDGE_CURVE('',#1090,#1294,#1296,.T.);
#1294 = VERTEX_POINT('',#1295);
#1295 = CARTESIAN_POINT('',(40.,14.2,-4.5));
#1296 = LINE('',#1297,#1298);
#1297 = CARTESIAN_POINT('',(40.,1.2,-4.5));
#1298 = VECTOR('',#1299,1.);
#1299 = DIRECTION('',(-0.,1.,0.));
#1300 = ORIENTED_EDGE('',*,*,#1301,.T.);
#1301 = EDGE_CURVE('',#1294,#1302,#1304,.T.);
#1302 = VERTEX_POINT('',#1303);
#1303 = CARTESIAN_POINT('',(40.,14.2,10.5));
#1304 = LINE('',#1305,#1306);
#1305 = CARTESIAN_POINT('',(40.,14.2,-4.5));
#1306 = VECTOR('',#1307,1.);
#1307 = DIRECTION('',(0.,0.,1.));
#1308 = ORIENTED_EDGE('',*,*,#1309,.T.);
#1309 = EDGE_CURVE('',#1302,#1285,#1310,.T.);
#1310 = LINE('',#1311,#1312);
#1311 = CARTESIAN_POINT('',(40.,14.2,-4.5));
#1312 = VECTOR('',#1313,1.);
#1313 = DIRECTION('',(0.,0.,1.));
#1314 = PLANE('',#1315);
#1315 = AXIS2_PLACEMENT_3D('',#1316,#1317,#1318);
#1316 = CARTESIAN_POINT('',(40.,1.2,-4.5));
#1317 = DIRECTION('',(1.,0.,-0.));
#1318 = DIRECTION('',(0.,0.,1.));
#1319 = ADVANCED_FACE('',(#1320),#1354,.T.);
#1320 = FACE_BOUND('',#1321,.T.);
#1321 = EDGE_LOOP('',(#1322,#1332,#1340,#1348));
#1322 = ORIENTED_EDGE('',*,*,#1323,.F.);
#1323 = EDGE_CURVE('',#1324,#1326,#1328,.T.);
#1324 = VERTEX_POINT('',#1325);
#1325 = CARTESIAN_POINT('',(18.,35.2,-4.5));
#1326 = VERTEX_POINT('',#1327);
#1327 = CARTESIAN_POINT('',(18.,35.2,15.5));
#1328 = LINE('',#1329,#1330);
#1329 = CARTESIAN_POINT('',(18.,35.2,-4.5));
#1330 = VECTOR('',#1331,1.);
#1331 = DIRECTION('',(0.,0.,1.));
#1332 = ORIENTED_EDGE('',*,*,#1333,.T.);
#1333 = EDGE_CURVE('',#1324,#1334,#1336,.T.);
#1334 = VERTEX_POINT('',#1335);
#1335 = CARTESIAN_POINT('',(18.,53.2,-4.5));
#1336 = LINE('',#1337,#1338);
#1337 = CARTESIAN_POINT('',(18.,35.2,-4.5));
#1338 = VECTOR('',#1339,1.);
#1339 = DIRECTION('',(-0.,1.,0.));
#1340 = ORIENTED_EDGE('',*,*,#1341,.T.);
#1341 = EDGE_CURVE('',#1334,#1342,#1344,.T.);
#1342 = VERTEX_POINT('',#1343);
#1343 = CARTESIAN_POINT('',(18.,53.2,15.5));
#1344 = LINE('',#1345,#1346);
#1345 = CARTESIAN_POINT('',(18.,53.2,-4.5));
#1346 = VECTOR('',#1347,1.);
#1347 = DIRECTION('',(0.,0.,1.));
#1348 = ORIENTED_EDGE('',*,*,#1349,.F.);
#1349 = EDGE_CURVE('',#1326,#1342,#1350,.T.);
#1350 = LINE('',#1351,#1352);
#1351 = CARTESIAN_POINT('',(18.,35.2,15.5));
#1352 = VECTOR('',#1353,1.);
#1353 = DIRECTION('',(-0.,1.,0.));
#1354 = PLANE('',#1355);
#1355 = AXIS2_PLACEMENT_3D('',#1356,#1357,#1358);
#1356 = CARTESIAN_POINT('',(18.,35.2,-4.5));
#1357 = DIRECTION('',(1.,0.,-0.));
#1358 = DIRECTION('',(0.,0.,1.));
#1359 = ADVANCED_FACE('',(#1360),#1385,.T.);
#1360 = FACE_BOUND('',#1361,.T.);
#1361 = EDGE_LOOP('',(#1362,#1370,#1371,#1379));
#1362 = ORIENTED_EDGE('',*,*,#1363,.F.);
#1363 = EDGE_CURVE('',#1324,#1364,#1366,.T.);
#1364 = VERTEX_POINT('',#1365);
#1365 = CARTESIAN_POINT('',(40.,35.2,-4.5));
#1366 = LINE('',#1367,#1368);
#1367 = CARTESIAN_POINT('',(-40.,35.2,-4.5));
#1368 = VECTOR('',#1369,1.);
#1369 = DIRECTION('',(1.,0.,-0.));
#1370 = ORIENTED_EDGE('',*,*,#1323,.T.);
#1371 = ORIENTED_EDGE('',*,*,#1372,.T.);
#1372 = EDGE_CURVE('',#1326,#1373,#1375,.T.);
#1373 = VERTEX_POINT('',#1374);
#1374 = CARTESIAN_POINT('',(40.,35.2,15.5));
#1375 = LINE('',#1376,#1377);
#1376 = CARTESIAN_POINT('',(-40.,35.2,15.5));
#1377 = VECTOR('',#1378,1.);
#1378 = DIRECTION('',(1.,0.,-0.));
#1379 = ORIENTED_EDGE('',*,*,#1380,.F.);
#1380 = EDGE_CURVE('',#1364,#1373,#1381,.T.);
#1381 = LINE('',#1382,#1383);
#1382 = CARTESIAN_POINT('',(40.,35.2,-4.5));
#1383 = VECTOR('',#1384,1.);
#1384 = DIRECTION('',(0.,0.,1.));
#1385 = PLANE('',#1386);
#1386 = AXIS2_PLACEMENT_3D('',#1387,#1388,#1389);
#1387 = CARTESIAN_POINT('',(-40.,35.2,-4.5));
#1388 = DIRECTION('',(-0.,1.,0.));
#1389 = DIRECTION('',(0.,0.,1.));
#1390 = ADVANCED_FACE('',(#1391,#1424),#1458,.T.);
#1391 = FACE_BOUND('',#1392,.T.);
#1392 = EDGE_LOOP('',(#1393,#1401,#1409,#1417,#1423));
#1393 = ORIENTED_EDGE('',*,*,#1394,.F.);
#1394 = EDGE_CURVE('',#1395,#1373,#1397,.T.);
#1395 = VERTEX_POINT('',#1396);
#1396 = CARTESIAN_POINT('',(40.,28.2,15.5));
#1397 = LINE('',#1398,#1399);
#1398 = CARTESIAN_POINT('',(40.,1.2,15.5));
#1399 = VECTOR('',#1400,1.);
#1400 = DIRECTION('',(-0.,1.,0.));
#1401 = ORIENTED_EDGE('',*,*,#1402,.F.);
#1402 = EDGE_CURVE('',#1403,#1395,#1405,.T.);
#1403 = VERTEX_POINT('',#1404);
#1404 = CARTESIAN_POINT('',(40.,28.2,10.5));
#1405 = LINE('',#1406,#1407);
#1406 = CARTESIAN_POINT('',(40.,28.2,-4.5));
#1407 = VECTOR('',#1408,1.);
#1408 = DIRECTION('',(0.,0.,1.));
#1409 = ORIENTED_EDGE('',*,*,#1410,.F.);
#1410 = EDGE_CURVE('',#1411,#1403,#1413,.T.);
#1411 = VERTEX_POINT('',#1412);
#1412 = CARTESIAN_POINT('',(40.,28.2,-4.5));
#1413 = LINE('',#1414,#1415);
#1414 = CARTESIAN_POINT('',(40.,28.2,-4.5));
#1415 = VECTOR('',#1416,1.);
#1416 = DIRECTION('',(0.,0.,1.));
#1417 = ORIENTED_EDGE('',*,*,#1418,.T.);
#1418 = EDGE_CURVE('',#1411,#1364,#1419,.T.);
#1419 = LINE('',#1420,#1421);
#1420 = CARTESIAN_POINT('',(40.,1.2,-4.5));
#1421 = VECTOR('',#1422,1.);
#1422 = DIRECTION('',(-0.,1.,0.));
#1423 = ORIENTED_EDGE('',*,*,#1380,.T.);
#1424 = FACE_BOUND('',#1425,.T.);
#1425 = EDGE_LOOP('',(#1426,#1436,#1444,#1452));
#1426 = ORIENTED_EDGE('',*,*,#1427,.T.);
#1427 = EDGE_CURVE('',#1428,#1430,#1432,.T.);
#1428 = VERTEX_POINT('',#1429);
#1429 = CARTESIAN_POINT('',(40.,34.4,-3.));
#1430 = VERTEX_POINT('',#1431);
#1431 = CARTESIAN_POINT('',(40.,32.,-3.));
#1432 = LINE('',#1433,#1434);
#1433 = CARTESIAN_POINT('',(40.,17.2,-3.));
#1434 = VECTOR('',#1435,1.);
#1435 = DIRECTION('',(0.,-1.,0.));
#1436 = ORIENTED_EDGE('',*,*,#1437,.T.);
#1437 = EDGE_CURVE('',#1430,#1438,#1440,.T.);
#1438 = VERTEX_POINT('',#1439);
#1439 = CARTESIAN_POINT('',(40.,32.,15.));
#1440 = LINE('',#1441,#1442);
#1441 = CARTESIAN_POINT('',(40.,32.,-3.));
#1442 = VECTOR('',#1443,1.);
#1443 = DIRECTION('',(0.,0.,1.));
#1444 = ORIENTED_EDGE('',*,*,#1445,.F.);
#1445 = EDGE_CURVE('',#1446,#1438,#1448,.T.);
#1446 = VERTEX_POINT('',#1447);
#1447 = CARTESIAN_POINT('',(40.,34.4,15.));
#1448 = LINE('',#1449,#1450);
#1449 = CARTESIAN_POINT('',(40.,17.2,15.));
#1450 = VECTOR('',#1451,1.);
#1451 = DIRECTION('',(0.,-1.,0.));
#1452 = ORIENTED_EDGE('',*,*,#1453,.F.);
#1453 = EDGE_CURVE('',#1428,#1446,#1454,.T.);
#1454 = LINE('',#1455,#1456);
#1455 = CARTESIAN_POINT('',(40.,34.4,-3.));
#1456 = VECTOR('',#1457,1.);
#1457 = DIRECTION('',(0.,0.,1.));
#1458 = PLANE('',#1459);
#1459 = AXIS2_PLACEMENT_3D('',#1460,#1461,#1462);
#1460 = CARTESIAN_POINT('',(40.,1.2,-4.5));
#1461 = DIRECTION('',(1.,0.,-0.));
#1462 = DIRECTION('',(0.,0.,1.));
#1463 = ADVANCED_FACE('',(#1464),#1489,.T.);
#1464 = FACE_BOUND('',#1465,.T.);
#1465 = EDGE_LOOP('',(#1466,#1474,#1475,#1483));
#1466 = ORIENTED_EDGE('',*,*,#1467,.F.);
#1467 = EDGE_CURVE('',#1411,#1468,#1470,.T.);
#1468 = VERTEX_POINT('',#1469);
#1469 = CARTESIAN_POINT('',(42.,28.2,-4.5));
#1470 = LINE('',#1471,#1472);
#1471 = CARTESIAN_POINT('',(32.5,28.2,-4.5));
#1472 = VECTOR('',#1473,1.);
#1473 = DIRECTION('',(1.,0.,-0.));
#1474 = ORIENTED_EDGE('',*,*,#1410,.T.);
#1475 = ORIENTED_EDGE('',*,*,#1476,.T.);
#1476 = EDGE_CURVE('',#1403,#1477,#1479,.T.);
#1477 = VERTEX_POINT('',#1478);
#1478 = CARTESIAN_POINT('',(42.,28.2,10.5));
#1479 = LINE('',#1480,#1481);
#1480 = CARTESIAN_POINT('',(32.5,28.2,10.5));
#1481 = VECTOR('',#1482,1.);
#1482 = DIRECTION('',(1.,0.,-0.));
#1483 = ORIENTED_EDGE('',*,*,#1484,.F.);
#1484 = EDGE_CURVE('',#1468,#1477,#1485,.T.);
#1485 = LINE('',#1486,#1487);
#1486 = CARTESIAN_POINT('',(42.,28.2,-4.5));
#1487 = VECTOR('',#1488,1.);
#1488 = DIRECTION('',(0.,0.,1.));
#1489 = PLANE('',#1490);
#1490 = AXIS2_PLACEMENT_3D('',#1491,#1492,#1493);
#1491 = CARTESIAN_POINT('',(32.5,28.2,-4.5));
#1492 = DIRECTION('',(-0.,1.,0.));
#1493 = DIRECTION('',(0.,0.,1.));
#1494 = ADVANCED_FACE('',(#1495),#1520,.T.);
#1495 = FACE_BOUND('',#1496,.T.);
#1496 = EDGE_LOOP('',(#1497,#1507,#1513,#1514));
#1497 = ORIENTED_EDGE('',*,*,#1498,.F.);
#1498 = EDGE_CURVE('',#1499,#1501,#1503,.T.);
#1499 = VERTEX_POINT('',#1500);
#1500 = CARTESIAN_POINT('',(42.,14.2,-4.5));
#1501 = VERTEX_POINT('',#1502);
#1502 = CARTESIAN_POINT('',(42.,14.2,10.5));
#1503 = LINE('',#1504,#1505);
#1504 = CARTESIAN_POINT('',(42.,14.2,-4.5));
#1505 = VECTOR('',#1506,1.);
#1506 = DIRECTION('',(0.,0.,1.));
#1507 = ORIENTED_EDGE('',*,*,#1508,.T.);
#1508 = EDGE_CURVE('',#1499,#1468,#1509,.T.);
#1509 = LINE('',#1510,#1511);
#1510 = CARTESIAN_POINT('',(42.,14.2,-4.5));
#1511 = VECTOR('',#1512,1.);
#1512 = DIRECTION('',(-0.,1.,0.));
#1513 = ORIENTED_EDGE('',*,*,#1484,.T.);
#1514 = ORIENTED_EDGE('',*,*,#1515,.F.);
#1515 = EDGE_CURVE('',#1501,#1477,#1516,.T.);
#1516 = LINE('',#1517,#1518);
#1517 = CARTESIAN_POINT('',(42.,14.2,10.5));
#1518 = VECTOR('',#1519,1.);
#1519 = DIRECTION('',(-0.,1.,0.));
#1520 = PLANE('',#1521);
#1521 = AXIS2_PLACEMENT_3D('',#1522,#1523,#1524);
#1522 = CARTESIAN_POINT('',(42.,14.2,-4.5));
#1523 = DIRECTION('',(1.,0.,-0.));
#1524 = DIRECTION('',(0.,0.,1.));
#1525 = ADVANCED_FACE('',(#1526),#1542,.F.);
#1526 = FACE_BOUND('',#1527,.F.);
#1527 = EDGE_LOOP('',(#1528,#1534,#1535,#1541));
#1528 = ORIENTED_EDGE('',*,*,#1529,.F.);
#1529 = EDGE_CURVE('',#1294,#1499,#1530,.T.);
#1530 = LINE('',#1531,#1532);
#1531 = CARTESIAN_POINT('',(32.5,14.2,-4.5));
#1532 = VECTOR('',#1533,1.);
#1533 = DIRECTION('',(1.,0.,-0.));
#1534 = ORIENTED_EDGE('',*,*,#1301,.T.);
#1535 = ORIENTED_EDGE('',*,*,#1536,.T.);
#1536 = EDGE_CURVE('',#1302,#1501,#1537,.T.);
#1537 = LINE('',#1538,#1539);
#1538 = CARTESIAN_POINT('',(32.5,14.2,10.5));
#1539 = VECTOR('',#1540,1.);
#1540 = DIRECTION('',(1.,0.,-0.));
#1541 = ORIENTED_EDGE('',*,*,#1498,.F.);
#1542 = PLANE('',#1543);
#1543 = AXIS2_PLACEMENT_3D('',#1544,#1545,#1546);
#1544 = CARTESIAN_POINT('',(32.5,14.2,-4.5));
#1545 = DIRECTION('',(-0.,1.,0.));
#1546 = DIRECTION('',(0.,0.,1.));
#1547 = ADVANCED_FACE('',(#1548),#1568,.T.);
#1548 = FACE_BOUND('',#1549,.T.);
#1549 = EDGE_LOOP('',(#1550,#1558,#1559,#1560,#1561,#1562));
#1550 = ORIENTED_EDGE('',*,*,#1551,.F.);
#1551 = EDGE_CURVE('',#536,#1552,#1554,.T.);
#1552 = VERTEX_POINT('',#1553);
#1553 = CARTESIAN_POINT('',(13.,53.2,5.5));
#1554 = LINE('',#1555,#1556);
#1555 = CARTESIAN_POINT('',(-11.2,53.2,5.5));
#1556 = VECTOR('',#1557,1.);
#1557 = DIRECTION('',(1.,0.,-0.));
#1558 = ORIENTED_EDGE('',*,*,#535,.F.);
#1559 = ORIENTED_EDGE('',*,*,#1064,.T.);
#1560 = ORIENTED_EDGE('',*,*,#1270,.F.);
#1561 = ORIENTED_EDGE('',*,*,#1215,.T.);
#1562 = ORIENTED_EDGE('',*,*,#1563,.T.);
#1563 = EDGE_CURVE('',#1218,#1552,#1564,.T.);
#1564 = LINE('',#1565,#1566);
#1565 = CARTESIAN_POINT('',(13.,34.7,5.5));
#1566 = VECTOR('',#1567,1.);
#1567 = DIRECTION('',(-0.,1.,0.));
#1568 = PLANE('',#1569);
#1569 = AXIS2_PLACEMENT_3D('',#1570,#1571,#1572);
#1570 = CARTESIAN_POINT('',(2.164637002342,45.214637002342,5.5));
#1571 = DIRECTION('',(0.,0.,1.));
#1572 = DIRECTION('',(1.,0.,-0.));
#1573 = ADVANCED_FACE('',(#1574),#1592,.F.);
#1574 = FACE_BOUND('',#1575,.F.);
#1575 = EDGE_LOOP('',(#1576,#1577,#1578,#1586));
#1576 = ORIENTED_EDGE('',*,*,#1248,.F.);
#1577 = ORIENTED_EDGE('',*,*,#1563,.T.);
#1578 = ORIENTED_EDGE('',*,*,#1579,.F.);
#1579 = EDGE_CURVE('',#1580,#1552,#1582,.T.);
#1580 = VERTEX_POINT('',#1581);
#1581 = CARTESIAN_POINT('',(13.,53.2,15.5));
#1582 = LINE('',#1583,#1584);
#1583 = CARTESIAN_POINT('',(13.,53.2,0.5));
#1584 = VECTOR('',#1585,1.);
#1585 = DIRECTION('',(-0.,0.,-1.));
#1586 = ORIENTED_EDGE('',*,*,#1587,.F.);
#1587 = EDGE_CURVE('',#1241,#1580,#1588,.T.);
#1588 = LINE('',#1589,#1590);
#1589 = CARTESIAN_POINT('',(13.,36.415944272446,15.5));
#1590 = VECTOR('',#1591,1.);
#1591 = DIRECTION('',(-0.,1.,0.));
#1592 = PLANE('',#1593);
#1593 = AXIS2_PLACEMENT_3D('',#1594,#1595,#1596);
#1594 = CARTESIAN_POINT('',(13.,34.7,5.5));
#1595 = DIRECTION('',(1.,0.,-0.));
#1596 = DIRECTION('',(0.,0.,1.));
#1597 = ADVANCED_FACE('',(#1598),#1634,.T.);
#1598 = FACE_BOUND('',#1599,.T.);
#1599 = EDGE_LOOP('',(#1600,#1610,#1616,#1617,#1618,#1619,#1625,#1626,
    #1627,#1628));
#1600 = ORIENTED_EDGE('',*,*,#1601,.F.);
#1601 = EDGE_CURVE('',#1602,#1604,#1606,.T.);
#1602 = VERTEX_POINT('',#1603);
#1603 = CARTESIAN_POINT('',(32.5,28.2,15.5));
#1604 = VERTEX_POINT('',#1605);
#1605 = CARTESIAN_POINT('',(32.5,30.2,15.5));
#1606 = LINE('',#1607,#1608);
#1607 = CARTESIAN_POINT('',(32.5,-0.3,15.5));
#1608 = VECTOR('',#1609,1.);
#1609 = DIRECTION('',(-0.,1.,0.));
#1610 = ORIENTED_EDGE('',*,*,#1611,.T.);
#1611 = EDGE_CURVE('',#1602,#1395,#1612,.T.);
#1612 = LINE('',#1613,#1614);
#1613 = CARTESIAN_POINT('',(32.5,28.2,15.5));
#1614 = VECTOR('',#1615,1.);
#1615 = DIRECTION('',(1.,0.,-0.));
#1616 = ORIENTED_EDGE('',*,*,#1394,.T.);
#1617 = ORIENTED_EDGE('',*,*,#1372,.F.);
#1618 = ORIENTED_EDGE('',*,*,#1349,.T.);
#1619 = ORIENTED_EDGE('',*,*,#1620,.F.);
#1620 = EDGE_CURVE('',#1580,#1342,#1621,.T.);
#1621 = LINE('',#1622,#1623);
#1622 = CARTESIAN_POINT('',(-18.,53.2,15.5));
#1623 = VECTOR('',#1624,1.);
#1624 = DIRECTION('',(1.,0.,-0.));
#1625 = ORIENTED_EDGE('',*,*,#1587,.F.);
#1626 = ORIENTED_EDGE('',*,*,#1240,.T.);
#1627 = ORIENTED_EDGE('',*,*,#1168,.F.);
#1628 = ORIENTED_EDGE('',*,*,#1629,.F.);
#1629 = EDGE_CURVE('',#1604,#1169,#1630,.T.);
#1630 = LINE('',#1631,#1632);
#1631 = CARTESIAN_POINT('',(-36.25,30.2,15.5));
#1632 = VECTOR('',#1633,1.);
#1633 = DIRECTION('',(-1.,-0.,0.));
#1634 = PLANE('',#1635);
#1635 = AXIS2_PLACEMENT_3D('',#1636,#1637,#1638);
#1636 = CARTESIAN_POINT('',(17.631888544892,38.131888544892,15.5));
#1637 = DIRECTION('',(0.,0.,1.));
#1638 = DIRECTION('',(1.,0.,-0.));
#1639 = ADVANCED_FACE('',(#1640),#1665,.F.);
#1640 = FACE_BOUND('',#1641,.F.);
#1641 = EDGE_LOOP('',(#1642,#1652,#1658,#1659));
#1642 = ORIENTED_EDGE('',*,*,#1643,.F.);
#1643 = EDGE_CURVE('',#1644,#1646,#1648,.T.);
#1644 = VERTEX_POINT('',#1645);
#1645 = CARTESIAN_POINT('',(-12.,27.8418,2.));
#1646 = VERTEX_POINT('',#1647);
#1647 = CARTESIAN_POINT('',(-12.,27.8418,10.));
#1648 = LINE('',#1649,#1650);
#1649 = CARTESIAN_POINT('',(-12.,27.8418,2.));
#1650 = VECTOR('',#1651,1.);
#1651 = DIRECTION('',(0.,0.,1.));
#1652 = ORIENTED_EDGE('',*,*,#1653,.T.);
#1653 = EDGE_CURVE('',#1644,#682,#1654,.T.);
#1654 = LINE('',#1655,#1656);
#1655 = CARTESIAN_POINT('',(-12.,27.8418,2.));
#1656 = VECTOR('',#1657,1.);
#1657 = DIRECTION('',(-0.,1.,0.));
#1658 = ORIENTED_EDGE('',*,*,#681,.T.);
#1659 = ORIENTED_EDGE('',*,*,#1660,.F.);
#1660 = EDGE_CURVE('',#1646,#684,#1661,.T.);
#1661 = LINE('',#1662,#1663);
#1662 = CARTESIAN_POINT('',(-12.,27.8418,10.));
#1663 = VECTOR('',#1664,1.);
#1664 = DIRECTION('',(-0.,1.,0.));
#1665 = PLANE('',#1666);
#1666 = AXIS2_PLACEMENT_3D('',#1667,#1668,#1669);
#1667 = CARTESIAN_POINT('',(-12.,27.8418,2.));
#1668 = DIRECTION('',(1.,0.,-0.));
#1669 = DIRECTION('',(0.,0.,1.));
#1670 = ADVANCED_FACE('',(#1671),#1689,.F.);
#1671 = FACE_BOUND('',#1672,.F.);
#1672 = EDGE_LOOP('',(#1673,#1674,#1682,#1688));
#1673 = ORIENTED_EDGE('',*,*,#1653,.F.);
#1674 = ORIENTED_EDGE('',*,*,#1675,.T.);
#1675 = EDGE_CURVE('',#1644,#1676,#1678,.T.);
#1676 = VERTEX_POINT('',#1677);
#1677 = CARTESIAN_POINT('',(-6.,27.8418,2.));
#1678 = LINE('',#1679,#1680);
#1679 = CARTESIAN_POINT('',(-12.,27.8418,2.));
#1680 = VECTOR('',#1681,1.);
#1681 = DIRECTION('',(1.,0.,-0.));
#1682 = ORIENTED_EDGE('',*,*,#1683,.T.);
#1683 = EDGE_CURVE('',#1676,#692,#1684,.T.);
#1684 = LINE('',#1685,#1686);
#1685 = CARTESIAN_POINT('',(-6.,27.8418,2.));
#1686 = VECTOR('',#1687,1.);
#1687 = DIRECTION('',(-0.,1.,0.));
#1688 = ORIENTED_EDGE('',*,*,#691,.F.);
#1689 = PLANE('',#1690);
#1690 = AXIS2_PLACEMENT_3D('',#1691,#1692,#1693);
#1691 = CARTESIAN_POINT('',(-12.,27.8418,2.));
#1692 = DIRECTION('',(0.,0.,1.));
#1693 = DIRECTION('',(1.,0.,-0.));
#1694 = ADVANCED_FACE('',(#1695),#1713,.T.);
#1695 = FACE_BOUND('',#1696,.T.);
#1696 = EDGE_LOOP('',(#1697,#1705,#1706,#1707));
#1697 = ORIENTED_EDGE('',*,*,#1698,.F.);
#1698 = EDGE_CURVE('',#1676,#1699,#1701,.T.);
#1699 = VERTEX_POINT('',#1700);
#1700 = CARTESIAN_POINT('',(-6.,27.8418,10.));
#1701 = LINE('',#1702,#1703);
#1702 = CARTESIAN_POINT('',(-6.,27.8418,2.));
#1703 = VECTOR('',#1704,1.);
#1704 = DIRECTION('',(0.,0.,1.));
#1705 = ORIENTED_EDGE('',*,*,#1683,.T.);
#1706 = ORIENTED_EDGE('',*,*,#699,.T.);
#1707 = ORIENTED_EDGE('',*,*,#1708,.F.);
#1708 = EDGE_CURVE('',#1699,#700,#1709,.T.);
#1709 = LINE('',#1710,#1711);
#1710 = CARTESIAN_POINT('',(-6.,27.8418,10.));
#1711 = VECTOR('',#1712,1.);
#1712 = DIRECTION('',(-0.,1.,0.));
#1713 = PLANE('',#1714);
#1714 = AXIS2_PLACEMENT_3D('',#1715,#1716,#1717);
#1715 = CARTESIAN_POINT('',(-6.,27.8418,2.));
#1716 = DIRECTION('',(1.,0.,-0.));
#1717 = DIRECTION('',(0.,0.,1.));
#1718 = ADVANCED_FACE('',(#1719),#1730,.T.);
#1719 = FACE_BOUND('',#1720,.T.);
#1720 = EDGE_LOOP('',(#1721,#1722,#1728,#1729));
#1721 = ORIENTED_EDGE('',*,*,#1660,.F.);
#1722 = ORIENTED_EDGE('',*,*,#1723,.T.);
#1723 = EDGE_CURVE('',#1646,#1699,#1724,.T.);
#1724 = LINE('',#1725,#1726);
#1725 = CARTESIAN_POINT('',(-12.,27.8418,10.));
#1726 = VECTOR('',#1727,1.);
#1727 = DIRECTION('',(1.,0.,-0.));
#1728 = ORIENTED_EDGE('',*,*,#1708,.T.);
#1729 = ORIENTED_EDGE('',*,*,#707,.F.);
#1730 = PLANE('',#1731);
#1731 = AXIS2_PLACEMENT_3D('',#1732,#1733,#1734);
#1732 = CARTESIAN_POINT('',(-12.,27.8418,10.));
#1733 = DIRECTION('',(0.,0.,1.));
#1734 = DIRECTION('',(1.,0.,-0.));
#1735 = ADVANCED_FACE('',(#1736),#1761,.F.);
#1736 = FACE_BOUND('',#1737,.F.);
#1737 = EDGE_LOOP('',(#1738,#1739,#1747,#1755));
#1738 = ORIENTED_EDGE('',*,*,#733,.F.);
#1739 = ORIENTED_EDGE('',*,*,#1740,.T.);
#1740 = EDGE_CURVE('',#734,#1741,#1743,.T.);
#1741 = VERTEX_POINT('',#1742);
#1742 = CARTESIAN_POINT('',(-29.5,5.2,0.));
#1743 = LINE('',#1744,#1745);
#1744 = CARTESIAN_POINT('',(-29.5,5.2,-1.5));
#1745 = VECTOR('',#1746,1.);
#1746 = DIRECTION('',(0.,0.,1.));
#1747 = ORIENTED_EDGE('',*,*,#1748,.T.);
#1748 = EDGE_CURVE('',#1741,#1749,#1751,.T.);
#1749 = VERTEX_POINT('',#1750);
#1750 = CARTESIAN_POINT('',(-21.,5.2,0.));
#1751 = LINE('',#1752,#1753);
#1752 = CARTESIAN_POINT('',(-29.5,5.2,0.));
#1753 = VECTOR('',#1754,1.);
#1754 = DIRECTION('',(1.,0.,-0.));
#1755 = ORIENTED_EDGE('',*,*,#1756,.F.);
#1756 = EDGE_CURVE('',#736,#1749,#1757,.T.);
#1757 = LINE('',#1758,#1759);
#1758 = CARTESIAN_POINT('',(-21.,5.2,-1.5));
#1759 = VECTOR('',#1760,1.);
#1760 = DIRECTION('',(0.,0.,1.));
#1761 = PLANE('',#1762);
#1762 = AXIS2_PLACEMENT_3D('',#1763,#1764,#1765);
#1763 = CARTESIAN_POINT('',(-29.5,5.2,-1.5));
#1764 = DIRECTION('',(-0.,1.,0.));
#1765 = DIRECTION('',(0.,0.,1.));
#1766 = ADVANCED_FACE('',(#1767),#1785,.F.);
#1767 = FACE_BOUND('',#1768,.F.);
#1768 = EDGE_LOOP('',(#1769,#1770,#1771,#1779));
#1769 = ORIENTED_EDGE('',*,*,#1740,.F.);
#1770 = ORIENTED_EDGE('',*,*,#743,.T.);
#1771 = ORIENTED_EDGE('',*,*,#1772,.T.);
#1772 = EDGE_CURVE('',#744,#1773,#1775,.T.);
#1773 = VERTEX_POINT('',#1774);
#1774 = CARTESIAN_POINT('',(-29.5,13.2,0.));
#1775 = LINE('',#1776,#1777);
#1776 = CARTESIAN_POINT('',(-29.5,13.2,-1.5));
#1777 = VECTOR('',#1778,1.);
#1778 = DIRECTION('',(0.,0.,1.));
#1779 = ORIENTED_EDGE('',*,*,#1780,.F.);
#1780 = EDGE_CURVE('',#1741,#1773,#1781,.T.);
#1781 = LINE('',#1782,#1783);
#1782 = CARTESIAN_POINT('',(-29.5,5.2,0.));
#1783 = VECTOR('',#1784,1.);
#1784 = DIRECTION('',(-0.,1.,0.));
#1785 = PLANE('',#1786);
#1786 = AXIS2_PLACEMENT_3D('',#1787,#1788,#1789);
#1787 = CARTESIAN_POINT('',(-29.5,5.2,-1.5));
#1788 = DIRECTION('',(1.,0.,-0.));
#1789 = DIRECTION('',(0.,0.,1.));
#1790 = ADVANCED_FACE('',(#1791),#1809,.T.);
#1791 = FACE_BOUND('',#1792,.T.);
#1792 = EDGE_LOOP('',(#1793,#1794,#1795,#1803));
#1793 = ORIENTED_EDGE('',*,*,#751,.F.);
#1794 = ORIENTED_EDGE('',*,*,#1772,.T.);
#1795 = ORIENTED_EDGE('',*,*,#1796,.T.);
#1796 = EDGE_CURVE('',#1773,#1797,#1799,.T.);
#1797 = VERTEX_POINT('',#1798);
#1798 = CARTESIAN_POINT('',(-21.,13.2,0.));
#1799 = LINE('',#1800,#1801);
#1800 = CARTESIAN_POINT('',(-29.5,13.2,0.));
#1801 = VECTOR('',#1802,1.);
#1802 = DIRECTION('',(1.,0.,-0.));
#1803 = ORIENTED_EDGE('',*,*,#1804,.F.);
#1804 = EDGE_CURVE('',#752,#1797,#1805,.T.);
#1805 = LINE('',#1806,#1807);
#1806 = CARTESIAN_POINT('',(-21.,13.2,-1.5));
#1807 = VECTOR('',#1808,1.);
#1808 = DIRECTION('',(0.,0.,1.));
#1809 = PLANE('',#1810);
#1810 = AXIS2_PLACEMENT_3D('',#1811,#1812,#1813);
#1811 = CARTESIAN_POINT('',(-29.5,13.2,-1.5));
#1812 = DIRECTION('',(-0.,1.,0.));
#1813 = DIRECTION('',(0.,0.,1.));
#1814 = ADVANCED_FACE('',(#1815),#1826,.T.);
#1815 = FACE_BOUND('',#1816,.T.);
#1816 = EDGE_LOOP('',(#1817,#1818,#1819,#1820));
#1817 = ORIENTED_EDGE('',*,*,#1756,.F.);
#1818 = ORIENTED_EDGE('',*,*,#759,.T.);
#1819 = ORIENTED_EDGE('',*,*,#1804,.T.);
#1820 = ORIENTED_EDGE('',*,*,#1821,.F.);
#1821 = EDGE_CURVE('',#1749,#1797,#1822,.T.);
#1822 = LINE('',#1823,#1824);
#1823 = CARTESIAN_POINT('',(-21.,5.2,0.));
#1824 = VECTOR('',#1825,1.);
#1825 = DIRECTION('',(-0.,1.,0.));
#1826 = PLANE('',#1827);
#1827 = AXIS2_PLACEMENT_3D('',#1828,#1829,#1830);
#1828 = CARTESIAN_POINT('',(-21.,5.2,-1.5));
#1829 = DIRECTION('',(1.,0.,-0.));
#1830 = DIRECTION('',(0.,0.,1.));
#1831 = ADVANCED_FACE('',(#1832),#1843,.F.);
#1832 = FACE_BOUND('',#1833,.F.);
#1833 = EDGE_LOOP('',(#1834,#1840,#1841,#1842));
#1834 = ORIENTED_EDGE('',*,*,#1835,.T.);
#1835 = EDGE_CURVE('',#934,#1000,#1836,.T.);
#1836 = LINE('',#1837,#1838);
#1837 = CARTESIAN_POINT('',(-103.,30.5,-3.));
#1838 = VECTOR('',#1839,1.);
#1839 = DIRECTION('',(0.,0.,1.));
#1840 = ORIENTED_EDGE('',*,*,#999,.T.);
#1841 = ORIENTED_EDGE('',*,*,#973,.F.);
#1842 = ORIENTED_EDGE('',*,*,#933,.F.);
#1843 = CYLINDRICAL_SURFACE('',#1844,1.5);
#1844 = AXIS2_PLACEMENT_3D('',#1845,#1846,#1847);
#1845 = CARTESIAN_POINT('',(-101.5,30.5,-3.));
#1846 = DIRECTION('',(0.,0.,1.));
#1847 = DIRECTION('',(-1.,-0.,0.));
#1848 = ADVANCED_FACE('',(#1849,#1860),#1894,.T.);
#1849 = FACE_BOUND('',#1850,.T.);
#1850 = EDGE_LOOP('',(#1851,#1852,#1853,#1854));
#1851 = ORIENTED_EDGE('',*,*,#942,.T.);
#1852 = ORIENTED_EDGE('',*,*,#1835,.T.);
#1853 = ORIENTED_EDGE('',*,*,#1008,.F.);
#1854 = ORIENTED_EDGE('',*,*,#1855,.F.);
#1855 = EDGE_CURVE('',#943,#1009,#1856,.T.);
#1856 = LINE('',#1857,#1858);
#1857 = CARTESIAN_POINT('',(-103.,35.9,-3.));
#1858 = VECTOR('',#1859,1.);
#1859 = DIRECTION('',(0.,0.,1.));
#1860 = FACE_BOUND('',#1861,.T.);
#1861 = EDGE_LOOP('',(#1862,#1872,#1880,#1888));
#1862 = ORIENTED_EDGE('',*,*,#1863,.F.);
#1863 = EDGE_CURVE('',#1864,#1866,#1868,.T.);
#1864 = VERTEX_POINT('',#1865);
#1865 = CARTESIAN_POINT('',(-103.,0.,-8.));
#1866 = VERTEX_POINT('',#1867);
#1867 = CARTESIAN_POINT('',(-103.,0.,24.));
#1868 = LINE('',#1869,#1870);
#1869 = CARTESIAN_POINT('',(-103.,0.,-8.));
#1870 = VECTOR('',#1871,1.);
#1871 = DIRECTION('',(0.,0.,1.));
#1872 = ORIENTED_EDGE('',*,*,#1873,.T.);
#1873 = EDGE_CURVE('',#1864,#1874,#1876,.T.);
#1874 = VERTEX_POINT('',#1875);
#1875 = CARTESIAN_POINT('',(-103.,40.,-8.));
#1876 = LINE('',#1877,#1878);
#1877 = CARTESIAN_POINT('',(-103.,0.,-8.));
#1878 = VECTOR('',#1879,1.);
#1879 = DIRECTION('',(-0.,1.,0.));
#1880 = ORIENTED_EDGE('',*,*,#1881,.T.);
#1881 = EDGE_CURVE('',#1874,#1882,#1884,.T.);
#1882 = VERTEX_POINT('',#1883);
#1883 = CARTESIAN_POINT('',(-103.,40.,24.));
#1884 = LINE('',#1885,#1886);
#1885 = CARTESIAN_POINT('',(-103.,40.,-8.));
#1886 = VECTOR('',#1887,1.);
#1887 = DIRECTION('',(0.,0.,1.));
#1888 = ORIENTED_EDGE('',*,*,#1889,.F.);
#1889 = EDGE_CURVE('',#1866,#1882,#1890,.T.);
#1890 = LINE('',#1891,#1892);
#1891 = CARTESIAN_POINT('',(-103.,0.,24.));
#1892 = VECTOR('',#1893,1.);
#1893 = DIRECTION('',(-0.,1.,0.));
#1894 = PLANE('',#1895);
#1895 = AXIS2_PLACEMENT_3D('',#1896,#1897,#1898);
#1896 = CARTESIAN_POINT('',(-103.,0.,-8.));
#1897 = DIRECTION('',(1.,0.,-0.));
#1898 = DIRECTION('',(0.,0.,1.));
#1899 = ADVANCED_FACE('',(#1900),#1906,.F.);
#1900 = FACE_BOUND('',#1901,.F.);
#1901 = EDGE_LOOP('',(#1902,#1903,#1904,#1905));
#1902 = ORIENTED_EDGE('',*,*,#950,.T.);
#1903 = ORIENTED_EDGE('',*,*,#1032,.T.);
#1904 = ORIENTED_EDGE('',*,*,#1016,.F.);
#1905 = ORIENTED_EDGE('',*,*,#1855,.F.);
#1906 = CYLINDRICAL_SURFACE('',#1907,1.5);
#1907 = AXIS2_PLACEMENT_3D('',#1908,#1909,#1910);
#1908 = CARTESIAN_POINT('',(-101.5,35.9,-3.));
#1909 = DIRECTION('',(0.,0.,1.));
#1910 = DIRECTION('',(-1.,-0.,0.));
#1911 = ADVANCED_FACE('',(#1912),#1930,.T.);
#1912 = FACE_BOUND('',#1913,.T.);
#1913 = EDGE_LOOP('',(#1914,#1915,#1916,#1924));
#1914 = ORIENTED_EDGE('',*,*,#1079,.T.);
#1915 = ORIENTED_EDGE('',*,*,#1284,.T.);
#1916 = ORIENTED_EDGE('',*,*,#1917,.F.);
#1917 = EDGE_CURVE('',#1918,#1285,#1920,.T.);
#1918 = VERTEX_POINT('',#1919);
#1919 = CARTESIAN_POINT('',(32.5,14.2,15.5));
#1920 = LINE('',#1921,#1922);
#1921 = CARTESIAN_POINT('',(32.5,14.2,15.5));
#1922 = VECTOR('',#1923,1.);
#1923 = DIRECTION('',(1.,0.,-0.));
#1924 = ORIENTED_EDGE('',*,*,#1925,.F.);
#1925 = EDGE_CURVE('',#1080,#1918,#1926,.T.);
#1926 = LINE('',#1927,#1928);
#1927 = CARTESIAN_POINT('',(32.5,-0.3,15.5));
#1928 = VECTOR('',#1929,1.);
#1929 = DIRECTION('',(-0.,1.,0.));
#1930 = PLANE('',#1931);
#1931 = AXIS2_PLACEMENT_3D('',#1932,#1933,#1934);
#1932 = CARTESIAN_POINT('',(-40.,1.2,15.5));
#1933 = DIRECTION('',(0.,0.,1.));
#1934 = DIRECTION('',(1.,0.,-0.));
#1935 = ADVANCED_FACE('',(#1936,#1955),#1989,.T.);
#1936 = FACE_BOUND('',#1937,.T.);
#1937 = EDGE_LOOP('',(#1938,#1946,#1947,#1948,#1949));
#1938 = ORIENTED_EDGE('',*,*,#1939,.F.);
#1939 = EDGE_CURVE('',#1179,#1940,#1942,.T.);
#1940 = VERTEX_POINT('',#1941);
#1941 = CARTESIAN_POINT('',(32.5,30.2,-1.5));
#1942 = LINE('',#1943,#1944);
#1943 = CARTESIAN_POINT('',(-32.5,30.2,-1.5));
#1944 = VECTOR('',#1945,1.);
#1945 = DIRECTION('',(1.,0.,-0.));
#1946 = ORIENTED_EDGE('',*,*,#1186,.F.);
#1947 = ORIENTED_EDGE('',*,*,#1153,.F.);
#1948 = ORIENTED_EDGE('',*,*,#1113,.T.);
#1949 = ORIENTED_EDGE('',*,*,#1950,.T.);
#1950 = EDGE_CURVE('',#1114,#1940,#1951,.T.);
#1951 = LINE('',#1952,#1953);
#1952 = CARTESIAN_POINT('',(32.5,-1.8,-1.5));
#1953 = VECTOR('',#1954,1.);
#1954 = DIRECTION('',(-0.,1.,0.));
#1955 = FACE_BOUND('',#1956,.T.);
#1956 = EDGE_LOOP('',(#1957,#1967,#1975,#1983));
#1957 = ORIENTED_EDGE('',*,*,#1958,.F.);
#1958 = EDGE_CURVE('',#1959,#1961,#1963,.T.);
#1959 = VERTEX_POINT('',#1960);
#1960 = CARTESIAN_POINT('',(21.,5.2,-1.5));
#1961 = VERTEX_POINT('',#1962);
#1962 = CARTESIAN_POINT('',(29.5,5.2,-1.5));
#1963 = LINE('',#1964,#1965);
#1964 = CARTESIAN_POINT('',(21.,5.2,-1.5));
#1965 = VECTOR('',#1966,1.);
#1966 = DIRECTION('',(1.,0.,-0.));
#1967 = ORIENTED_EDGE('',*,*,#1968,.T.);
#1968 = EDGE_CURVE('',#1959,#1969,#1971,.T.);
#1969 = VERTEX_POINT('',#1970);
#1970 = CARTESIAN_POINT('',(21.,13.2,-1.5));
#1971 = LINE('',#1972,#1973);
#1972 = CARTESIAN_POINT('',(21.,5.2,-1.5));
#1973 = VECTOR('',#1974,1.);
#1974 = DIRECTION('',(-0.,1.,0.));
#1975 = ORIENTED_EDGE('',*,*,#1976,.T.);
#1976 = EDGE_CURVE('',#1969,#1977,#1979,.T.);
#1977 = VERTEX_POINT('',#1978);
#1978 = CARTESIAN_POINT('',(29.5,13.2,-1.5));
#1979 = LINE('',#1980,#1981);
#1980 = CARTESIAN_POINT('',(21.,13.2,-1.5));
#1981 = VECTOR('',#1982,1.);
#1982 = DIRECTION('',(1.,0.,-0.));
#1983 = ORIENTED_EDGE('',*,*,#1984,.F.);
#1984 = EDGE_CURVE('',#1961,#1977,#1985,.T.);
#1985 = LINE('',#1986,#1987);
#1986 = CARTESIAN_POINT('',(29.5,5.2,-1.5));
#1987 = VECTOR('',#1988,1.);
#1988 = DIRECTION('',(-0.,1.,0.));
#1989 = PLANE('',#1990);
#1990 = AXIS2_PLACEMENT_3D('',#1991,#1992,#1993);
#1991 = CARTESIAN_POINT('',(-32.5,-1.8,-1.5));
#1992 = DIRECTION('',(0.,0.,1.));
#1993 = DIRECTION('',(1.,0.,-0.));
#1994 = ADVANCED_FACE('',(#1995),#2029,.T.);
#1995 = FACE_BOUND('',#1996,.T.);
#1996 = EDGE_LOOP('',(#1997,#1998,#2006,#2014,#2020,#2021,#2027,#2028));
#1997 = ORIENTED_EDGE('',*,*,#1925,.T.);
#1998 = ORIENTED_EDGE('',*,*,#1999,.F.);
#1999 = EDGE_CURVE('',#2000,#1918,#2002,.T.);
#2000 = VERTEX_POINT('',#2001);
#2001 = CARTESIAN_POINT('',(32.5,14.2,10.5));
#2002 = LINE('',#2003,#2004);
#2003 = CARTESIAN_POINT('',(32.5,14.2,-4.5));
#2004 = VECTOR('',#2005,1.);
#2005 = DIRECTION('',(0.,0.,1.));
#2006 = ORIENTED_EDGE('',*,*,#2007,.T.);
#2007 = EDGE_CURVE('',#2000,#2008,#2010,.T.);
#2008 = VERTEX_POINT('',#2009);
#2009 = CARTESIAN_POINT('',(32.5,28.2,10.5));
#2010 = LINE('',#2011,#2012);
#2011 = CARTESIAN_POINT('',(32.5,14.2,10.5));
#2012 = VECTOR('',#2013,1.);
#2013 = DIRECTION('',(-0.,1.,0.));
#2014 = ORIENTED_EDGE('',*,*,#2015,.T.);
#2015 = EDGE_CURVE('',#2008,#1602,#2016,.T.);
#2016 = LINE('',#2017,#2018);
#2017 = CARTESIAN_POINT('',(32.5,28.2,-4.5));
#2018 = VECTOR('',#2019,1.);
#2019 = DIRECTION('',(0.,0.,1.));
#2020 = ORIENTED_EDGE('',*,*,#1601,.T.);
#2021 = ORIENTED_EDGE('',*,*,#2022,.F.);
#2022 = EDGE_CURVE('',#1940,#1604,#2023,.T.);
#2023 = LINE('',#2024,#2025);
#2024 = CARTESIAN_POINT('',(32.5,30.2,-1.5));
#2025 = VECTOR('',#2026,1.);
#2026 = DIRECTION('',(0.,0.,1.));
#2027 = ORIENTED_EDGE('',*,*,#1950,.F.);
#2028 = ORIENTED_EDGE('',*,*,#1121,.F.);
#2029 = PLANE('',#2030);
#2030 = AXIS2_PLACEMENT_3D('',#2031,#2032,#2033);
#2031 = CARTESIAN_POINT('',(32.5,16.239215686275,6.901960784314));
#2032 = DIRECTION('',(-1.,-0.,-0.));
#2033 = DIRECTION('',(0.,0.,-1.));
#2034 = ADVANCED_FACE('',(#2035,#2041),#2075,.F.);
#2035 = FACE_BOUND('',#2036,.F.);
#2036 = EDGE_LOOP('',(#2037,#2038,#2039,#2040));
#2037 = ORIENTED_EDGE('',*,*,#2022,.F.);
#2038 = ORIENTED_EDGE('',*,*,#1939,.F.);
#2039 = ORIENTED_EDGE('',*,*,#1178,.F.);
#2040 = ORIENTED_EDGE('',*,*,#1629,.F.);
#2041 = FACE_BOUND('',#2042,.F.);
#2042 = EDGE_LOOP('',(#2043,#2053,#2061,#2069));
#2043 = ORIENTED_EDGE('',*,*,#2044,.F.);
#2044 = EDGE_CURVE('',#2045,#2047,#2049,.T.);
#2045 = VERTEX_POINT('',#2046);
#2046 = CARTESIAN_POINT('',(6.,30.2,2.));
#2047 = VERTEX_POINT('',#2048);
#2048 = CARTESIAN_POINT('',(6.,30.2,10.));
#2049 = LINE('',#2050,#2051);
#2050 = CARTESIAN_POINT('',(6.,30.2,2.));
#2051 = VECTOR('',#2052,1.);
#2052 = DIRECTION('',(0.,0.,1.));
#2053 = ORIENTED_EDGE('',*,*,#2054,.T.);
#2054 = EDGE_CURVE('',#2045,#2055,#2057,.T.);
#2055 = VERTEX_POINT('',#2056);
#2056 = CARTESIAN_POINT('',(12.,30.2,2.));
#2057 = LINE('',#2058,#2059);
#2058 = CARTESIAN_POINT('',(6.,30.2,2.));
#2059 = VECTOR('',#2060,1.);
#2060 = DIRECTION('',(1.,0.,-0.));
#2061 = ORIENTED_EDGE('',*,*,#2062,.T.);
#2062 = EDGE_CURVE('',#2055,#2063,#2065,.T.);
#2063 = VERTEX_POINT('',#2064);
#2064 = CARTESIAN_POINT('',(12.,30.2,10.));
#2065 = LINE('',#2066,#2067);
#2066 = CARTESIAN_POINT('',(12.,30.2,2.));
#2067 = VECTOR('',#2068,1.);
#2068 = DIRECTION('',(0.,0.,1.));
#2069 = ORIENTED_EDGE('',*,*,#2070,.F.);
#2070 = EDGE_CURVE('',#2047,#2063,#2071,.T.);
#2071 = LINE('',#2072,#2073);
#2072 = CARTESIAN_POINT('',(6.,30.2,10.));
#2073 = VECTOR('',#2074,1.);
#2074 = DIRECTION('',(1.,0.,-0.));
#2075 = PLANE('',#2076);
#2076 = AXIS2_PLACEMENT_3D('',#2077,#2078,#2079);
#2077 = CARTESIAN_POINT('',(-32.5,30.2,-1.5));
#2078 = DIRECTION('',(-0.,1.,0.));
#2079 = DIRECTION('',(0.,0.,1.));
#2080 = ADVANCED_FACE('',(#2081),#2092,.F.);
#2081 = FACE_BOUND('',#2082,.F.);
#2082 = EDGE_LOOP('',(#2083,#2089,#2090,#2091));
#2083 = ORIENTED_EDGE('',*,*,#2084,.F.);
#2084 = EDGE_CURVE('',#2008,#1403,#2085,.T.);
#2085 = LINE('',#2086,#2087);
#2086 = CARTESIAN_POINT('',(32.5,28.2,10.5));
#2087 = VECTOR('',#2088,1.);
#2088 = DIRECTION('',(1.,0.,-0.));
#2089 = ORIENTED_EDGE('',*,*,#2015,.T.);
#2090 = ORIENTED_EDGE('',*,*,#1611,.T.);
#2091 = ORIENTED_EDGE('',*,*,#1402,.F.);
#2092 = PLANE('',#2093);
#2093 = AXIS2_PLACEMENT_3D('',#2094,#2095,#2096);
#2094 = CARTESIAN_POINT('',(32.5,28.2,10.5));
#2095 = DIRECTION('',(-0.,1.,0.));
#2096 = DIRECTION('',(0.,0.,1.));
#2097 = ADVANCED_FACE('',(#2098),#2141,.F.);
#2098 = FACE_BOUND('',#2099,.F.);
#2099 = EDGE_LOOP('',(#2100,#2108,#2109,#2117,#2126,#2134));
#2100 = ORIENTED_EDGE('',*,*,#2101,.T.);
#2101 = EDGE_CURVE('',#2102,#1428,#2104,.T.);
#2102 = VERTEX_POINT('',#2103);
#2103 = CARTESIAN_POINT('',(101.5,34.4,-3.));
#2104 = LINE('',#2105,#2106);
#2105 = CARTESIAN_POINT('',(41.,34.4,-3.));
#2106 = VECTOR('',#2107,1.);
#2107 = DIRECTION('',(-1.,0.,0.));
#2108 = ORIENTED_EDGE('',*,*,#1427,.T.);
#2109 = ORIENTED_EDGE('',*,*,#2110,.T.);
#2110 = EDGE_CURVE('',#1430,#2111,#2113,.T.);
#2111 = VERTEX_POINT('',#2112);
#2112 = CARTESIAN_POINT('',(101.5,32.,-3.));
#2113 = LINE('',#2114,#2115);
#2114 = CARTESIAN_POINT('',(102.,32.,-3.));
#2115 = VECTOR('',#2116,1.);
#2116 = DIRECTION('',(1.,0.,0.));
#2117 = ORIENTED_EDGE('',*,*,#2118,.F.);
#2118 = EDGE_CURVE('',#2119,#2111,#2121,.T.);
#2119 = VERTEX_POINT('',#2120);
#2120 = CARTESIAN_POINT('',(103.,30.5,-3.));
#2121 = CIRCLE('',#2122,1.5);
#2122 = AXIS2_PLACEMENT_3D('',#2123,#2124,#2125);
#2123 = CARTESIAN_POINT('',(101.5,30.5,-3.));
#2124 = DIRECTION('',(0.,0.,1.));
#2125 = DIRECTION('',(0.,-1.,0.));
#2126 = ORIENTED_EDGE('',*,*,#2127,.T.);
#2127 = EDGE_CURVE('',#2119,#2128,#2130,.T.);
#2128 = VERTEX_POINT('',#2129);
#2129 = CARTESIAN_POINT('',(103.,35.9,-3.));
#2130 = LINE('',#2131,#2132);
#2131 = CARTESIAN_POINT('',(103.,16.6,-3.));
#2132 = VECTOR('',#2133,1.);
#2133 = DIRECTION('',(-0.,1.,-0.));
#2134 = ORIENTED_EDGE('',*,*,#2135,.T.);
#2135 = EDGE_CURVE('',#2128,#2102,#2136,.T.);
#2136 = CIRCLE('',#2137,1.5);
#2137 = AXIS2_PLACEMENT_3D('',#2138,#2139,#2140);
#2138 = CARTESIAN_POINT('',(101.5,35.9,-3.));
#2139 = DIRECTION('',(-0.,-0.,-1.));
#2140 = DIRECTION('',(0.,-1.,0.));
#2141 = PLANE('',#2142);
#2142 = AXIS2_PLACEMENT_3D('',#2143,#2144,#2145);
#2143 = CARTESIAN_POINT('',(68.5,33.2,-3.));
#2144 = DIRECTION('',(0.,0.,1.));
#2145 = DIRECTION('',(1.,0.,-0.));
#2146 = ADVANCED_FACE('',(#2147),#2165,.T.);
#2147 = FACE_BOUND('',#2148,.T.);
#2148 = EDGE_LOOP('',(#2149,#2150,#2158,#2164));
#2149 = ORIENTED_EDGE('',*,*,#2110,.T.);
#2150 = ORIENTED_EDGE('',*,*,#2151,.T.);
#2151 = EDGE_CURVE('',#2111,#2152,#2154,.T.);
#2152 = VERTEX_POINT('',#2153);
#2153 = CARTESIAN_POINT('',(101.5,32.,15.));
#2154 = LINE('',#2155,#2156);
#2155 = CARTESIAN_POINT('',(101.5,32.,-3.));
#2156 = VECTOR('',#2157,1.);
#2157 = DIRECTION('',(0.,0.,1.));
#2158 = ORIENTED_EDGE('',*,*,#2159,.F.);
#2159 = EDGE_CURVE('',#1438,#2152,#2160,.T.);
#2160 = LINE('',#2161,#2162);
#2161 = CARTESIAN_POINT('',(40.,32.,15.));
#2162 = VECTOR('',#2163,1.);
#2163 = DIRECTION('',(1.,0.,0.));
#2164 = ORIENTED_EDGE('',*,*,#1437,.F.);
#2165 = PLANE('',#2166);
#2166 = AXIS2_PLACEMENT_3D('',#2167,#2168,#2169);
#2167 = CARTESIAN_POINT('',(71.5,32.,6.));
#2168 = DIRECTION('',(-0.,-1.,-0.));
#2169 = DIRECTION('',(0.,0.,-1.));
#2170 = ADVANCED_FACE('',(#2171),#2207,.T.);
#2171 = FACE_BOUND('',#2172,.T.);
#2172 = EDGE_LOOP('',(#2173,#2181,#2182,#2183,#2192,#2200));
#2173 = ORIENTED_EDGE('',*,*,#2174,.T.);
#2174 = EDGE_CURVE('',#2175,#1446,#2177,.T.);
#2175 = VERTEX_POINT('',#2176);
#2176 = CARTESIAN_POINT('',(101.5,34.4,15.));
#2177 = LINE('',#2178,#2179);
#2178 = CARTESIAN_POINT('',(103.,34.4,15.));
#2179 = VECTOR('',#2180,1.);
#2180 = DIRECTION('',(-1.,0.,0.));
#2181 = ORIENTED_EDGE('',*,*,#1445,.T.);
#2182 = ORIENTED_EDGE('',*,*,#2159,.T.);
#2183 = ORIENTED_EDGE('',*,*,#2184,.F.);
#2184 = EDGE_CURVE('',#2185,#2152,#2187,.T.);
#2185 = VERTEX_POINT('',#2186);
#2186 = CARTESIAN_POINT('',(103.,30.5,15.));
#2187 = CIRCLE('',#2188,1.5);
#2188 = AXIS2_PLACEMENT_3D('',#2189,#2190,#2191);
#2189 = CARTESIAN_POINT('',(101.5,30.5,15.));
#2190 = DIRECTION('',(0.,0.,1.));
#2191 = DIRECTION('',(0.,-1.,0.));
#2192 = ORIENTED_EDGE('',*,*,#2193,.F.);
#2193 = EDGE_CURVE('',#2194,#2185,#2196,.T.);
#2194 = VERTEX_POINT('',#2195);
#2195 = CARTESIAN_POINT('',(103.,35.9,15.));
#2196 = LINE('',#2197,#2198);
#2197 = CARTESIAN_POINT('',(103.,16.6,15.));
#2198 = VECTOR('',#2199,1.);
#2199 = DIRECTION('',(0.,-1.,0.));
#2200 = ORIENTED_EDGE('',*,*,#2201,.T.);
#2201 = EDGE_CURVE('',#2194,#2175,#2202,.T.);
#2202 = CIRCLE('',#2203,1.5);
#2203 = AXIS2_PLACEMENT_3D('',#2204,#2205,#2206);
#2204 = CARTESIAN_POINT('',(101.5,35.9,15.));
#2205 = DIRECTION('',(-0.,-0.,-1.));
#2206 = DIRECTION('',(0.,-1.,0.));
#2207 = PLANE('',#2208);
#2208 = AXIS2_PLACEMENT_3D('',#2209,#2210,#2211);
#2209 = CARTESIAN_POINT('',(68.5,33.2,15.));
#2210 = DIRECTION('',(0.,0.,1.));
#2211 = DIRECTION('',(1.,0.,-0.));
#2212 = ADVANCED_FACE('',(#2213),#2224,.T.);
#2213 = FACE_BOUND('',#2214,.T.);
#2214 = EDGE_LOOP('',(#2215,#2216,#2222,#2223));
#2215 = ORIENTED_EDGE('',*,*,#2174,.F.);
#2216 = ORIENTED_EDGE('',*,*,#2217,.F.);
#2217 = EDGE_CURVE('',#2102,#2175,#2218,.T.);
#2218 = LINE('',#2219,#2220);
#2219 = CARTESIAN_POINT('',(101.5,34.4,-3.));
#2220 = VECTOR('',#2221,1.);
#2221 = DIRECTION('',(0.,0.,1.));
#2222 = ORIENTED_EDGE('',*,*,#2101,.T.);
#2223 = ORIENTED_EDGE('',*,*,#1453,.T.);
#2224 = PLANE('',#2225);
#2225 = AXIS2_PLACEMENT_3D('',#2226,#2227,#2228);
#2226 = CARTESIAN_POINT('',(71.5,34.4,6.));
#2227 = DIRECTION('',(0.,1.,0.));
#2228 = DIRECTION('',(0.,-0.,1.));
#2229 = ADVANCED_FACE('',(#2230,#2243),#2254,.T.);
#2230 = FACE_BOUND('',#2231,.T.);
#2231 = EDGE_LOOP('',(#2232,#2233,#2239,#2240,#2241,#2242));
#2232 = ORIENTED_EDGE('',*,*,#2007,.F.);
#2233 = ORIENTED_EDGE('',*,*,#2234,.T.);
#2234 = EDGE_CURVE('',#2000,#1302,#2235,.T.);
#2235 = LINE('',#2236,#2237);
#2236 = CARTESIAN_POINT('',(32.5,14.2,10.5));
#2237 = VECTOR('',#2238,1.);
#2238 = DIRECTION('',(1.,0.,-0.));
#2239 = ORIENTED_EDGE('',*,*,#1536,.T.);
#2240 = ORIENTED_EDGE('',*,*,#1515,.T.);
#2241 = ORIENTED_EDGE('',*,*,#1476,.F.);
#2242 = ORIENTED_EDGE('',*,*,#2084,.F.);
#2243 = FACE_BOUND('',#2244,.T.);
#2244 = EDGE_LOOP('',(#2245));
#2245 = ORIENTED_EDGE('',*,*,#2246,.F.);
#2246 = EDGE_CURVE('',#2247,#2247,#2249,.T.);
#2247 = VERTEX_POINT('',#2248);
#2248 = CARTESIAN_POINT('',(39.1,21.2,10.5));
#2249 = CIRCLE('',#2250,2.1);
#2250 = AXIS2_PLACEMENT_3D('',#2251,#2252,#2253);
#2251 = CARTESIAN_POINT('',(37.,21.2,10.5));
#2252 = DIRECTION('',(0.,0.,1.));
#2253 = DIRECTION('',(1.,0.,-0.));
#2254 = PLANE('',#2255);
#2255 = AXIS2_PLACEMENT_3D('',#2256,#2257,#2258);
#2256 = CARTESIAN_POINT('',(32.5,14.2,10.5));
#2257 = DIRECTION('',(0.,0.,1.));
#2258 = DIRECTION('',(1.,0.,-0.));
#2259 = ADVANCED_FACE('',(#2260),#2279,.F.);
#2260 = FACE_BOUND('',#2261,.F.);
#2261 = EDGE_LOOP('',(#2262,#2263,#2271,#2278));
#2262 = ORIENTED_EDGE('',*,*,#2246,.F.);
#2263 = ORIENTED_EDGE('',*,*,#2264,.F.);
#2264 = EDGE_CURVE('',#2265,#2247,#2267,.T.);
#2265 = VERTEX_POINT('',#2266);
#2266 = CARTESIAN_POINT('',(39.1,21.2,-4.5));
#2267 = LINE('',#2268,#2269);
#2268 = CARTESIAN_POINT('',(39.1,21.2,-12.));
#2269 = VECTOR('',#2270,1.);
#2270 = DIRECTION('',(0.,0.,1.));
#2271 = ORIENTED_EDGE('',*,*,#2272,.T.);
#2272 = EDGE_CURVE('',#2265,#2265,#2273,.T.);
#2273 = CIRCLE('',#2274,2.1);
#2274 = AXIS2_PLACEMENT_3D('',#2275,#2276,#2277);
#2275 = CARTESIAN_POINT('',(37.,21.2,-4.5));
#2276 = DIRECTION('',(0.,0.,1.));
#2277 = DIRECTION('',(1.,0.,-0.));
#2278 = ORIENTED_EDGE('',*,*,#2264,.T.);
#2279 = CYLINDRICAL_SURFACE('',#2280,2.1);
#2280 = AXIS2_PLACEMENT_3D('',#2281,#2282,#2283);
#2281 = CARTESIAN_POINT('',(37.,21.2,-12.));
#2282 = DIRECTION('',(0.,0.,1.));
#2283 = DIRECTION('',(1.,0.,-0.));
#2284 = ADVANCED_FACE('',(#2285),#2291,.T.);
#2285 = FACE_BOUND('',#2286,.T.);
#2286 = EDGE_LOOP('',(#2287,#2288,#2289,#2290));
#2287 = ORIENTED_EDGE('',*,*,#2234,.F.);
#2288 = ORIENTED_EDGE('',*,*,#1999,.T.);
#2289 = ORIENTED_EDGE('',*,*,#1917,.T.);
#2290 = ORIENTED_EDGE('',*,*,#1309,.F.);
#2291 = PLANE('',#2292);
#2292 = AXIS2_PLACEMENT_3D('',#2293,#2294,#2295);
#2293 = CARTESIAN_POINT('',(32.5,14.2,10.5));
#2294 = DIRECTION('',(-0.,1.,0.));
#2295 = DIRECTION('',(0.,0.,1.));
#2296 = ADVANCED_FACE('',(#2297),#2303,.F.);
#2297 = FACE_BOUND('',#2298,.F.);
#2298 = EDGE_LOOP('',(#2299,#2300,#2301,#2302));
#2299 = ORIENTED_EDGE('',*,*,#1675,.F.);
#2300 = ORIENTED_EDGE('',*,*,#1643,.T.);
#2301 = ORIENTED_EDGE('',*,*,#1723,.T.);
#2302 = ORIENTED_EDGE('',*,*,#1698,.F.);
#2303 = PLANE('',#2304);
#2304 = AXIS2_PLACEMENT_3D('',#2305,#2306,#2307);
#2305 = CARTESIAN_POINT('',(-12.,27.8418,2.));
#2306 = DIRECTION('',(-0.,1.,0.));
#2307 = DIRECTION('',(0.,0.,1.));
#2308 = ADVANCED_FACE('',(#2309),#2315,.T.);
#2309 = FACE_BOUND('',#2310,.T.);
#2310 = EDGE_LOOP('',(#2311,#2312,#2313,#2314));
#2311 = ORIENTED_EDGE('',*,*,#1780,.F.);
#2312 = ORIENTED_EDGE('',*,*,#1748,.T.);
#2313 = ORIENTED_EDGE('',*,*,#1821,.T.);
#2314 = ORIENTED_EDGE('',*,*,#1796,.F.);
#2315 = PLANE('',#2316);
#2316 = AXIS2_PLACEMENT_3D('',#2317,#2318,#2319);
#2317 = CARTESIAN_POINT('',(-29.5,5.2,0.));
#2318 = DIRECTION('',(0.,0.,1.));
#2319 = DIRECTION('',(1.,0.,-0.));
#2320 = ADVANCED_FACE('',(#2321,#2346),#2357,.F.);
#2321 = FACE_BOUND('',#2322,.F.);
#2322 = EDGE_LOOP('',(#2323,#2331,#2339,#2345));
#2323 = ORIENTED_EDGE('',*,*,#2324,.F.);
#2324 = EDGE_CURVE('',#2325,#1864,#2327,.T.);
#2325 = VERTEX_POINT('',#2326);
#2326 = CARTESIAN_POINT('',(-121.,0.,-8.));
#2327 = LINE('',#2328,#2329);
#2328 = CARTESIAN_POINT('',(-121.,0.,-8.));
#2329 = VECTOR('',#2330,1.);
#2330 = DIRECTION('',(1.,0.,-0.));
#2331 = ORIENTED_EDGE('',*,*,#2332,.T.);
#2332 = EDGE_CURVE('',#2325,#2333,#2335,.T.);
#2333 = VERTEX_POINT('',#2334);
#2334 = CARTESIAN_POINT('',(-121.,0.,24.));
#2335 = LINE('',#2336,#2337);
#2336 = CARTESIAN_POINT('',(-121.,0.,-8.));
#2337 = VECTOR('',#2338,1.);
#2338 = DIRECTION('',(0.,0.,1.));
#2339 = ORIENTED_EDGE('',*,*,#2340,.T.);
#2340 = EDGE_CURVE('',#2333,#1866,#2341,.T.);
#2341 = LINE('',#2342,#2343);
#2342 = CARTESIAN_POINT('',(-121.,0.,24.));
#2343 = VECTOR('',#2344,1.);
#2344 = DIRECTION('',(1.,0.,-0.));
#2345 = ORIENTED_EDGE('',*,*,#1863,.F.);
#2346 = FACE_BOUND('',#2347,.F.);
#2347 = EDGE_LOOP('',(#2348));
#2348 = ORIENTED_EDGE('',*,*,#2349,.F.);
#2349 = EDGE_CURVE('',#2350,#2350,#2352,.T.);
#2350 = VERTEX_POINT('',#2351);
#2351 = CARTESIAN_POINT('',(-111.,0.,8.95));
#2352 = CIRCLE('',#2353,2.6);
#2353 = AXIS2_PLACEMENT_3D('',#2354,#2355,#2356);
#2354 = CARTESIAN_POINT('',(-111.,0.,6.35));
#2355 = DIRECTION('',(0.,1.,0.));
#2356 = DIRECTION('',(0.,-0.,1.));
#2357 = PLANE('',#2358);
#2358 = AXIS2_PLACEMENT_3D('',#2359,#2360,#2361);
#2359 = CARTESIAN_POINT('',(-121.,0.,-8.));
#2360 = DIRECTION('',(-0.,1.,0.));
#2361 = DIRECTION('',(0.,0.,1.));
#2362 = ADVANCED_FACE('',(#2363),#2381,.F.);
#2363 = FACE_BOUND('',#2364,.F.);
#2364 = EDGE_LOOP('',(#2365,#2373,#2374,#2375));
#2365 = ORIENTED_EDGE('',*,*,#2366,.F.);
#2366 = EDGE_CURVE('',#2325,#2367,#2369,.T.);
#2367 = VERTEX_POINT('',#2368);
#2368 = CARTESIAN_POINT('',(-121.,40.,-8.));
#2369 = LINE('',#2370,#2371);
#2370 = CARTESIAN_POINT('',(-121.,0.,-8.));
#2371 = VECTOR('',#2372,1.);
#2372 = DIRECTION('',(-0.,1.,0.));
#2373 = ORIENTED_EDGE('',*,*,#2324,.T.);
#2374 = ORIENTED_EDGE('',*,*,#1873,.T.);
#2375 = ORIENTED_EDGE('',*,*,#2376,.F.);
#2376 = EDGE_CURVE('',#2367,#1874,#2377,.T.);
#2377 = LINE('',#2378,#2379);
#2378 = CARTESIAN_POINT('',(-121.,40.,-8.));
#2379 = VECTOR('',#2380,1.);
#2380 = DIRECTION('',(1.,0.,-0.));
#2381 = PLANE('',#2382);
#2382 = AXIS2_PLACEMENT_3D('',#2383,#2384,#2385);
#2383 = CARTESIAN_POINT('',(-121.,0.,-8.));
#2384 = DIRECTION('',(0.,0.,1.));
#2385 = DIRECTION('',(1.,0.,-0.));
#2386 = ADVANCED_FACE('',(#2387,#2405),#2416,.T.);
#2387 = FACE_BOUND('',#2388,.T.);
#2388 = EDGE_LOOP('',(#2389,#2390,#2398,#2404));
#2389 = ORIENTED_EDGE('',*,*,#2376,.F.);
#2390 = ORIENTED_EDGE('',*,*,#2391,.T.);
#2391 = EDGE_CURVE('',#2367,#2392,#2394,.T.);
#2392 = VERTEX_POINT('',#2393);
#2393 = CARTESIAN_POINT('',(-121.,40.,24.));
#2394 = LINE('',#2395,#2396);
#2395 = CARTESIAN_POINT('',(-121.,40.,-8.));
#2396 = VECTOR('',#2397,1.);
#2397 = DIRECTION('',(0.,0.,1.));
#2398 = ORIENTED_EDGE('',*,*,#2399,.T.);
#2399 = EDGE_CURVE('',#2392,#1882,#2400,.T.);
#2400 = LINE('',#2401,#2402);
#2401 = CARTESIAN_POINT('',(-121.,40.,24.));
#2402 = VECTOR('',#2403,1.);
#2403 = DIRECTION('',(1.,0.,-0.));
#2404 = ORIENTED_EDGE('',*,*,#1881,.F.);
#2405 = FACE_BOUND('',#2406,.T.);
#2406 = EDGE_LOOP('',(#2407));
#2407 = ORIENTED_EDGE('',*,*,#2408,.F.);
#2408 = EDGE_CURVE('',#2409,#2409,#2411,.T.);
#2409 = VERTEX_POINT('',#2410);
#2410 = CARTESIAN_POINT('',(-111.,40.,8.95));
#2411 = CIRCLE('',#2412,2.6);
#2412 = AXIS2_PLACEMENT_3D('',#2413,#2414,#2415);
#2413 = CARTESIAN_POINT('',(-111.,40.,6.35));
#2414 = DIRECTION('',(0.,1.,0.));
#2415 = DIRECTION('',(0.,-0.,1.));
#2416 = PLANE('',#2417);
#2417 = AXIS2_PLACEMENT_3D('',#2418,#2419,#2420);
#2418 = CARTESIAN_POINT('',(-121.,40.,-8.));
#2419 = DIRECTION('',(-0.,1.,0.));
#2420 = DIRECTION('',(0.,0.,1.));
#2421 = ADVANCED_FACE('',(#2422),#2433,.T.);
#2422 = FACE_BOUND('',#2423,.T.);
#2423 = EDGE_LOOP('',(#2424,#2430,#2431,#2432));
#2424 = ORIENTED_EDGE('',*,*,#2425,.F.);
#2425 = EDGE_CURVE('',#2333,#2392,#2426,.T.);
#2426 = LINE('',#2427,#2428);
#2427 = CARTESIAN_POINT('',(-121.,0.,24.));
#2428 = VECTOR('',#2429,1.);
#2429 = DIRECTION('',(-0.,1.,0.));
#2430 = ORIENTED_EDGE('',*,*,#2340,.T.);
#2431 = ORIENTED_EDGE('',*,*,#1889,.T.);
#2432 = ORIENTED_EDGE('',*,*,#2399,.F.);
#2433 = PLANE('',#2434);
#2434 = AXIS2_PLACEMENT_3D('',#2435,#2436,#2437);
#2435 = CARTESIAN_POINT('',(-121.,0.,24.));
#2436 = DIRECTION('',(0.,0.,1.));
#2437 = DIRECTION('',(1.,0.,-0.));
#2438 = ADVANCED_FACE('',(#2439),#2464,.F.);
#2439 = FACE_BOUND('',#2440,.F.);
#2440 = EDGE_LOOP('',(#2441,#2442,#2450,#2458));
#2441 = ORIENTED_EDGE('',*,*,#1958,.F.);
#2442 = ORIENTED_EDGE('',*,*,#2443,.T.);
#2443 = EDGE_CURVE('',#1959,#2444,#2446,.T.);
#2444 = VERTEX_POINT('',#2445);
#2445 = CARTESIAN_POINT('',(21.,5.2,0.));
#2446 = LINE('',#2447,#2448);
#2447 = CARTESIAN_POINT('',(21.,5.2,-1.5));
#2448 = VECTOR('',#2449,1.);
#2449 = DIRECTION('',(0.,0.,1.));
#2450 = ORIENTED_EDGE('',*,*,#2451,.T.);
#2451 = EDGE_CURVE('',#2444,#2452,#2454,.T.);
#2452 = VERTEX_POINT('',#2453);
#2453 = CARTESIAN_POINT('',(29.5,5.2,0.));
#2454 = LINE('',#2455,#2456);
#2455 = CARTESIAN_POINT('',(21.,5.2,0.));
#2456 = VECTOR('',#2457,1.);
#2457 = DIRECTION('',(1.,0.,-0.));
#2458 = ORIENTED_EDGE('',*,*,#2459,.F.);
#2459 = EDGE_CURVE('',#1961,#2452,#2460,.T.);
#2460 = LINE('',#2461,#2462);
#2461 = CARTESIAN_POINT('',(29.5,5.2,-1.5));
#2462 = VECTOR('',#2463,1.);
#2463 = DIRECTION('',(0.,0.,1.));
#2464 = PLANE('',#2465);
#2465 = AXIS2_PLACEMENT_3D('',#2466,#2467,#2468);
#2466 = CARTESIAN_POINT('',(21.,5.2,-1.5));
#2467 = DIRECTION('',(-0.,1.,0.));
#2468 = DIRECTION('',(0.,0.,1.));
#2469 = ADVANCED_FACE('',(#2470),#2488,.F.);
#2470 = FACE_BOUND('',#2471,.F.);
#2471 = EDGE_LOOP('',(#2472,#2473,#2474,#2482));
#2472 = ORIENTED_EDGE('',*,*,#2443,.F.);
#2473 = ORIENTED_EDGE('',*,*,#1968,.T.);
#2474 = ORIENTED_EDGE('',*,*,#2475,.T.);
#2475 = EDGE_CURVE('',#1969,#2476,#2478,.T.);
#2476 = VERTEX_POINT('',#2477);
#2477 = CARTESIAN_POINT('',(21.,13.2,0.));
#2478 = LINE('',#2479,#2480);
#2479 = CARTESIAN_POINT('',(21.,13.2,-1.5));
#2480 = VECTOR('',#2481,1.);
#2481 = DIRECTION('',(0.,0.,1.));
#2482 = ORIENTED_EDGE('',*,*,#2483,.F.);
#2483 = EDGE_CURVE('',#2444,#2476,#2484,.T.);
#2484 = LINE('',#2485,#2486);
#2485 = CARTESIAN_POINT('',(21.,5.2,0.));
#2486 = VECTOR('',#2487,1.);
#2487 = DIRECTION('',(-0.,1.,0.));
#2488 = PLANE('',#2489);
#2489 = AXIS2_PLACEMENT_3D('',#2490,#2491,#2492);
#2490 = CARTESIAN_POINT('',(21.,5.2,-1.5));
#2491 = DIRECTION('',(1.,0.,-0.));
#2492 = DIRECTION('',(0.,0.,1.));
#2493 = ADVANCED_FACE('',(#2494),#2512,.T.);
#2494 = FACE_BOUND('',#2495,.T.);
#2495 = EDGE_LOOP('',(#2496,#2497,#2498,#2506));
#2496 = ORIENTED_EDGE('',*,*,#1976,.F.);
#2497 = ORIENTED_EDGE('',*,*,#2475,.T.);
#2498 = ORIENTED_EDGE('',*,*,#2499,.T.);
#2499 = EDGE_CURVE('',#2476,#2500,#2502,.T.);
#2500 = VERTEX_POINT('',#2501);
#2501 = CARTESIAN_POINT('',(29.5,13.2,0.));
#2502 = LINE('',#2503,#2504);
#2503 = CARTESIAN_POINT('',(21.,13.2,0.));
#2504 = VECTOR('',#2505,1.);
#2505 = DIRECTION('',(1.,0.,-0.));
#2506 = ORIENTED_EDGE('',*,*,#2507,.F.);
#2507 = EDGE_CURVE('',#1977,#2500,#2508,.T.);
#2508 = LINE('',#2509,#2510);
#2509 = CARTESIAN_POINT('',(29.5,13.2,-1.5));
#2510 = VECTOR('',#2511,1.);
#2511 = DIRECTION('',(0.,0.,1.));
#2512 = PLANE('',#2513);
#2513 = AXIS2_PLACEMENT_3D('',#2514,#2515,#2516);
#2514 = CARTESIAN_POINT('',(21.,13.2,-1.5));
#2515 = DIRECTION('',(-0.,1.,0.));
#2516 = DIRECTION('',(0.,0.,1.));
#2517 = ADVANCED_FACE('',(#2518),#2529,.T.);
#2518 = FACE_BOUND('',#2519,.T.);
#2519 = EDGE_LOOP('',(#2520,#2521,#2522,#2523));
#2520 = ORIENTED_EDGE('',*,*,#2459,.F.);
#2521 = ORIENTED_EDGE('',*,*,#1984,.T.);
#2522 = ORIENTED_EDGE('',*,*,#2507,.T.);
#2523 = ORIENTED_EDGE('',*,*,#2524,.F.);
#2524 = EDGE_CURVE('',#2452,#2500,#2525,.T.);
#2525 = LINE('',#2526,#2527);
#2526 = CARTESIAN_POINT('',(29.5,5.2,0.));
#2527 = VECTOR('',#2528,1.);
#2528 = DIRECTION('',(-0.,1.,0.));
#2529 = PLANE('',#2530);
#2530 = AXIS2_PLACEMENT_3D('',#2531,#2532,#2533);
#2531 = CARTESIAN_POINT('',(29.5,5.2,-1.5));
#2532 = DIRECTION('',(1.,0.,-0.));
#2533 = DIRECTION('',(0.,0.,1.));
#2534 = ADVANCED_FACE('',(#2535),#2560,.F.);
#2535 = FACE_BOUND('',#2536,.F.);
#2536 = EDGE_LOOP('',(#2537,#2547,#2553,#2554));
#2537 = ORIENTED_EDGE('',*,*,#2538,.F.);
#2538 = EDGE_CURVE('',#2539,#2541,#2543,.T.);
#2539 = VERTEX_POINT('',#2540);
#2540 = CARTESIAN_POINT('',(6.,27.8418,2.));
#2541 = VERTEX_POINT('',#2542);
#2542 = CARTESIAN_POINT('',(6.,27.8418,10.));
#2543 = LINE('',#2544,#2545);
#2544 = CARTESIAN_POINT('',(6.,27.8418,2.));
#2545 = VECTOR('',#2546,1.);
#2546 = DIRECTION('',(0.,0.,1.));
#2547 = ORIENTED_EDGE('',*,*,#2548,.T.);
#2548 = EDGE_CURVE('',#2539,#2045,#2549,.T.);
#2549 = LINE('',#2550,#2551);
#2550 = CARTESIAN_POINT('',(6.,27.8418,2.));
#2551 = VECTOR('',#2552,1.);
#2552 = DIRECTION('',(-0.,1.,0.));
#2553 = ORIENTED_EDGE('',*,*,#2044,.T.);
#2554 = ORIENTED_EDGE('',*,*,#2555,.F.);
#2555 = EDGE_CURVE('',#2541,#2047,#2556,.T.);
#2556 = LINE('',#2557,#2558);
#2557 = CARTESIAN_POINT('',(6.,27.8418,10.));
#2558 = VECTOR('',#2559,1.);
#2559 = DIRECTION('',(-0.,1.,0.));
#2560 = PLANE('',#2561);
#2561 = AXIS2_PLACEMENT_3D('',#2562,#2563,#2564);
#2562 = CARTESIAN_POINT('',(6.,27.8418,2.));
#2563 = DIRECTION('',(1.,0.,-0.));
#2564 = DIRECTION('',(0.,0.,1.));
#2565 = ADVANCED_FACE('',(#2566),#2584,.F.);
#2566 = FACE_BOUND('',#2567,.F.);
#2567 = EDGE_LOOP('',(#2568,#2569,#2577,#2583));
#2568 = ORIENTED_EDGE('',*,*,#2548,.F.);
#2569 = ORIENTED_EDGE('',*,*,#2570,.T.);
#2570 = EDGE_CURVE('',#2539,#2571,#2573,.T.);
#2571 = VERTEX_POINT('',#2572);
#2572 = CARTESIAN_POINT('',(12.,27.8418,2.));
#2573 = LINE('',#2574,#2575);
#2574 = CARTESIAN_POINT('',(6.,27.8418,2.));
#2575 = VECTOR('',#2576,1.);
#2576 = DIRECTION('',(1.,0.,-0.));
#2577 = ORIENTED_EDGE('',*,*,#2578,.T.);
#2578 = EDGE_CURVE('',#2571,#2055,#2579,.T.);
#2579 = LINE('',#2580,#2581);
#2580 = CARTESIAN_POINT('',(12.,27.8418,2.));
#2581 = VECTOR('',#2582,1.);
#2582 = DIRECTION('',(-0.,1.,0.));
#2583 = ORIENTED_EDGE('',*,*,#2054,.F.);
#2584 = PLANE('',#2585);
#2585 = AXIS2_PLACEMENT_3D('',#2586,#2587,#2588);
#2586 = CARTESIAN_POINT('',(6.,27.8418,2.));
#2587 = DIRECTION('',(0.,0.,1.));
#2588 = DIRECTION('',(1.,0.,-0.));
#2589 = ADVANCED_FACE('',(#2590),#2608,.T.);
#2590 = FACE_BOUND('',#2591,.T.);
#2591 = EDGE_LOOP('',(#2592,#2600,#2601,#2602));
#2592 = ORIENTED_EDGE('',*,*,#2593,.F.);
#2593 = EDGE_CURVE('',#2571,#2594,#2596,.T.);
#2594 = VERTEX_POINT('',#2595);
#2595 = CARTESIAN_POINT('',(12.,27.8418,10.));
#2596 = LINE('',#2597,#2598);
#2597 = CARTESIAN_POINT('',(12.,27.8418,2.));
#2598 = VECTOR('',#2599,1.);
#2599 = DIRECTION('',(0.,0.,1.));
#2600 = ORIENTED_EDGE('',*,*,#2578,.T.);
#2601 = ORIENTED_EDGE('',*,*,#2062,.T.);
#2602 = ORIENTED_EDGE('',*,*,#2603,.F.);
#2603 = EDGE_CURVE('',#2594,#2063,#2604,.T.);
#2604 = LINE('',#2605,#2606);
#2605 = CARTESIAN_POINT('',(12.,27.8418,10.));
#2606 = VECTOR('',#2607,1.);
#2607 = DIRECTION('',(-0.,1.,0.));
#2608 = PLANE('',#2609);
#2609 = AXIS2_PLACEMENT_3D('',#2610,#2611,#2612);
#2610 = CARTESIAN_POINT('',(12.,27.8418,2.));
#2611 = DIRECTION('',(1.,0.,-0.));
#2612 = DIRECTION('',(0.,0.,1.));
#2613 = ADVANCED_FACE('',(#2614),#2625,.T.);
#2614 = FACE_BOUND('',#2615,.T.);
#2615 = EDGE_LOOP('',(#2616,#2617,#2623,#2624));
#2616 = ORIENTED_EDGE('',*,*,#2555,.F.);
#2617 = ORIENTED_EDGE('',*,*,#2618,.T.);
#2618 = EDGE_CURVE('',#2541,#2594,#2619,.T.);
#2619 = LINE('',#2620,#2621);
#2620 = CARTESIAN_POINT('',(6.,27.8418,10.));
#2621 = VECTOR('',#2622,1.);
#2622 = DIRECTION('',(1.,0.,-0.));
#2623 = ORIENTED_EDGE('',*,*,#2603,.T.);
#2624 = ORIENTED_EDGE('',*,*,#2070,.F.);
#2625 = PLANE('',#2626);
#2626 = AXIS2_PLACEMENT_3D('',#2627,#2628,#2629);
#2627 = CARTESIAN_POINT('',(6.,27.8418,10.));
#2628 = DIRECTION('',(0.,0.,1.));
#2629 = DIRECTION('',(1.,0.,-0.));
#2630 = ADVANCED_FACE('',(#2631),#2642,.F.);
#2631 = FACE_BOUND('',#2632,.F.);
#2632 = EDGE_LOOP('',(#2633,#2634,#2635,#2636));
#2633 = ORIENTED_EDGE('',*,*,#2118,.T.);
#2634 = ORIENTED_EDGE('',*,*,#2151,.T.);
#2635 = ORIENTED_EDGE('',*,*,#2184,.F.);
#2636 = ORIENTED_EDGE('',*,*,#2637,.F.);
#2637 = EDGE_CURVE('',#2119,#2185,#2638,.T.);
#2638 = LINE('',#2639,#2640);
#2639 = CARTESIAN_POINT('',(103.,30.5,-3.));
#2640 = VECTOR('',#2641,1.);
#2641 = DIRECTION('',(0.,0.,1.));
#2642 = CYLINDRICAL_SURFACE('',#2643,1.5);
#2643 = AXIS2_PLACEMENT_3D('',#2644,#2645,#2646);
#2644 = CARTESIAN_POINT('',(101.5,30.5,-3.));
#2645 = DIRECTION('',(0.,0.,1.));
#2646 = DIRECTION('',(1.,0.,-0.));
#2647 = ADVANCED_FACE('',(#2648,#2659),#2693,.F.);
#2648 = FACE_BOUND('',#2649,.F.);
#2649 = EDGE_LOOP('',(#2650,#2651,#2652,#2653));
#2650 = ORIENTED_EDGE('',*,*,#2127,.F.);
#2651 = ORIENTED_EDGE('',*,*,#2637,.T.);
#2652 = ORIENTED_EDGE('',*,*,#2193,.F.);
#2653 = ORIENTED_EDGE('',*,*,#2654,.F.);
#2654 = EDGE_CURVE('',#2128,#2194,#2655,.T.);
#2655 = LINE('',#2656,#2657);
#2656 = CARTESIAN_POINT('',(103.,35.9,-3.));
#2657 = VECTOR('',#2658,1.);
#2658 = DIRECTION('',(0.,0.,1.));
#2659 = FACE_BOUND('',#2660,.F.);
#2660 = EDGE_LOOP('',(#2661,#2671,#2679,#2687));
#2661 = ORIENTED_EDGE('',*,*,#2662,.F.);
#2662 = EDGE_CURVE('',#2663,#2665,#2667,.T.);
#2663 = VERTEX_POINT('',#2664);
#2664 = CARTESIAN_POINT('',(103.,0.,-8.));
#2665 = VERTEX_POINT('',#2666);
#2666 = CARTESIAN_POINT('',(103.,0.,24.));
#2667 = LINE('',#2668,#2669);
#2668 = CARTESIAN_POINT('',(103.,0.,-8.));
#2669 = VECTOR('',#2670,1.);
#2670 = DIRECTION('',(0.,0.,1.));
#2671 = ORIENTED_EDGE('',*,*,#2672,.T.);
#2672 = EDGE_CURVE('',#2663,#2673,#2675,.T.);
#2673 = VERTEX_POINT('',#2674);
#2674 = CARTESIAN_POINT('',(103.,40.,-8.));
#2675 = LINE('',#2676,#2677);
#2676 = CARTESIAN_POINT('',(103.,0.,-8.));
#2677 = VECTOR('',#2678,1.);
#2678 = DIRECTION('',(-0.,1.,0.));
#2679 = ORIENTED_EDGE('',*,*,#2680,.T.);
#2680 = EDGE_CURVE('',#2673,#2681,#2683,.T.);
#2681 = VERTEX_POINT('',#2682);
#2682 = CARTESIAN_POINT('',(103.,40.,24.));
#2683 = LINE('',#2684,#2685);
#2684 = CARTESIAN_POINT('',(103.,40.,-8.));
#2685 = VECTOR('',#2686,1.);
#2686 = DIRECTION('',(0.,0.,1.));
#2687 = ORIENTED_EDGE('',*,*,#2688,.F.);
#2688 = EDGE_CURVE('',#2665,#2681,#2689,.T.);
#2689 = LINE('',#2690,#2691);
#2690 = CARTESIAN_POINT('',(103.,0.,24.));
#2691 = VECTOR('',#2692,1.);
#2692 = DIRECTION('',(-0.,1.,0.));
#2693 = PLANE('',#2694);
#2694 = AXIS2_PLACEMENT_3D('',#2695,#2696,#2697);
#2695 = CARTESIAN_POINT('',(103.,0.,-8.));
#2696 = DIRECTION('',(1.,0.,-0.));
#2697 = DIRECTION('',(0.,0.,1.));
#2698 = ADVANCED_FACE('',(#2699),#2705,.F.);
#2699 = FACE_BOUND('',#2700,.F.);
#2700 = EDGE_LOOP('',(#2701,#2702,#2703,#2704));
#2701 = ORIENTED_EDGE('',*,*,#2654,.T.);
#2702 = ORIENTED_EDGE('',*,*,#2201,.T.);
#2703 = ORIENTED_EDGE('',*,*,#2217,.F.);
#2704 = ORIENTED_EDGE('',*,*,#2135,.F.);
#2705 = CYLINDRICAL_SURFACE('',#2706,1.5);
#2706 = AXIS2_PLACEMENT_3D('',#2707,#2708,#2709);
#2707 = CARTESIAN_POINT('',(101.5,35.9,-3.));
#2708 = DIRECTION('',(0.,0.,1.));
#2709 = DIRECTION('',(1.,0.,-0.));
#2710 = ADVANCED_FACE('',(#2711),#2717,.F.);
#2711 = FACE_BOUND('',#2712,.F.);
#2712 = EDGE_LOOP('',(#2713,#2714,#2715,#2716));
#2713 = ORIENTED_EDGE('',*,*,#2332,.F.);
#2714 = ORIENTED_EDGE('',*,*,#2366,.T.);
#2715 = ORIENTED_EDGE('',*,*,#2391,.T.);
#2716 = ORIENTED_EDGE('',*,*,#2425,.F.);
#2717 = PLANE('',#2718);
#2718 = AXIS2_PLACEMENT_3D('',#2719,#2720,#2721);
#2719 = CARTESIAN_POINT('',(-121.,0.,-8.));
#2720 = DIRECTION('',(1.,0.,-0.));
#2721 = DIRECTION('',(0.,0.,1.));
#2722 = ADVANCED_FACE('',(#2723),#2734,.F.);
#2723 = FACE_BOUND('',#2724,.F.);
#2724 = EDGE_LOOP('',(#2725,#2726,#2732,#2733));
#2725 = ORIENTED_EDGE('',*,*,#2408,.F.);
#2726 = ORIENTED_EDGE('',*,*,#2727,.F.);
#2727 = EDGE_CURVE('',#2350,#2409,#2728,.T.);
#2728 = LINE('',#2729,#2730);
#2729 = CARTESIAN_POINT('',(-111.,-2.,8.95));
#2730 = VECTOR('',#2731,1.);
#2731 = DIRECTION('',(0.,1.,0.));
#2732 = ORIENTED_EDGE('',*,*,#2349,.T.);
#2733 = ORIENTED_EDGE('',*,*,#2727,.T.);
#2734 = CYLINDRICAL_SURFACE('',#2735,2.6);
#2735 = AXIS2_PLACEMENT_3D('',#2736,#2737,#2738);
#2736 = CARTESIAN_POINT('',(-111.,-2.,6.35));
#2737 = DIRECTION('',(0.,1.,0.));
#2738 = DIRECTION('',(0.,-0.,1.));
#2739 = ADVANCED_FACE('',(#2740),#2746,.T.);
#2740 = FACE_BOUND('',#2741,.T.);
#2741 = EDGE_LOOP('',(#2742,#2743,#2744,#2745));
#2742 = ORIENTED_EDGE('',*,*,#2483,.F.);
#2743 = ORIENTED_EDGE('',*,*,#2451,.T.);
#2744 = ORIENTED_EDGE('',*,*,#2524,.T.);
#2745 = ORIENTED_EDGE('',*,*,#2499,.F.);
#2746 = PLANE('',#2747);
#2747 = AXIS2_PLACEMENT_3D('',#2748,#2749,#2750);
#2748 = CARTESIAN_POINT('',(21.,5.2,0.));
#2749 = DIRECTION('',(0.,0.,1.));
#2750 = DIRECTION('',(1.,0.,-0.));
#2751 = ADVANCED_FACE('',(#2752),#2758,.F.);
#2752 = FACE_BOUND('',#2753,.F.);
#2753 = EDGE_LOOP('',(#2754,#2755,#2756,#2757));
#2754 = ORIENTED_EDGE('',*,*,#2570,.F.);
#2755 = ORIENTED_EDGE('',*,*,#2538,.T.);
#2756 = ORIENTED_EDGE('',*,*,#2618,.T.);
#2757 = ORIENTED_EDGE('',*,*,#2593,.F.);
#2758 = PLANE('',#2759);
#2759 = AXIS2_PLACEMENT_3D('',#2760,#2761,#2762);
#2760 = CARTESIAN_POINT('',(6.,27.8418,2.));
#2761 = DIRECTION('',(-0.,1.,0.));
#2762 = DIRECTION('',(0.,0.,1.));
#2763 = ADVANCED_FACE('',(#2764,#2789),#2800,.F.);
#2764 = FACE_BOUND('',#2765,.F.);
#2765 = EDGE_LOOP('',(#2766,#2774,#2775,#2783));
#2766 = ORIENTED_EDGE('',*,*,#2767,.F.);
#2767 = EDGE_CURVE('',#2663,#2768,#2770,.T.);
#2768 = VERTEX_POINT('',#2769);
#2769 = CARTESIAN_POINT('',(121.,0.,-8.));
#2770 = LINE('',#2771,#2772);
#2771 = CARTESIAN_POINT('',(103.,0.,-8.));
#2772 = VECTOR('',#2773,1.);
#2773 = DIRECTION('',(1.,0.,-0.));
#2774 = ORIENTED_EDGE('',*,*,#2662,.T.);
#2775 = ORIENTED_EDGE('',*,*,#2776,.T.);
#2776 = EDGE_CURVE('',#2665,#2777,#2779,.T.);
#2777 = VERTEX_POINT('',#2778);
#2778 = CARTESIAN_POINT('',(121.,0.,24.));
#2779 = LINE('',#2780,#2781);
#2780 = CARTESIAN_POINT('',(103.,0.,24.));
#2781 = VECTOR('',#2782,1.);
#2782 = DIRECTION('',(1.,0.,-0.));
#2783 = ORIENTED_EDGE('',*,*,#2784,.F.);
#2784 = EDGE_CURVE('',#2768,#2777,#2785,.T.);
#2785 = LINE('',#2786,#2787);
#2786 = CARTESIAN_POINT('',(121.,0.,-8.));
#2787 = VECTOR('',#2788,1.);
#2788 = DIRECTION('',(0.,0.,1.));
#2789 = FACE_BOUND('',#2790,.F.);
#2790 = EDGE_LOOP('',(#2791));
#2791 = ORIENTED_EDGE('',*,*,#2792,.F.);
#2792 = EDGE_CURVE('',#2793,#2793,#2795,.T.);
#2793 = VERTEX_POINT('',#2794);
#2794 = CARTESIAN_POINT('',(111.,0.,8.95));
#2795 = CIRCLE('',#2796,2.6);
#2796 = AXIS2_PLACEMENT_3D('',#2797,#2798,#2799);
#2797 = CARTESIAN_POINT('',(111.,0.,6.35));
#2798 = DIRECTION('',(0.,1.,0.));
#2799 = DIRECTION('',(0.,-0.,1.));
#2800 = PLANE('',#2801);
#2801 = AXIS2_PLACEMENT_3D('',#2802,#2803,#2804);
#2802 = CARTESIAN_POINT('',(103.,0.,-8.));
#2803 = DIRECTION('',(-0.,1.,0.));
#2804 = DIRECTION('',(0.,0.,1.));
#2805 = ADVANCED_FACE('',(#2806),#2824,.F.);
#2806 = FACE_BOUND('',#2807,.F.);
#2807 = EDGE_LOOP('',(#2808,#2809,#2810,#2818));
#2808 = ORIENTED_EDGE('',*,*,#2672,.F.);
#2809 = ORIENTED_EDGE('',*,*,#2767,.T.);
#2810 = ORIENTED_EDGE('',*,*,#2811,.T.);
#2811 = EDGE_CURVE('',#2768,#2812,#2814,.T.);
#2812 = VERTEX_POINT('',#2813);
#2813 = CARTESIAN_POINT('',(121.,40.,-8.));
#2814 = LINE('',#2815,#2816);
#2815 = CARTESIAN_POINT('',(121.,0.,-8.));
#2816 = VECTOR('',#2817,1.);
#2817 = DIRECTION('',(-0.,1.,0.));
#2818 = ORIENTED_EDGE('',*,*,#2819,.F.);
#2819 = EDGE_CURVE('',#2673,#2812,#2820,.T.);
#2820 = LINE('',#2821,#2822);
#2821 = CARTESIAN_POINT('',(103.,40.,-8.));
#2822 = VECTOR('',#2823,1.);
#2823 = DIRECTION('',(1.,0.,-0.));
#2824 = PLANE('',#2825);
#2825 = AXIS2_PLACEMENT_3D('',#2826,#2827,#2828);
#2826 = CARTESIAN_POINT('',(103.,0.,-8.));
#2827 = DIRECTION('',(0.,0.,1.));
#2828 = DIRECTION('',(1.,0.,-0.));
#2829 = ADVANCED_FACE('',(#2830,#2848),#2859,.T.);
#2830 = FACE_BOUND('',#2831,.T.);
#2831 = EDGE_LOOP('',(#2832,#2833,#2834,#2842));
#2832 = ORIENTED_EDGE('',*,*,#2819,.F.);
#2833 = ORIENTED_EDGE('',*,*,#2680,.T.);
#2834 = ORIENTED_EDGE('',*,*,#2835,.T.);
#2835 = EDGE_CURVE('',#2681,#2836,#2838,.T.);
#2836 = VERTEX_POINT('',#2837);
#2837 = CARTESIAN_POINT('',(121.,40.,24.));
#2838 = LINE('',#2839,#2840);
#2839 = CARTESIAN_POINT('',(103.,40.,24.));
#2840 = VECTOR('',#2841,1.);
#2841 = DIRECTION('',(1.,0.,-0.));
#2842 = ORIENTED_EDGE('',*,*,#2843,.F.);
#2843 = EDGE_CURVE('',#2812,#2836,#2844,.T.);
#2844 = LINE('',#2845,#2846);
#2845 = CARTESIAN_POINT('',(121.,40.,-8.));
#2846 = VECTOR('',#2847,1.);
#2847 = DIRECTION('',(0.,0.,1.));
#2848 = FACE_BOUND('',#2849,.T.);
#2849 = EDGE_LOOP('',(#2850));
#2850 = ORIENTED_EDGE('',*,*,#2851,.F.);
#2851 = EDGE_CURVE('',#2852,#2852,#2854,.T.);
#2852 = VERTEX_POINT('',#2853);
#2853 = CARTESIAN_POINT('',(111.,40.,8.95));
#2854 = CIRCLE('',#2855,2.6);
#2855 = AXIS2_PLACEMENT_3D('',#2856,#2857,#2858);
#2856 = CARTESIAN_POINT('',(111.,40.,6.35));
#2857 = DIRECTION('',(0.,1.,0.));
#2858 = DIRECTION('',(0.,-0.,1.));
#2859 = PLANE('',#2860);
#2860 = AXIS2_PLACEMENT_3D('',#2861,#2862,#2863);
#2861 = CARTESIAN_POINT('',(103.,40.,-8.));
#2862 = DIRECTION('',(-0.,1.,0.));
#2863 = DIRECTION('',(0.,0.,1.));
#2864 = ADVANCED_FACE('',(#2865),#2876,.T.);
#2865 = FACE_BOUND('',#2866,.T.);
#2866 = EDGE_LOOP('',(#2867,#2868,#2869,#2875));
#2867 = ORIENTED_EDGE('',*,*,#2688,.F.);
#2868 = ORIENTED_EDGE('',*,*,#2776,.T.);
#2869 = ORIENTED_EDGE('',*,*,#2870,.T.);
#2870 = EDGE_CURVE('',#2777,#2836,#2871,.T.);
#2871 = LINE('',#2872,#2873);
#2872 = CARTESIAN_POINT('',(121.,0.,24.));
#2873 = VECTOR('',#2874,1.);
#2874 = DIRECTION('',(-0.,1.,0.));
#2875 = ORIENTED_EDGE('',*,*,#2835,.F.);
#2876 = PLANE('',#2877);
#2877 = AXIS2_PLACEMENT_3D('',#2878,#2879,#2880);
#2878 = CARTESIAN_POINT('',(103.,0.,24.));
#2879 = DIRECTION('',(0.,0.,1.));
#2880 = DIRECTION('',(1.,0.,-0.));
#2881 = ADVANCED_FACE('',(#2882),#2888,.T.);
#2882 = FACE_BOUND('',#2883,.T.);
#2883 = EDGE_LOOP('',(#2884,#2885,#2886,#2887));
#2884 = ORIENTED_EDGE('',*,*,#2784,.F.);
#2885 = ORIENTED_EDGE('',*,*,#2811,.T.);
#2886 = ORIENTED_EDGE('',*,*,#2843,.T.);
#2887 = ORIENTED_EDGE('',*,*,#2870,.F.);
#2888 = PLANE('',#2889);
#2889 = AXIS2_PLACEMENT_3D('',#2890,#2891,#2892);
#2890 = CARTESIAN_POINT('',(121.,0.,-8.));
#2891 = DIRECTION('',(1.,0.,-0.));
#2892 = DIRECTION('',(0.,0.,1.));
#2893 = ADVANCED_FACE('',(#2894),#2905,.F.);
#2894 = FACE_BOUND('',#2895,.F.);
#2895 = EDGE_LOOP('',(#2896,#2897,#2903,#2904));
#2896 = ORIENTED_EDGE('',*,*,#2851,.F.);
#2897 = ORIENTED_EDGE('',*,*,#2898,.F.);
#2898 = EDGE_CURVE('',#2793,#2852,#2899,.T.);
#2899 = LINE('',#2900,#2901);
#2900 = CARTESIAN_POINT('',(111.,-2.,8.95));
#2901 = VECTOR('',#2902,1.);
#2902 = DIRECTION('',(0.,1.,0.));
#2903 = ORIENTED_EDGE('',*,*,#2792,.T.);
#2904 = ORIENTED_EDGE('',*,*,#2898,.T.);
#2905 = CYLINDRICAL_SURFACE('',#2906,2.6);
#2906 = AXIS2_PLACEMENT_3D('',#2907,#2908,#2909);
#2907 = CARTESIAN_POINT('',(111.,-2.,6.35));
#2908 = DIRECTION('',(0.,1.,0.));
#2909 = DIRECTION('',(0.,-0.,1.));
#2910 = ADVANCED_FACE('',(#2911,#2978,#2989,#3000,#3003),#3006,.T.);
#2911 = FACE_BOUND('',#2912,.T.);
#2912 = EDGE_LOOP('',(#2913,#2914,#2915,#2916,#2917,#2918,#2919,#2920,
    #2921,#2922,#2923,#2924,#2932,#2940,#2948,#2956,#2962,#2963,#2964,
    #2965,#2966,#2967,#2968,#2969,#2970,#2971,#2972,#2973,#2974,#2975,
    #2976,#2977));
#2913 = ORIENTED_EDGE('',*,*,#21,.T.);
#2914 = ORIENTED_EDGE('',*,*,#95,.T.);
#2915 = ORIENTED_EDGE('',*,*,#125,.T.);
#2916 = ORIENTED_EDGE('',*,*,#158,.F.);
#2917 = ORIENTED_EDGE('',*,*,#213,.T.);
#2918 = ORIENTED_EDGE('',*,*,#243,.F.);
#2919 = ORIENTED_EDGE('',*,*,#275,.T.);
#2920 = ORIENTED_EDGE('',*,*,#305,.T.);
#2921 = ORIENTED_EDGE('',*,*,#353,.T.);
#2922 = ORIENTED_EDGE('',*,*,#409,.T.);
#2923 = ORIENTED_EDGE('',*,*,#441,.T.);
#2924 = ORIENTED_EDGE('',*,*,#2925,.T.);
#2925 = EDGE_CURVE('',#442,#2926,#2928,.T.);
#2926 = VERTEX_POINT('',#2927);
#2927 = CARTESIAN_POINT('',(-12.,53.2,-4.5));
#2928 = LINE('',#2929,#2930);
#2929 = CARTESIAN_POINT('',(-18.,53.2,-4.5));
#2930 = VECTOR('',#2931,1.);
#2931 = DIRECTION('',(1.,0.,-0.));
#2932 = ORIENTED_EDGE('',*,*,#2933,.T.);
#2933 = EDGE_CURVE('',#2926,#2934,#2936,.T.);
#2934 = VERTEX_POINT('',#2935);
#2935 = CARTESIAN_POINT('',(-12.,39.2,-4.5));
#2936 = LINE('',#2937,#2938);
#2937 = CARTESIAN_POINT('',(-12.,30.665706773302,-4.5));
#2938 = VECTOR('',#2939,1.);
#2939 = DIRECTION('',(0.,-1.,0.));
#2940 = ORIENTED_EDGE('',*,*,#2941,.T.);
#2941 = EDGE_CURVE('',#2934,#2942,#2944,.T.);
#2942 = VERTEX_POINT('',#2943);
#2943 = CARTESIAN_POINT('',(-11.2,39.2,-4.5));
#2944 = LINE('',#2945,#2946);
#2945 = CARTESIAN_POINT('',(-12.,39.2,-4.5));
#2946 = VECTOR('',#2947,1.);
#2947 = DIRECTION('',(1.,0.,-0.));
#2948 = ORIENTED_EDGE('',*,*,#2949,.T.);
#2949 = EDGE_CURVE('',#2942,#2950,#2952,.T.);
#2950 = VERTEX_POINT('',#2951);
#2951 = CARTESIAN_POINT('',(-11.2,53.2,-4.5));
#2952 = LINE('',#2953,#2954);
#2953 = CARTESIAN_POINT('',(-11.2,39.2,-4.5));
#2954 = VECTOR('',#2955,1.);
#2955 = DIRECTION('',(-0.,1.,0.));
#2956 = ORIENTED_EDGE('',*,*,#2957,.T.);
#2957 = EDGE_CURVE('',#2950,#1334,#2958,.T.);
#2958 = LINE('',#2959,#2960);
#2959 = CARTESIAN_POINT('',(-18.,53.2,-4.5));
#2960 = VECTOR('',#2961,1.);
#2961 = DIRECTION('',(1.,0.,-0.));
#2962 = ORIENTED_EDGE('',*,*,#1333,.F.);
#2963 = ORIENTED_EDGE('',*,*,#1363,.T.);
#2964 = ORIENTED_EDGE('',*,*,#1418,.F.);
#2965 = ORIENTED_EDGE('',*,*,#1467,.T.);
#2966 = ORIENTED_EDGE('',*,*,#1508,.F.);
#2967 = ORIENTED_EDGE('',*,*,#1529,.F.);
#2968 = ORIENTED_EDGE('',*,*,#1293,.F.);
#2969 = ORIENTED_EDGE('',*,*,#1097,.F.);
#2970 = ORIENTED_EDGE('',*,*,#1136,.T.);
#2971 = ORIENTED_EDGE('',*,*,#1193,.T.);
#2972 = ORIENTED_EDGE('',*,*,#1233,.T.);
#2973 = ORIENTED_EDGE('',*,*,#1263,.F.);
#2974 = ORIENTED_EDGE('',*,*,#1048,.F.);
#2975 = ORIENTED_EDGE('',*,*,#519,.F.);
#2976 = ORIENTED_EDGE('',*,*,#496,.F.);
#2977 = ORIENTED_EDGE('',*,*,#566,.T.);
#2978 = FACE_BOUND('',#2979,.T.);
#2979 = EDGE_LOOP('',(#2980));
#2980 = ORIENTED_EDGE('',*,*,#2981,.T.);
#2981 = EDGE_CURVE('',#2982,#2982,#2984,.T.);
#2982 = VERTEX_POINT('',#2983);
#2983 = CARTESIAN_POINT('',(8.7,46.2,-4.5));
#2984 = CIRCLE('',#2985,2.7);
#2985 = AXIS2_PLACEMENT_3D('',#2986,#2987,#2988);
#2986 = CARTESIAN_POINT('',(6.,46.2,-4.5));
#2987 = DIRECTION('',(0.,0.,1.));
#2988 = DIRECTION('',(1.,0.,-0.));
#2989 = FACE_BOUND('',#2990,.T.);
#2990 = EDGE_LOOP('',(#2991));
#2991 = ORIENTED_EDGE('',*,*,#2992,.T.);
#2992 = EDGE_CURVE('',#2993,#2993,#2995,.T.);
#2993 = VERTEX_POINT('',#2994);
#2994 = CARTESIAN_POINT('',(-3.3,46.2,-4.5));
#2995 = CIRCLE('',#2996,2.7);
#2996 = AXIS2_PLACEMENT_3D('',#2997,#2998,#2999);
#2997 = CARTESIAN_POINT('',(-6.,46.2,-4.5));
#2998 = DIRECTION('',(0.,0.,1.));
#2999 = DIRECTION('',(1.,0.,-0.));
#3000 = FACE_BOUND('',#3001,.T.);
#3001 = EDGE_LOOP('',(#3002));
#3002 = ORIENTED_EDGE('',*,*,#888,.T.);
#3003 = FACE_BOUND('',#3004,.T.);
#3004 = EDGE_LOOP('',(#3005));
#3005 = ORIENTED_EDGE('',*,*,#2272,.T.);
#3006 = PLANE('',#3007);
#3007 = AXIS2_PLACEMENT_3D('',#3008,#3009,#3010);
#3008 = CARTESIAN_POINT('',(-0.502600422657,27.657862544541,-4.5));
#3009 = DIRECTION('',(-0.,-0.,-1.));
#3010 = DIRECTION('',(-1.,0.,0.));
#3011 = ADVANCED_FACE('',(#3012),#3037,.T.);
#3012 = FACE_BOUND('',#3013,.T.);
#3013 = EDGE_LOOP('',(#3014,#3022,#3023,#3031));
#3014 = ORIENTED_EDGE('',*,*,#3015,.F.);
#3015 = EDGE_CURVE('',#2934,#3016,#3018,.T.);
#3016 = VERTEX_POINT('',#3017);
#3017 = CARTESIAN_POINT('',(-12.,39.2,5.5));
#3018 = LINE('',#3019,#3020);
#3019 = CARTESIAN_POINT('',(-12.,39.2,-4.5));
#3020 = VECTOR('',#3021,1.);
#3021 = DIRECTION('',(0.,0.,1.));
#3022 = ORIENTED_EDGE('',*,*,#2933,.F.);
#3023 = ORIENTED_EDGE('',*,*,#3024,.F.);
#3024 = EDGE_CURVE('',#3025,#2926,#3027,.T.);
#3025 = VERTEX_POINT('',#3026);
#3026 = CARTESIAN_POINT('',(-12.,53.2,5.5));
#3027 = LINE('',#3028,#3029);
#3028 = CARTESIAN_POINT('',(-12.,53.2,-5.));
#3029 = VECTOR('',#3030,1.);
#3030 = DIRECTION('',(-0.,0.,-1.));
#3031 = ORIENTED_EDGE('',*,*,#3032,.F.);
#3032 = EDGE_CURVE('',#3016,#3025,#3033,.T.);
#3033 = LINE('',#3034,#3035);
#3034 = CARTESIAN_POINT('',(-12.,34.7,5.5));
#3035 = VECTOR('',#3036,1.);
#3036 = DIRECTION('',(-0.,1.,0.));
#3037 = PLANE('',#3038);
#3038 = AXIS2_PLACEMENT_3D('',#3039,#3040,#3041);
#3039 = CARTESIAN_POINT('',(-12.,34.7,-5.5));
#3040 = DIRECTION('',(1.,0.,-0.));
#3041 = DIRECTION('',(0.,0.,1.));
#3042 = ADVANCED_FACE('',(#3043),#3061,.T.);
#3043 = FACE_BOUND('',#3044,.T.);
#3044 = EDGE_LOOP('',(#3045,#3046,#3047,#3055));
#3045 = ORIENTED_EDGE('',*,*,#2941,.F.);
#3046 = ORIENTED_EDGE('',*,*,#3015,.T.);
#3047 = ORIENTED_EDGE('',*,*,#3048,.T.);
#3048 = EDGE_CURVE('',#3016,#3049,#3051,.T.);
#3049 = VERTEX_POINT('',#3050);
#3050 = CARTESIAN_POINT('',(-11.2,39.2,5.5));
#3051 = LINE('',#3052,#3053);
#3052 = CARTESIAN_POINT('',(-12.,39.2,5.5));
#3053 = VECTOR('',#3054,1.);
#3054 = DIRECTION('',(1.,0.,-0.));
#3055 = ORIENTED_EDGE('',*,*,#3056,.F.);
#3056 = EDGE_CURVE('',#2942,#3049,#3057,.T.);
#3057 = LINE('',#3058,#3059);
#3058 = CARTESIAN_POINT('',(-11.2,39.2,-4.5));
#3059 = VECTOR('',#3060,1.);
#3060 = DIRECTION('',(0.,0.,1.));
#3061 = PLANE('',#3062);
#3062 = AXIS2_PLACEMENT_3D('',#3063,#3064,#3065);
#3063 = CARTESIAN_POINT('',(-12.,39.2,-4.5));
#3064 = DIRECTION('',(-0.,1.,0.));
#3065 = DIRECTION('',(0.,0.,1.));
#3066 = ADVANCED_FACE('',(#3067),#3085,.T.);
#3067 = FACE_BOUND('',#3068,.T.);
#3068 = EDGE_LOOP('',(#3069,#3077,#3078,#3079));
#3069 = ORIENTED_EDGE('',*,*,#3070,.F.);
#3070 = EDGE_CURVE('',#3049,#3071,#3073,.T.);
#3071 = VERTEX_POINT('',#3072);
#3072 = CARTESIAN_POINT('',(-11.2,53.2,5.5));
#3073 = LINE('',#3074,#3075);
#3074 = CARTESIAN_POINT('',(-11.2,39.2,5.5));
#3075 = VECTOR('',#3076,1.);
#3076 = DIRECTION('',(-0.,1.,0.));
#3077 = ORIENTED_EDGE('',*,*,#3048,.F.);
#3078 = ORIENTED_EDGE('',*,*,#3032,.T.);
#3079 = ORIENTED_EDGE('',*,*,#3080,.T.);
#3080 = EDGE_CURVE('',#3025,#3071,#3081,.T.);
#3081 = LINE('',#3082,#3083);
#3082 = CARTESIAN_POINT('',(-12.,53.2,5.5));
#3083 = VECTOR('',#3084,1.);
#3084 = DIRECTION('',(1.,0.,-0.));
#3085 = PLANE('',#3086);
#3086 = AXIS2_PLACEMENT_3D('',#3087,#3088,#3089);
#3087 = CARTESIAN_POINT('',(8.764918615462E-17,46.2,5.5));
#3088 = DIRECTION('',(-0.,-0.,-1.));
#3089 = DIRECTION('',(-1.,0.,0.));
#3090 = ADVANCED_FACE('',(#3091),#3102,.F.);
#3091 = FACE_BOUND('',#3092,.F.);
#3092 = EDGE_LOOP('',(#3093,#3094,#3095,#3101));
#3093 = ORIENTED_EDGE('',*,*,#3056,.F.);
#3094 = ORIENTED_EDGE('',*,*,#2949,.T.);
#3095 = ORIENTED_EDGE('',*,*,#3096,.T.);
#3096 = EDGE_CURVE('',#2950,#3071,#3097,.T.);
#3097 = LINE('',#3098,#3099);
#3098 = CARTESIAN_POINT('',(-11.2,53.2,-4.5));
#3099 = VECTOR('',#3100,1.);
#3100 = DIRECTION('',(0.,0.,1.));
#3101 = ORIENTED_EDGE('',*,*,#3070,.F.);
#3102 = PLANE('',#3103);
#3103 = AXIS2_PLACEMENT_3D('',#3104,#3105,#3106);
#3104 = CARTESIAN_POINT('',(-11.2,39.2,-4.5));
#3105 = DIRECTION('',(1.,0.,-0.));
#3106 = DIRECTION('',(0.,0.,1.));
#3107 = ADVANCED_FACE('',(#3108),#3122,.T.);
#3108 = FACE_BOUND('',#3109,.T.);
#3109 = EDGE_LOOP('',(#3110,#3111,#3112,#3113,#3114,#3115,#3116,#3117,
    #3118,#3119,#3120,#3121));
#3110 = ORIENTED_EDGE('',*,*,#2925,.F.);
#3111 = ORIENTED_EDGE('',*,*,#449,.T.);
#3112 = ORIENTED_EDGE('',*,*,#598,.T.);
#3113 = ORIENTED_EDGE('',*,*,#543,.F.);
#3114 = ORIENTED_EDGE('',*,*,#1551,.T.);
#3115 = ORIENTED_EDGE('',*,*,#1579,.F.);
#3116 = ORIENTED_EDGE('',*,*,#1620,.T.);
#3117 = ORIENTED_EDGE('',*,*,#1341,.F.);
#3118 = ORIENTED_EDGE('',*,*,#2957,.F.);
#3119 = ORIENTED_EDGE('',*,*,#3096,.T.);
#3120 = ORIENTED_EDGE('',*,*,#3080,.F.);
#3121 = ORIENTED_EDGE('',*,*,#3024,.T.);
#3122 = PLANE('',#3123);
#3123 = AXIS2_PLACEMENT_3D('',#3124,#3125,#3126);
#3124 = CARTESIAN_POINT('',(0.118421052632,53.2,5.486842105263));
#3125 = DIRECTION('',(0.,1.,0.));
#3126 = DIRECTION('',(0.,-0.,1.));
#3127 = ADVANCED_FACE('',(#3128),#3138,.F.);
#3128 = FACE_BOUND('',#3129,.F.);
#3129 = EDGE_LOOP('',(#3130,#3131,#3136,#3137));
#3130 = ORIENTED_EDGE('',*,*,#634,.F.);
#3131 = ORIENTED_EDGE('',*,*,#3132,.F.);
#3132 = EDGE_CURVE('',#2982,#635,#3133,.T.);
#3133 = B_SPLINE_CURVE_WITH_KNOTS('',1,(#3134,#3135),.UNSPECIFIED.,.F.,
  .F.,(2,2),(9.5,29.5),.PIECEWISE_BEZIER_KNOTS.);
#3134 = CARTESIAN_POINT('',(8.7,46.2,-4.5));
#3135 = CARTESIAN_POINT('',(8.7,46.2,15.5));
#3136 = ORIENTED_EDGE('',*,*,#2981,.T.);
#3137 = ORIENTED_EDGE('',*,*,#3132,.T.);
#3138 = CYLINDRICAL_SURFACE('',#3139,2.7);
#3139 = AXIS2_PLACEMENT_3D('',#3140,#3141,#3142);
#3140 = CARTESIAN_POINT('',(6.,46.2,-14.));
#3141 = DIRECTION('',(0.,0.,1.));
#3142 = DIRECTION('',(1.,0.,-0.));
#3143 = ADVANCED_FACE('',(#3144),#3154,.F.);
#3144 = FACE_BOUND('',#3145,.F.);
#3145 = EDGE_LOOP('',(#3146,#3147,#3152,#3153));
#3146 = ORIENTED_EDGE('',*,*,#623,.F.);
#3147 = ORIENTED_EDGE('',*,*,#3148,.F.);
#3148 = EDGE_CURVE('',#2993,#624,#3149,.T.);
#3149 = B_SPLINE_CURVE_WITH_KNOTS('',1,(#3150,#3151),.UNSPECIFIED.,.F.,
  .F.,(2,2),(9.5,29.5),.PIECEWISE_BEZIER_KNOTS.);
#3150 = CARTESIAN_POINT('',(-3.3,46.2,-4.5));
#3151 = CARTESIAN_POINT('',(-3.3,46.2,15.5));
#3152 = ORIENTED_EDGE('',*,*,#2992,.T.);
#3153 = ORIENTED_EDGE('',*,*,#3148,.T.);
#3154 = CYLINDRICAL_SURFACE('',#3155,2.7);
#3155 = AXIS2_PLACEMENT_3D('',#3156,#3157,#3158);
#3156 = CARTESIAN_POINT('',(-6.,46.2,-14.));
#3157 = DIRECTION('',(0.,0.,1.));
#3158 = DIRECTION('',(1.,0.,-0.));
#3159 = ( GEOMETRIC_REPRESENTATION_CONTEXT(3) 
GLOBAL_UNCERTAINTY_ASSIGNED_CONTEXT((#3163)) 
GLOBAL_UNIT_ASSIGNED_CONTEXT((#3160,#3161,#3162)) REPRESENTATION_CONTEXT
('Context #1','3D Context with UNIT and UNCERTAINTY') );
#3160 = ( LENGTH_UNIT() NAMED_UNIT(*) SI_UNIT(.MILLI.,.METRE.) );
#3161 = ( NAMED_UNIT(*) PLANE_ANGLE_UNIT() SI_UNIT($,.RADIAN.) );
#3162 = ( NAMED_UNIT(*) SI_UNIT($,.STERADIAN.) SOLID_ANGLE_UNIT() );
#3163 = UNCERTAINTY_MEASURE_WITH_UNIT(LENGTH_MEASURE(2.E-07),#3160,
  'distance_accuracy_value','confusion accuracy');
#3164 = PRODUCT_RELATED_PRODUCT_CATEGORY('part',$,(#7));
ENDSEC;
END-ISO-10303-21;
